level,target,feature,category,n,pearson_r,p_raw,ci_lo,ci_hi,q_fdr
SCALED,LANGUAGE_ST_SCALED_SUM,BASIC_Q_BFI_Agreeableness,Q,425,-0.07988847278145718,0.1000271163584397,-0.17369139171640494,0.015351020700654737,0.1333694884779196
SCALED,LANGUAGE_ST_SCALED_SUM,BASIC_Q_BFI_Conscientiousness,Q,425,-0.2093766263760365,1.348840398052644e-05,-0.2985533271045196,-0.11657556577247094,2.7527355062298857e-05
SCALED,LANGUAGE_ST_SCALED_SUM,BASIC_Q_BFI_EmotionalStability,Q,425,-0.13164754438879658,0.006571185614603549,-0.22396572916506327,-0.03698789452607795,0.010258394015596646
SCALED,LANGUAGE_ST_SCALED_SUM,BASIC_Q_BFI_Extraversion,Q,423,0.012563667763085798,0.7966831768830163,-0.08288329929292772,0.10778223341800044,0.829878309253142
SCALED,LANGUAGE_ST_SCALED_SUM,BASIC_Q_BFI_Intellect,Q,425,0.09852251235975568,0.04235115392709268,0.0034318369206624184,0.1918474058944385,0.05882104712096206
SCALED,LANGUAGE_ST_SCALED_SUM,BASIC_Q_Beck_Anxiety,Q,425,0.047888200018693046,0.32467412719289124,-0.047450788455840165,0.14236253915369837,0.39117364722035086
SCALED,LANGUAGE_ST_SCALED_SUM,BASIC_Q_Beck_Depression,Q,425,0.11906898292656772,0.014042118198556207,0.02422047059943124,0.21179301493952918,0.020958385370979417
SCALED,LANGUAGE_ST_SCALED_SUM,BASIC_Q_CogFailure_Sum,Q,425,-0.034709677720554326,0.4754337556865056,-0.12940526029290242,0.06061328586317437,0.5167758213983756
SCALED,LANGUAGE_ST_SCALED_SUM,BASIC_Q_EHI_Sum,Q,425,-0.1052110401713169,0.030111915908007526,-0.19834880843688626,-0.01019018554434929,0.04301702272572504
SCALED,LANGUAGE_ST_SCALED_SUM,BASIC_Q_IPAQ_MET,Q,425,-0.13141509900415485,0.006667956110137821,-0.2237410445437749,-0.03675167847007932,0.010258394015596646
SCALED,LANGUAGE_ST_SCALED_SUM,BASIC_Q_MOCA_SUM,Q,427,0.1773532657198449,0.00023021483947697927,0.08386520115700072,0.26774647056740536,0.00041857243541268955
SCALED,LANGUAGE_ST_SCALED_SUM,BASIC_Q_MSPSS_Sum,Q,425,0.005916408308200025,0.903206527321313,-0.0892566617767742,0.10098241459044027,0.9123298255770839
SCALED,LANGUAGE_ST_SCALED_SUM,BASIC_Q_PSQI_DaytimeDysfunc,Q,425,0.15168598313877166,0.0017124466069892384,0.0573912320891624,0.24329831781433353,0.0028072895196544893
SCALED,LANGUAGE_ST_SCALED_SUM,BASIC_Q_PSQI_SleepDisturbance,Q,425,-0.06752368536324592,0.16467378837031096,-0.1616085044626419,0.027777568925598385,0.20844783338014045
SCALED,LANGUAGE_ST_SCALED_SUM,BASIC_Q_PSQI_SleepDuration,Q,425,-0.0304564183638345,0.5312026360587074,-0.12521649127475762,0.06485430884109958,0.5711856301706532
SCALED,LANGUAGE_ST_SCALED_SUM,BASIC_Q_PSQI_SleepEfficiency,Q,425,-0.08839388983527793,0.06868522301572866,-0.18198653425446853,0.006786006517293115,0.09408934659688857
SCALED,LANGUAGE_ST_SCALED_SUM,BASIC_Q_PSQI_SleepLatency,Q,425,-0.022544312916697912,0.6430396815281638,-0.11741535587520543,0.07273450242343735,0.676883875292804
SCALED,LANGUAGE_ST_SCALED_SUM,BASIC_Q_PSQI_SleepMedication,Q,425,-0.16726923542913916,0.0005349566809887391,-0.2582825080548045,-0.07331288818289669,0.0009552797874798913
SCALED,LANGUAGE_ST_SCALED_SUM,BASIC_Q_PSQI_SleepQuality,Q,423,0.02530219051029183,0.603807858487618,-0.07021488303558751,0.12035950236831273,0.6423487856251255
SCALED,LANGUAGE_ST_SCALED_SUM,BASIC_Q_PSQI_Sum,Q,425,-0.04437875795493635,0.3614283680366345,-0.1389151745243402,0.05095920064196885,0.41543490578923503
SCALED,LANGUAGE_ST_SCALED_SUM,BASIC_Q_SF36_EmotionalLimit,Q,425,-0.04101357360932112,0.39901528041474915,-0.13560736260116998,0.05432118886472461,0.4483317757469092
SCALED,LANGUAGE_ST_SCALED_SUM,BASIC_Q_SF36_EmotionalWell,Q,425,-0.17942500093733332,0.0002005958672509975,-0.2699406495055953,-0.08576596657734814,0.00037147382824258794
SCALED,LANGUAGE_ST_SCALED_SUM,BASIC_Q_SF36_Energy,Q,425,-0.24038361835863628,5.310015351587023e-07,-0.32800627383686987,-0.14866003686157994,1.3275038378967557e-06
SCALED,LANGUAGE_ST_SCALED_SUM,BASIC_Q_SF36_GeneralHealth,Q,425,-0.011589004729368208,0.8117121614373884,-0.10659433509681908,0.08362602056663428,0.8368166612756582
SCALED,LANGUAGE_ST_SCALED_SUM,BASIC_Q_SF36_Mental,Q,425,-0.13708256976191976,0.004639069697566998,-0.2292164970193109,-0.042514102456908294,0.0073636026945507905
SCALED,LANGUAGE_ST_SCALED_SUM,BASIC_Q_SF36_Pain,Q,425,0.0458467617686498,0.3457487163880983,-0.04949191385976739,0.14035749008243711,0.40203339114895154
SCALED,LANGUAGE_ST_SCALED_SUM,BASIC_Q_SF36_Physical,Q,425,0.15835798233481108,0.0010539622167331866,0.06420225271693714,0.24971918494303713,0.0018069821349521258
SCALED,LANGUAGE_ST_SCALED_SUM,BASIC_Q_SF36_PhysicalFunct,Q,424,0.20583961616460297,1.9388841369491572e-05,0.11281610733686868,0.2952861379524696,3.8017336018610924e-05
SCALED,LANGUAGE_ST_SCALED_SUM,BASIC_Q_SF36_PhysicalLimit,Q,425,0.1284050285344122,0.008041534760126215,0.03369373452899876,0.2208305861206899,0.01218414357594881
SCALED,LANGUAGE_ST_SCALED_SUM,BASIC_Q_SF36_SocialFunc,Q,425,0.010217010642763034,0.8336565786369581,-0.08498842487228095,0.10523757102031406,0.8506699782009776
SCALED,LANGUAGE_ST_SCALED_SUM,LANGUAGE_ST_RAW_SIMILARITY,ST,427,-0.04636057669029247,0.33922398460058756,-0.1406413897597313,0.04875349797600693,0.39908704070657364
SCALED,LANGUAGE_ST_SCALED_SUM,LANGUAGE_ST_RAW_VOCABULARY,ST,427,-0.1576084426285385,0.0010841892805938866,-0.2487869217195637,-0.06366104039136086,0.0018069821349521258
SCALED,LANGUAGE_ST_SCALED_SUM,LANGUAGE_ST_RAW_INFORMATION,ST,427,-0.04998004254798539,0.3028208005291295,-0.14419568895604104,0.045133608809900555,0.3692936592020662
SCALED,LANGUAGE_ST_SCALED_SUM,LANGUAGE_ST_RAW_SUM,ST,427,-0.11434037666833534,0.01810042297718668,-0.20699389503534527,-0.01965406119321014,0.026618269084098062
SCALED,LANGUAGE_ST_SCALED_SUM,LANGUAGE_ST_SCALED_SIMILARITY,ST,427,-0.046360576694242046,0.3392239845593955,-0.1406413897636111,0.04875349797205825,0.39908704070657364
SCALED,LANGUAGE_ST_SCALED_SUM,LANGUAGE_ST_SCALED_VOCABULARY,ST,427,-0.15760844262384607,0.0010841892809712755,-0.2487869217150496,-0.06366104038656843,0.0018069821349521258
SCALED,LANGUAGE_ST_SCALED_SUM,LANGUAGE_ST_SCALED_INFORMATION,ST,427,-0.04998004254627536,0.30282080054569427,-0.1441956889543624,0.045133608811611374,0.3692936592020662
SCALED,LANGUAGE_ST_SCALED_SUM,LANGUAGE_ST_NORM_SIMILARITY,ST,427,-0.394141157350124,2.5444310443394135e-17,-0.4714082617638833,-0.31086928018903676,4.240718407232356e-16
SCALED,LANGUAGE_ST_SCALED_SUM,LANGUAGE_ST_NORM_VOCABULARY,ST,427,-0.3721564006945669,1.7879626464511257e-15,-0.45112343408707767,-0.2874073259991714,1.787962646451126e-14
SCALED,LANGUAGE_ST_SCALED_SUM,LANGUAGE_ST_NORM_INFORMATION,ST,427,-0.3692800221353587,3.0464740410490466e-15,-0.44846341642787485,-0.28434518337775844,2.7695218554991333e-14
SCALED,LANGUAGE_ST_SCALED_SUM,LANGUAGE_ST_NORM_VCI,ST,427,-0.447470674995684,2.0551269151091087e-22,-0.5202768140954573,-0.3682069215801348,2.0551269151091088e-20
SCALED,LANGUAGE_ST_SCALED_SUM,LANGUAGE_ST_NORM_PR,ST,427,-0.38893200776528747,7.174988971043451e-17,-0.4666092789920198,-0.30530092860528063,1.0249984244347786e-15
SCALED,LANGUAGE_ST_SCALED_SUM,MEMORY_ST_NORM_AudImm,ST,425,-0.2671407965607555,2.2318688896502414e-08,-0.353286211027164,-0.1765031130905435,6.817511437424143e-08
SCALED,LANGUAGE_ST_SCALED_SUM,MEMORY_ST_NORM_VisImm,ST,425,-0.3259609289207554,5.6141021121319665e-12,-0.4084201570712443,-0.23822456017573057,2.6733819581580794e-11
SCALED,LANGUAGE_ST_SCALED_SUM,MEMORY_ST_NORM_ImmMem,ST,425,-0.33940218920013604,6.4365770142631e-13,-0.42093517709334666,-0.25242899621452897,3.5758761190350553e-12
SCALED,LANGUAGE_ST_SCALED_SUM,MEMORY_ST_NORM_WorMem,ST,425,-0.07477563716913412,0.12376655491405548,-0.1686985439475557,0.020492964364419993,0.16073578560266946
SCALED,LANGUAGE_ST_SCALED_SUM,MEMORY_ST_SCALED_ImmMem,ST,425,0.31729349153109043,2.1464288878248265e-11,0.22908486037217018,0.40033352007884226,9.332299512281855e-11
SCALED,LANGUAGE_ST_SCALED_SUM,MEMORY_ST_RAW_AudImm,ST,425,0.28552948992235133,2.0443663118422664e-09,0.19572255011956127,0.37058704442685225,7.301308256579523e-09
SCALED,LANGUAGE_ST_SCALED_SUM,MEMORY_ST_RAW_VisImm,ST,425,0.2739442326316174,9.408503365465093e-09,0.1836058612110101,0.35969403626513113,3.2443115053327906e-08
SCALED,LANGUAGE_ST_SCALED_SUM,MEMORY_ST_RAW_ImmMem,ST,425,0.31012946750082215,6.297215094182316e-11,0.22154221255716366,0.39363977633266517,2.623839622575965e-10
SCALED,LANGUAGE_ST_SCALED_SUM,MEMORY_ST_RAW_WorMem,ST,425,0.42794330217531357,2.3573028073875035e-20,0.3469435587943625,0.5026064481013339,5.893257018468759e-19
SCALED,LANGUAGE_ST_SCALED_SUM,MEMORY_ST_RAW_LogMemI,ST,425,0.21636256776532925,6.7725930982244725e-06,0.12378740119557456,0.3052039955207072,1.4109568954634318e-05
SCALED,LANGUAGE_ST_SCALED_SUM,MEMORY_ST_RAW_FacI,ST,425,0.26381460671712653,3.3752924285240244e-08,0.1730340221361356,0.350150490018281,9.643692652925783e-08
SCALED,LANGUAGE_ST_SCALED_SUM,MEMORY_ST_RAW_VerPairI,ST,425,0.29668076043909986,4.39702761576733e-10,0.20741130106553585,0.38104994356971333,1.6911644676028193e-09
SCALED,LANGUAGE_ST_SCALED_SUM,MEMORY_ST_RAW_FamPicI,ST,425,0.23056091406424017,1.5551797874692427e-06,0.138475057065245,0.3186942737736325,3.61669718016103e-06
SCALED,LANGUAGE_ST_SCALED_SUM,MEMORY_ST_RAW_LetNumSeq,ST,425,0.3658721688424342,6.583069078392216e-15,0.28051193146936404,0.4454906838656345,4.4648636456007373e-14
SCALED,LANGUAGE_ST_SCALED_SUM,MEMORY_ST_RAW_SpaForward,ST,425,0.2670769557331872,2.2497787743499672e-08,0.1764365083064767,0.3532260441545688,6.817511437424143e-08
SCALED,LANGUAGE_ST_SCALED_SUM,MEMORY_ST_RAW_SpaBackward,ST,425,0.32652032216818694,5.140987990643812e-12,0.23881496738371608,0.4089416214018069,2.570493995321906e-11
SCALED,LANGUAGE_ST_SCALED_SUM,MEMORY_ST_RAW_SpaTotal,ST,425,0.3654210181070665,7.14378183296118e-15,0.2800320624462191,0.445073164182182,4.4648636456007373e-14
SCALED,LANGUAGE_ST_SCALED_SUM,MEMORY_ST_SCALED_LogMemI,ST,425,0.2163625677718646,6.7725930937869194e-06,0.12378740120232581,0.3052039955269248,1.4109568954634318e-05
SCALED,LANGUAGE_ST_SCALED_SUM,MEMORY_ST_SCALED_FacI,ST,425,0.2638146067266868,3.3752924245386266e-08,0.17303402214610336,0.35015049002729665,9.643692652925783e-08
SCALED,LANGUAGE_ST_SCALED_SUM,MEMORY_ST_SCALED_VerPairI,ST,425,0.29668076043909986,4.39702761576733e-10,0.20741130106553585,0.38104994356971333,1.6911644676028193e-09
SCALED,LANGUAGE_ST_SCALED_SUM,MEMORY_ST_SCALED_FamPicI,ST,425,0.23056091406424015,1.5551797874692427e-06,0.13847505706524496,0.3186942737736325,3.61669718016103e-06
SCALED,LANGUAGE_ST_SCALED_SUM,MEMORY_ST_SCALED_LetNumSeq,ST,425,0.3658721688455675,6.583069074652077e-15,0.28051193147269704,0.4454906838685341,4.4648636456007373e-14
SCALED,LANGUAGE_ST_SCALED_SUM,MEMORY_ST_SCALED_SpaForward,ST,425,0.2670769557331872,2.2497787743499672e-08,0.1764365083064767,0.3532260441545688,6.817511437424143e-08
SCALED,LANGUAGE_ST_SCALED_SUM,MEMORY_ST_SCALED_SpaBackward,ST,425,0.326520322168187,5.140987990643812e-12,0.2388149673837162,0.408941621401807,2.570493995321906e-11
SCALED,LANGUAGE_ST_SCALED_SUM,MEMORY_ST_SCALED_SpaTotal,ST,425,0.3654210181070665,7.14378183296118e-15,0.2800320624462191,0.445073164182182,4.4648636456007373e-14
SCALED,LANGUAGE_ST_SCALED_SUM,MOTOR_ST_RAW_BPrestHigh,ST,423,-0.16655824021274457,0.0005827559093325665,-0.2578116285352777,-0.07235970062522928,0.0010223787883027482
SCALED,LANGUAGE_ST_SCALED_SUM,MOTOR_ST_RAW_BPrestLow,ST,423,-0.07086155153967011,0.14569035619063228,-0.16509377776342532,0.02465269378272241,0.18678250793670806
SCALED,LANGUAGE_ST_SCALED_SUM,MOTOR_ST_RAW_HRrest,ST,423,0.08680432513460877,0.07452348413820419,-0.00861465461658204,0.18065678261256998,0.10070741099757323
SCALED,LANGUAGE_ST_SCALED_SUM,MOTOR_ST_RAW_HEIGHT,ST,423,0.38507200561266053,2.1170277008652482e-16,0.30076721123372474,0.46340542066167356,2.6462846260815603e-15
SCALED,LANGUAGE_ST_SCALED_SUM,MOTOR_ST_RAW_WEIGHT,ST,423,0.23621062353405747,8.948275616600736e-07,0.14410857655613385,0.32425537990638914,2.182506247951399e-06
SCALED,LANGUAGE_ST_SCALED_SUM,MOTOR_ST_RAW_BMI,ST,423,0.043555118230005345,0.3715520651611318,-0.05200854677428954,0.13832833709770234,0.4222182558649225
SCALED,LANGUAGE_ST_SCALED_SUM,MOTOR_ST_RAW_WHR,ST,423,-0.1136256080128311,0.0194083364848658,-0.20673354931728818,-0.018478119032041485,0.02812802389110985
SCALED,LANGUAGE_ST_SCALED_SUM,MOTOR_ST_RAW_AerobicRating,ST,411,-0.24782054272832546,3.611214045379974e-07,-0.33648538769212405,-0.15480035467224434,9.503194856263089e-07
SCALED,LANGUAGE_ST_SCALED_SUM,MOTOR_ST_RAW_FunctionalReaching,ST,423,0.32170312275227053,1.2194557205555267e-11,0.2335183007429258,0.4046390474956742,5.5429805479796666e-11
SCALED,LANGUAGE_ST_SCALED_SUM,MOTOR_ST_RAW_WorseLegEyeOpen,ST,422,0.22519531919362432,2.9750233625853753e-06,0.13258483520842873,0.3139078474643742,6.7614167331485795e-06
SCALED,LANGUAGE_ST_SCALED_SUM,MOTOR_ST_RAW_BestLegEyeOpen,ST,422,0.19132589719634008,7.644549170700079e-05,0.09764866218609947,0.2816426469083669,0.00014701056097500152
SCALED,LANGUAGE_ST_SCALED_SUM,MOTOR_ST_RAW_WorseLegEyeClose,ST,413,0.2941845988085835,1.088724945436145e-09,0.203464178103464,0.37989650670901953,4.032314612726463e-09
SCALED,LANGUAGE_ST_SCALED_SUM,MOTOR_ST_RAW_BestLegEyeClose,ST,413,0.4428596716824533,2.8877271621619977e-21,0.36182574341888396,0.5172515820313296,1.4438635810809988e-19
SCALED,LANGUAGE_ST_SCALED_SUM,MOTOR_ST_RAW_PegboardDominant,ST,423,0.26342282388714044,3.815168394306409e-08,0.17240540852544547,0.3499801382576086,1.0597689984184469e-07
SCALED,LANGUAGE_ST_SCALED_SUM,MOTOR_ST_RAW_PegboardNondominant,ST,423,0.21955107300466017,5.167592311202037e-06,0.12685902004251506,0.30844192652772845,1.123389632870008e-05
SCALED,LANGUAGE_ST_SCALED_SUM,MOTOR_ST_RAW_PegboardBoth,ST,423,0.20724267783067174,1.7353663023767187e-05,0.11415062682162415,0.2967269999013754,3.4707326047534374e-05
SCALED,LANGUAGE_ST_SCALED_SUM,MOTOR_ST_RAW_PegboardSum,ST,423,0.26983567935815167,1.7183767570347695e-08,0.17909581355541374,0.356023512874855,5.727922523449231e-08
SCALED,LANGUAGE_ST_SCALED_SUM,MOTOR_ST_RAW_PegboardAssemble,ST,423,0.3797396750113369,5.865288435048766e-16,0.2950758958100884,0.4584867875339957,6.5169871500541844e-15
SCALED,LANGUAGE_ST_SCALED_SUM,MOTOR_ST_RAW_SymbolSearch,ST,423,0.4354093587799607,5.36659098599329e-21,0.35479092061428963,0.5096008217731646,1.7888636619977632e-19
SCALED,LANGUAGE_ST_SCALED_SUM,MOTOR_ST_RAW_SymbolCoding,ST,423,0.4048884607307537,4.061473116261764e-18,0.3219705088894103,0.48164225675532285,8.122946232523528e-17
SCALED,LANGUAGE_ST_SCALED_SUM,MOTOR_ST_RAW_GripMvcL,ST,423,0.367347189852665,5.833475999864701e-15,0.28187228478689136,0.44703708191604935,4.4648636456007373e-14
SCALED,LANGUAGE_ST_SCALED_SUM,MOTOR_ST_RAW_GripMvcR,ST,423,0.35746446830032147,3.398241027822767e-14,0.2713658618139968,0.43788745155987235,1.9989653104839805e-13
SCALED,LANGUAGE_ST_SCALED_SUM,MOTOR_ST_NORM_BMI,ST,422,0.05650296936140266,0.2467813301091408,-0.03916900125340553,0.151148403479328,0.30847666263642604
SCALED,LANGUAGE_ST_SCALED_SUM,MOTOR_ST_NORM_WHR,ST,422,0.1896927233230602,8.82236759496797e-05,0.09596986449878425,0.28008164908931493,0.0001664597659427919
SCALED,LANGUAGE_ST_SCALED_SUM,MOTOR_ST_NORM_AerobicRating,ST,411,-0.2228625434805982,5.070219972864377e-06,-0.3128492768883668,-0.12891050802406603,1.123389632870008e-05
SCALED,LANGUAGE_ST_SCALED_SUM,MOTOR_ST_NORM_FunctionalReaching,ST,422,-0.03528180229961511,0.46976799135357933,-0.13030363666675357,0.06038226706464583,0.5162285619270103
SCALED,LANGUAGE_ST_SCALED_SUM,MOTOR_ST_NORM_BestLegEyeClose,ST,413,-0.2448897098266376,4.6898240525590427e-07,-0.3335049758795731,-0.15198495273929807,1.202518987835652e-06
SCALED,LANGUAGE_ST_SCALED_SUM,MOTOR_ST_NORM_PegboardDominant,ST,422,-0.037114756648773076,0.4469942605357117,-0.13210740038723298,0.05855339842626224,0.49666028948412405
SCALED,LANGUAGE_ST_SCALED_SUM,MOTOR_ST_NORM_PegboardNondominant,ST,422,-0.07648630288706064,0.11667848600858957,-0.1707006434027915,0.019113956791531585,0.15352432369551258
SCALED,LANGUAGE_ST_SCALED_SUM,MOTOR_ST_NORM_PegboardSum,ST,422,-0.13834183741756756,0.004410853782507802,-0.2307551372648547,-0.04345501304270585,0.0071142802943674225
SCALED,LANGUAGE_ST_SCALED_SUM,MOTOR_ST_NORM_PegboardBoth,ST,422,-0.10357546056181988,0.033409602872366564,-0.19708748090716352,-0.008195795207041352,0.047055778693474035
SCALED,LANGUAGE_ST_SCALED_SUM,MOTOR_ST_NORM_PegboardAssemble,ST,422,0.003290327643116043,0.9462698708324467,-0.09219933223440449,0.09872002032834809,0.9462698708324467
SCALED,LANGUAGE_ST_SCALED_SUM,MOTOR_ST_NORM_WaisSpeed,ST,422,-0.2511017280649825,1.7231048403138362e-07,-0.3384496723827649,-0.1594634212312526,4.657040108956314e-07
SCALED,MEMORY_ST_SCALED_AudImm,BASIC_Q_BFI_Agreeableness,Q,425,-0.03927298050935424,0.4193437365481106,-0.13389561670058026,0.056059281087832584,0.48760899598617513
SCALED,MEMORY_ST_SCALED_AudImm,BASIC_Q_BFI_Conscientiousness,Q,425,-0.23409327690126597,1.0624231166955659e-06,-0.3220449412848541,-0.14213545706596029,3.124773872634017e-06
SCALED,MEMORY_ST_SCALED_AudImm,BASIC_Q_BFI_EmotionalStability,Q,425,-0.17052162516663802,0.00041409508611533054,-0.26140435334896406,-0.07664195839446296,0.0008281901722306611
SCALED,MEMORY_ST_SCALED_AudImm,BASIC_Q_BFI_Extraversion,Q,423,-0.05376343476186631,0.26990703576460556,-0.1483506367229775,0.041798513339772005,0.34165447565139945
SCALED,MEMORY_ST_SCALED_AudImm,BASIC_Q_BFI_Intellect,Q,425,0.02699052766362879,0.5789724194558205,-0.06830768427513853,0.12180065249609646,0.6362334279734291
SCALED,MEMORY_ST_SCALED_AudImm,BASIC_Q_Beck_Anxiety,Q,425,0.06389467737910015,0.1886151985279638,-0.031419120831100246,0.15805687025791162,0.2514869313706184
SCALED,MEMORY_ST_SCALED_AudImm,BASIC_Q_Beck_Depression,Q,425,0.14141758954484962,0.003483416116891774,0.04692600239402593,0.23340071100484097,0.005904095113375888
SCALED,MEMORY_ST_SCALED_AudImm,BASIC_Q_CogFailure_Sum,Q,425,0.0285788670688774,0.556832189530329,-0.06672536375401396,0.1233663330561515,0.6256541455396954
SCALED,MEMORY_ST_SCALED_AudImm,BASIC_Q_EHI_Sum,Q,425,-0.07541648368476155,0.12057058396514275,-0.16932461541493754,0.01984874556615559,0.1674591443960316
SCALED,MEMORY_ST_SCALED_AudImm,BASIC_Q_IPAQ_MET,Q,425,-0.1276759468768361,0.008410067814319423,-0.22012538418163413,-0.03295332392130441,0.013786996416917087
SCALED,MEMORY_ST_SCALED_AudImm,BASIC_Q_MOCA_SUM,Q,425,0.15454529123510774,0.0013940962157930736,0.060309043897361775,0.24605098590962313,0.0025816596588760623
SCALED,MEMORY_ST_SCALED_AudImm,BASIC_Q_MSPSS_Sum,Q,425,0.031015010673564155,0.5236942914235062,-0.06429751989896766,0.12576680666037704,0.6019474614063289
SCALED,MEMORY_ST_SCALED_AudImm,BASIC_Q_PSQI_DaytimeDysfunc,Q,425,0.17087670078215597,0.0004025653065311578,0.07700553228404591,0.261745061852992,0.0008215618500635874
SCALED,MEMORY_ST_SCALED_AudImm,BASIC_Q_PSQI_SleepDisturbance,Q,425,-0.14577621455809744,0.002590963077779808,-0.23760427759282327,-0.05136564612549059,0.004654764950001437
SCALED,MEMORY_ST_SCALED_AudImm,BASIC_Q_PSQI_SleepDuration,Q,425,-0.057911057431961864,0.23351584825105637,-0.15219550126086528,0.03741790295314564,0.2993792926295594
SCALED,MEMORY_ST_SCALED_AudImm,BASIC_Q_PSQI_SleepEfficiency,Q,425,-0.045432096828812926,0.35013331920189866,-0.13995012191277895,0.049906417968700184,0.4119215520022337
SCALED,MEMORY_ST_SCALED_AudImm,BASIC_Q_PSQI_SleepLatency,Q,425,0.08781004149096282,0.07054217702640485,-0.007374392621391516,0.18141754556771075,0.1052868313826938
SCALED,MEMORY_ST_SCALED_AudImm,BASIC_Q_PSQI_SleepMedication,Q,425,-0.15868083699022523,0.0010289990351138353,-0.2500296837869686,-0.06453205720365444,0.0019415076134223308
SCALED,MEMORY_ST_SCALED_AudImm,BASIC_Q_PSQI_SleepQuality,Q,423,0.08435851734753036,0.08310373143338709,-0.011078269258796753,0.17827228381729596,0.1218141752034123
SCALED,MEMORY_ST_SCALED_AudImm,BASIC_Q_PSQI_Sum,Q,425,-0.0006187670848418521,0.9898522652559906,-0.09573596989849735,0.09450963337213761,0.9898522652559906
SCALED,MEMORY_ST_SCALED_AudImm,BASIC_Q_SF36_EmotionalLimit,Q,425,-0.10092821962647835,0.037537081143701925,-0.1941867521638055,-0.0058616572017920025,0.05774935560569527
SCALED,MEMORY_ST_SCALED_AudImm,BASIC_Q_SF36_EmotionalWell,Q,425,-0.2269498241569208,2.2816707382073965e-06,-0.3152666503472871,-0.13473567518247304,6.3379742727983235e-06
SCALED,MEMORY_ST_SCALED_AudImm,BASIC_Q_SF36_Energy,Q,425,-0.28943954605272926,1.2018350291435116e-09,-0.3742581908837471,-0.1998181641602439,6.009175145717558e-09
SCALED,MEMORY_ST_SCALED_AudImm,BASIC_Q_SF36_GeneralHealth,Q,425,-0.047423607998572447,0.3293955056086925,-0.14190629674619493,0.04791537926932313,0.39213750667701486
SCALED,MEMORY_ST_SCALED_AudImm,BASIC_Q_SF36_Mental,Q,425,-0.2063847584495718,1.7991942625742664e-05,-0.2957023951740567,-0.11348994440455444,4.613318621985299e-05
SCALED,MEMORY_ST_SCALED_AudImm,BASIC_Q_SF36_Pain,Q,425,0.01174958647313425,0.8091529865918563,-0.08346653796322183,0.10675311115636023,0.8424486078830091
SCALED,MEMORY_ST_SCALED_AudImm,BASIC_Q_SF36_Physical,Q,425,0.08157858563329563,0.0930287423927709,-0.013650177284733,0.17534078125252972,0.13289820341824413
SCALED,MEMORY_ST_SCALED_AudImm,BASIC_Q_SF36_PhysicalFunct,Q,424,0.1426846842280554,0.003235151603389147,0.048103280017863154,0.2347300942185335,0.005577847592050254
SCALED,MEMORY_ST_SCALED_AudImm,BASIC_Q_SF36_PhysicalLimit,Q,425,0.051251710044978784,0.29180867033599484,-0.04408605637979824,0.14566440349123622,0.36476083791999353
SCALED,MEMORY_ST_SCALED_AudImm,BASIC_Q_SF36_SocialFunc,Q,425,-0.05069920894269006,0.29704860349944956,-0.1451221728405987,0.04463890672371698,0.36672667098697476
SCALED,MEMORY_ST_SCALED_AudImm,LANGUAGE_ST_RAW_SIMILARITY,ST,425,0.16773444371509172,0.0005158616647756862,0.07378893623155251,0.2587291603354975,0.000992041664608277
SCALED,MEMORY_ST_SCALED_AudImm,LANGUAGE_ST_RAW_VOCABULARY,ST,425,0.04971895171641623,0.306498786412171,-0.04561963988892871,0.14415999802647508,0.3692756463086673
SCALED,MEMORY_ST_SCALED_AudImm,LANGUAGE_ST_RAW_INFORMATION,ST,425,0.0746026729650253,0.12464033929561229,-0.020666825190028076,0.16852955453410506,0.1684328909524958
SCALED,MEMORY_ST_SCALED_AudImm,LANGUAGE_ST_RAW_SUM,ST,425,0.09999213689903436,0.03935209348095009,0.004916058439218006,0.19327661715900135,0.05962438406204559
SCALED,MEMORY_ST_SCALED_AudImm,LANGUAGE_ST_SCALED_SIMILARITY,ST,425,0.16773444369475762,0.000515861665596304,0.0737889362107437,0.2587291603159753,0.000992041664608277
SCALED,MEMORY_ST_SCALED_AudImm,LANGUAGE_ST_SCALED_VOCABULARY,ST,425,0.04971895171394994,0.3064987864361939,-0.04561963989139597,0.14415999802405405,0.3692756463086673
SCALED,MEMORY_ST_SCALED_AudImm,LANGUAGE_ST_SCALED_INFORMATION,ST,425,0.07460267296320232,0.12464033930484689,-0.02066682519186048,0.16852955453232393,0.1684328909524958
SCALED,MEMORY_ST_SCALED_AudImm,LANGUAGE_ST_NORM_SIMILARITY,ST,425,-0.18253185223174204,0.00015448759630624098,-0.27291606261943646,-0.08895350964706301,0.00032869701341753404
SCALED,MEMORY_ST_SCALED_AudImm,LANGUAGE_ST_NORM_VOCABULARY,ST,425,-0.19591426656270364,4.7733738388617e-05,-0.28571258709057995,-0.10270543928844088,0.00010607497419692666
SCALED,MEMORY_ST_SCALED_AudImm,LANGUAGE_ST_NORM_INFORMATION,ST,425,-0.23709153339555844,7.652014025445307e-07,-0.324887247680351,-0.1452443656249772,2.31879212892282e-06
SCALED,MEMORY_ST_SCALED_AudImm,LANGUAGE_ST_NORM_VCI,ST,425,-0.24572707032848384,2.901510054609323e-07,-0.3330647668507553,-0.15420874737775822,9.671700182031076e-07
SCALED,MEMORY_ST_SCALED_AudImm,LANGUAGE_ST_NORM_PR,ST,425,-0.21921677176897075,5.07745713433138e-06,-0.3079187276348381,-0.12673671408689846,1.3361729300872055e-05
SCALED,MEMORY_ST_SCALED_AudImm,MEMORY_ST_NORM_AudImm,ST,425,-0.5696665847079645,6.220581433588579e-38,-0.6306173395327718,-0.501731737969985,6.220581433588579e-36
SCALED,MEMORY_ST_SCALED_AudImm,MEMORY_ST_NORM_VisImm,ST,425,-0.34477424964522385,2.628689512334709e-13,-0.4259283806615305,-0.25811657871420474,2.9207661248163434e-12
SCALED,MEMORY_ST_SCALED_AudImm,MEMORY_ST_NORM_ImmMem,ST,425,-0.5162688549852931,2.5164894197231106e-30,-0.582772349571842,-0.4428961877715723,1.2582447098615552e-28
SCALED,MEMORY_ST_SCALED_AudImm,MEMORY_ST_NORM_WorMem,ST,425,-0.13441135650439237,0.005513304657198344,-0.22663651277729127,-0.03979735138274344,0.009188841095330573
SCALED,MEMORY_ST_SCALED_AudImm,MEMORY_ST_SCALED_ImmMem,ST,425,0.10412450173496869,0.031865307957565966,0.009091713963773587,0.19729322541284208,0.05057985390089836
SCALED,MEMORY_ST_SCALED_AudImm,MEMORY_ST_RAW_AudImm,ST,425,0.029846170310867035,0.5394670367011307,-0.0654625189373434,0.12461521889839634,0.6130307235240122
SCALED,MEMORY_ST_SCALED_AudImm,MEMORY_ST_RAW_VisImm,ST,425,0.24829658881218467,2.1588825356737374e-07,0.1568790259922533,0.3354954677437116,7.444422536805991e-07
SCALED,MEMORY_ST_SCALED_AudImm,MEMORY_ST_RAW_ImmMem,ST,425,0.14568838242022258,0.002606668372000805,0.05127614449599983,0.23751960403215222,0.004654764950001437
SCALED,MEMORY_ST_SCALED_AudImm,MEMORY_ST_RAW_WorMem,ST,425,0.3948470436296418,2.6216281777893135e-17,0.31142085276184484,0.4722332849779592,3.745183111127591e-16
SCALED,MEMORY_ST_SCALED_AudImm,MEMORY_ST_RAW_LogMemI,ST,425,0.062242062590507095,0.20032863217210323,-0.03307660988834547,0.1564386829391117,0.26016705476896523
SCALED,MEMORY_ST_SCALED_AudImm,MEMORY_ST_RAW_FacI,ST,425,0.2759829395679903,7.228927102751157e-09,0.18573609796183754,0.3616126213701438,3.012052959479649e-08
SCALED,MEMORY_ST_SCALED_AudImm,MEMORY_ST_RAW_VerPairI,ST,425,-0.023372035308858414,0.6308907918721655,-0.11823201791901672,0.07191067525999993,0.6783771955614682
SCALED,MEMORY_ST_SCALED_AudImm,MEMORY_ST_RAW_FamPicI,ST,425,0.19670067596540347,4.4438227788519706e-05,0.103514672972382,0.2864635721460961,0.0001009959722466357
SCALED,MEMORY_ST_SCALED_AudImm,MEMORY_ST_RAW_LetNumSeq,ST,425,0.33290507215841997,1.8580962924331527e-12,0.2455582984122903,0.41488965109885934,1.1613101827707204e-11
SCALED,MEMORY_ST_SCALED_AudImm,MEMORY_ST_RAW_SpaForward,ST,425,0.25037615778690525,1.6954053678705492e-07,0.15904112143934543,0.3374618387918774,6.055019170966248e-07
SCALED,MEMORY_ST_SCALED_AudImm,MEMORY_ST_RAW_SpaBackward,ST,425,0.2833956575430404,2.7225451042793597e-09,0.1934887739260566,0.36858247049393356,1.2375205019451636e-08
SCALED,MEMORY_ST_SCALED_AudImm,MEMORY_ST_RAW_SpaTotal,ST,425,0.3424515316593668,3.8798539023578387e-13,0.2556567011235662,0.423770075501385,3.5271399112343985e-12
SCALED,MEMORY_ST_SCALED_AudImm,MEMORY_ST_SCALED_LogMemI,ST,425,0.06224206259710559,0.20032863212430113,-0.03307660988172857,0.15643868294557373,0.26016705476896523
SCALED,MEMORY_ST_SCALED_AudImm,MEMORY_ST_SCALED_FacI,ST,425,0.27598293957681774,7.2289270944688265e-09,0.18573609797106314,0.36161262137844963,3.012052959479649e-08
SCALED,MEMORY_ST_SCALED_AudImm,MEMORY_ST_SCALED_VerPairI,ST,425,-0.023372035308858435,0.6308907918721655,-0.11823201791901673,0.07191067525999992,0.6783771955614682
SCALED,MEMORY_ST_SCALED_AudImm,MEMORY_ST_SCALED_FamPicI,ST,425,0.19670067596540344,4.4438227788519706e-05,0.10351467297238197,0.2864635721460961,0.0001009959722466357
SCALED,MEMORY_ST_SCALED_AudImm,MEMORY_ST_SCALED_LetNumSeq,ST,425,0.33290507216321374,1.8580962909967366e-12,0.24555829841735646,0.41488965110332254,1.1613101827707204e-11
SCALED,MEMORY_ST_SCALED_AudImm,MEMORY_ST_SCALED_SpaForward,ST,425,0.25037615778690525,1.6954053678705492e-07,0.15904112143934543,0.3374618387918774,6.055019170966248e-07
SCALED,MEMORY_ST_SCALED_AudImm,MEMORY_ST_SCALED_SpaBackward,ST,425,0.2833956575430404,2.7225451042793597e-09,0.1934887739260566,0.36858247049393356,1.2375205019451636e-08
SCALED,MEMORY_ST_SCALED_AudImm,MEMORY_ST_SCALED_SpaTotal,ST,425,0.34245153165936676,3.8798539023578387e-13,0.2556567011235661,0.423770075501385,3.5271399112343985e-12
SCALED,MEMORY_ST_SCALED_AudImm,MOTOR_ST_RAW_BPrestHigh,ST,423,-0.2527967666329032,1.3663879941135104e-07,-0.3399504224554919,-0.16133790887978725,5.255338438898116e-07
SCALED,MEMORY_ST_SCALED_AudImm,MOTOR_ST_RAW_BPrestLow,ST,423,-0.14430228996575015,0.0029331210410130167,-0.23639740420963604,-0.04963756795199213,0.0051458263877421345
SCALED,MEMORY_ST_SCALED_AudImm,MOTOR_ST_RAW_HRrest,ST,423,0.08410099660401976,0.08405178089035449,-0.01133759749674756,0.17802115413982325,0.1218141752034123
SCALED,MEMORY_ST_SCALED_AudImm,MOTOR_ST_RAW_HEIGHT,ST,423,0.22905263562270894,1.931983098230583e-06,0.13669022069411657,0.3174669522912257,5.519951709230237e-06
SCALED,MEMORY_ST_SCALED_AudImm,MOTOR_ST_RAW_WEIGHT,ST,423,0.1220449254530307,0.012002765196170552,0.027011571238419428,0.21489197172289484,0.01935929870350089
SCALED,MEMORY_ST_SCALED_AudImm,MOTOR_ST_RAW_BMI,ST,423,0.011273346660259271,0.8171751496465188,-0.08416480080599428,0.10650654389151998,0.8424486078830091
SCALED,MEMORY_ST_SCALED_AudImm,MOTOR_ST_RAW_WHR,ST,423,-0.24203766837050716,4.695476951917052e-07,-0.3297748921936891,-0.15015523047384427,1.5146699844893714e-06
SCALED,MEMORY_ST_SCALED_AudImm,MOTOR_ST_RAW_AerobicRating,ST,411,-0.2603654486235125,8.556446105790662e-08,-0.3483238187337172,-0.16786207291813682,3.4225784423162646e-07
SCALED,MEMORY_ST_SCALED_AudImm,MOTOR_ST_RAW_FunctionalReaching,ST,423,0.3359321786820283,1.2849832893169645e-12,0.2485454991777901,0.41789454822941235,9.884486840899727e-12
SCALED,MEMORY_ST_SCALED_AudImm,MOTOR_ST_RAW_WorseLegEyeOpen,ST,422,0.341363988901824,5.619558317583165e-13,0.2541864222132235,0.4230391769668966,4.682965264652637e-12
SCALED,MEMORY_ST_SCALED_AudImm,MOTOR_ST_RAW_BestLegEyeOpen,ST,422,0.17646521004624205,0.00026954534446431904,0.08239245112116306,0.2674210707402761,0.0005615528009673313
SCALED,MEMORY_ST_SCALED_AudImm,MOTOR_ST_RAW_WorseLegEyeClose,ST,413,0.33601764895852626,2.3338008212204447e-12,0.2475479518303797,0.41893036359434405,1.3728240124826145e-11
SCALED,MEMORY_ST_SCALED_AudImm,MOTOR_ST_RAW_BestLegEyeClose,ST,413,0.4834713654075384,1.3988501690250793e-25,0.40591216073378084,0.5541163693544571,2.7977003380501585e-24
SCALED,MEMORY_ST_SCALED_AudImm,MOTOR_ST_RAW_PegboardDominant,ST,423,0.2961406756058017,5.211936909150699e-10,0.2066273943585208,0.3807377208605517,2.743124689026684e-09
SCALED,MEMORY_ST_SCALED_AudImm,MOTOR_ST_RAW_PegboardNondominant,ST,423,0.3002266902571003,2.929705458998106e-10,0.21091669455000694,0.3845658202742556,1.6276141438878367e-09
SCALED,MEMORY_ST_SCALED_AudImm,MOTOR_ST_RAW_PegboardBoth,ST,423,0.3339231222122959,1.7781826515202686e-12,0.2464211963709317,0.4160250652534357,1.1613101827707204e-11
SCALED,MEMORY_ST_SCALED_AudImm,MOTOR_ST_RAW_PegboardSum,ST,423,0.36125775038389885,1.740314592864608e-14,0.27539611407253944,0.4414013226281264,2.17539324108076e-13
SCALED,MEMORY_ST_SCALED_AudImm,MOTOR_ST_RAW_PegboardAssemble,ST,423,0.4714813237799289,8.494401055128401e-25,0.3938385167912063,0.5424436394495445,1.4157335091880666e-23
SCALED,MEMORY_ST_SCALED_AudImm,MOTOR_ST_RAW_SymbolSearch,ST,423,0.48146228479667125,6.241300828496058e-26,0.40469254725813814,0.5514929569614345,1.5603252071240144e-24
SCALED,MEMORY_ST_SCALED_AudImm,MOTOR_ST_RAW_SymbolCoding,ST,423,0.49899463137927824,5.142080420535223e-28,0.4238110241699188,0.5673489919804213,1.7140268068450743e-26
SCALED,MEMORY_ST_SCALED_AudImm,MOTOR_ST_RAW_GripMvcL,ST,423,0.23943319820783873,6.276863641965336e-07,0.14745175347719716,0.32730861863700317,1.9615198881141673e-06
SCALED,MEMORY_ST_SCALED_AudImm,MOTOR_ST_RAW_GripMvcR,ST,423,0.22652481802603786,2.5205650572062693e-06,0.13407292790822825,0.3150674764265161,6.812337992449376e-06
SCALED,MEMORY_ST_SCALED_AudImm,MOTOR_ST_NORM_BMI,ST,422,0.08093973516618003,0.09681204890632357,-0.01463403599223403,0.1750479166151633,0.13635499845961066
SCALED,MEMORY_ST_SCALED_AudImm,MOTOR_ST_NORM_WHR,ST,422,0.20085297879576924,3.235251031951497e-05,0.10745252656248364,0.2907391724236223,7.890856175491456e-05
SCALED,MEMORY_ST_SCALED_AudImm,MOTOR_ST_NORM_AerobicRating,ST,411,-0.20475526392360938,2.8795761211960467e-05,-0.2956309928177298,-0.11020699159937712,7.198940302990116e-05
SCALED,MEMORY_ST_SCALED_AudImm,MOTOR_ST_NORM_FunctionalReaching,ST,422,0.01251255136491416,0.7977281247299431,-0.0830473454568549,0.10784443617782481,0.8414068213879184
SCALED,MEMORY_ST_SCALED_AudImm,MOTOR_ST_NORM_BestLegEyeClose,ST,413,-0.2018331465986391,3.5977350494529746e-05,-0.292630143392802,-0.10742914683548058,8.566035832030892e-05
SCALED,MEMORY_ST_SCALED_AudImm,MOTOR_ST_NORM_PegboardDominant,ST,422,0.0034138139633535882,0.9442565868953513,-0.09207689286708777,0.09884230307791805,0.9635271294850523
SCALED,MEMORY_ST_SCALED_AudImm,MOTOR_ST_NORM_PegboardNondominant,ST,422,-0.0008668465368669123,0.9858347030772822,-0.09631957645894494,0.09460168207687526,0.9898522652559906
SCALED,MEMORY_ST_SCALED_AudImm,MOTOR_ST_NORM_PegboardSum,ST,422,0.0278930450943879,0.5677228701025874,-0.06774804727342625,0.12302616494765617,0.6308031890028748
SCALED,MEMORY_ST_SCALED_AudImm,MOTOR_ST_NORM_PegboardBoth,ST,422,0.01241088606723373,0.7993364803185226,-0.08314832441168896,0.10774393658185191,0.8414068213879184
SCALED,MEMORY_ST_SCALED_AudImm,MOTOR_ST_NORM_PegboardAssemble,ST,422,0.10177168259730636,0.03662797594593119,0.006372896187872514,0.19533466833565996,0.05723121241551748
SCALED,MEMORY_ST_SCALED_AudImm,MOTOR_ST_NORM_WaisSpeed,ST,422,-0.19277732413530477,6.723692253112885e-05,-0.2830295287538584,-0.09914108327593278,0.00014616722289375835
SCALED,MEMORY_ST_SCALED_VisImm,BASIC_Q_BFI_Agreeableness,Q,425,-0.0351203444912564,0.47022385468036315,-0.12980952146962954,0.06020361828138173,0.5532045349180743
SCALED,MEMORY_ST_SCALED_VisImm,BASIC_Q_BFI_Conscientiousness,Q,425,-0.23543811788202473,9.174983175279406e-07,-0.3233200283711487,-0.1435297056913948,2.6214237643655445e-06
SCALED,MEMORY_ST_SCALED_VisImm,BASIC_Q_BFI_EmotionalStability,Q,425,-0.19012553403194773,8.01246901371803e-05,-0.2801812159268807,-0.09675249225035837,0.00016351977579016387
SCALED,MEMORY_ST_SCALED_VisImm,BASIC_Q_BFI_Extraversion,Q,423,-0.03173199964169497,0.5151345376657104,-0.12669635042122582,0.06380873810251085,0.5788028513097869
SCALED,MEMORY_ST_SCALED_VisImm,BASIC_Q_BFI_Intellect,Q,425,0.12306557910169177,0.011109076484683036,0.02827372339615848,0.2156637817392024,0.017090886899512363
SCALED,MEMORY_ST_SCALED_VisImm,BASIC_Q_Beck_Anxiety,Q,425,0.043795388073573485,0.36778073885073564,-0.05154217132746108,0.13834190151772116,0.45405029487745147
SCALED,MEMORY_ST_SCALED_VisImm,BASIC_Q_Beck_Depression,Q,425,0.14842827832723543,0.0021555004773254538,0.05406883409229024,0.24016031205209223,0.003592500795542423
SCALED,MEMORY_ST_SCALED_VisImm,BASIC_Q_CogFailure_Sum,Q,425,0.004740163646309607,0.9223819674500249,-0.0904234458137578,0.0998179936565558,0.9412060892347193
SCALED,MEMORY_ST_SCALED_VisImm,BASIC_Q_EHI_Sum,Q,425,-0.11927113532102523,0.013878835571913583,-0.21198887261516416,-0.02442541390237514,0.02052291296384807
SCALED,MEMORY_ST_SCALED_VisImm,BASIC_Q_IPAQ_MET,Q,425,-0.12175648224317646,0.012003751537948462,-0.2143962210769365,-0.026945725112131957,0.018187502330224942
SCALED,MEMORY_ST_SCALED_VisImm,BASIC_Q_MOCA_SUM,Q,425,0.19761829586396723,4.086480286374559e-05,0.10445908131610752,0.2873397178132113,9.687115558431411e-05
SCALED,MEMORY_ST_SCALED_VisImm,BASIC_Q_MSPSS_Sum,Q,425,0.038423173311786914,0.4294852008309443,-0.05690765742202624,0.1330596883510585,0.5174520491939087
SCALED,MEMORY_ST_SCALED_VisImm,BASIC_Q_PSQI_DaytimeDysfunc,Q,425,0.16917482157169356,0.0004606792948602745,0.07526314770368976,0.2601118383846993,0.0008692062167174991
SCALED,MEMORY_ST_SCALED_VisImm,BASIC_Q_PSQI_SleepDisturbance,Q,425,-0.11917586161840799,0.013955580815416688,-0.2118965665190102,-0.024328823861298466,0.02052291296384807
SCALED,MEMORY_ST_SCALED_VisImm,BASIC_Q_PSQI_SleepDuration,Q,425,0.002618333994012696,0.9570790089514853,-0.09252754895390286,0.09771683403675098,0.9570790089514855
SCALED,MEMORY_ST_SCALED_VisImm,BASIC_Q_PSQI_SleepEfficiency,Q,425,-0.030915976527366044,0.5250214971872224,-0.12566924420212006,0.06439623864985417,0.5833572190969137
SCALED,MEMORY_ST_SCALED_VisImm,BASIC_Q_PSQI_SleepLatency,Q,425,0.06846962979163176,0.1588250032683217,-0.026827938984366806,0.16253388021353396,0.20362179906195088
SCALED,MEMORY_ST_SCALED_VisImm,BASIC_Q_PSQI_SleepMedication,Q,425,-0.1915438993519515,7.067418584915025e-05,-0.28153707546491175,-0.09821047606918508,0.00015705374633144498
SCALED,MEMORY_ST_SCALED_VisImm,BASIC_Q_PSQI_SleepQuality,Q,423,0.07765874891191465,0.11073734179410934,-0.017820887077622957,0.1717348043312212,0.14570702867645965
SCALED,MEMORY_ST_SCALED_VisImm,BASIC_Q_PSQI_Sum,Q,425,0.00500657178627337,0.9180345702162788,-0.09015920329671391,0.1000817466494615,0.9412060892347193
SCALED,MEMORY_ST_SCALED_VisImm,BASIC_Q_SF36_EmotionalLimit,Q,425,-0.041787056798726276,0.39017475949117886,-0.13636784550855607,0.05354863156589194,0.4758228774282669
SCALED,MEMORY_ST_SCALED_VisImm,BASIC_Q_SF36_EmotionalWell,Q,425,-0.22567246091395987,2.6090929734464172e-06,-0.3140536333811674,-0.1334135593523193,7.051602630936263e-06
SCALED,MEMORY_ST_SCALED_VisImm,BASIC_Q_SF36_Energy,Q,425,-0.3103944884520561,6.054517769663788e-11,-0.39388755790358876,-0.22182105137132244,3.027258884831894e-10
SCALED,MEMORY_ST_SCALED_VisImm,BASIC_Q_SF36_GeneralHealth,Q,425,-0.007100487494626076,0.883960050330324,-0.1021543282951408,0.08808184233865624,0.9207917190940874
SCALED,MEMORY_ST_SCALED_VisImm,BASIC_Q_SF36_Mental,Q,425,-0.18583717166765318,0.00011645719463172038,-0.27607965026875375,-0.09234678115637983,0.00023291438926344076
SCALED,MEMORY_ST_SCALED_VisImm,BASIC_Q_SF36_Pain,Q,425,-0.00967312305534323,0.8423926942749178,-0.10469962300237871,0.08552841234877256,0.8867291518683345
SCALED,MEMORY_ST_SCALED_VisImm,BASIC_Q_SF36_Physical,Q,425,0.09966458727655185,0.04000448590506734,0.004585219163380409,0.19295810911969832,0.054800665623379916
SCALED,MEMORY_ST_SCALED_VisImm,BASIC_Q_SF36_PhysicalFunct,Q,424,0.16058798149184736,0.0009049927369843085,0.06636792672281909,0.2519695186405333,0.0016160584589005509
SCALED,MEMORY_ST_SCALED_VisImm,BASIC_Q_SF36_PhysicalLimit,Q,425,0.08301654520789956,0.08738778641519229,-0.01220265406250724,0.17674367886606143,0.11809160326377337
SCALED,MEMORY_ST_SCALED_VisImm,BASIC_Q_SF36_SocialFunc,Q,425,-0.047568616890975225,0.32791712962172126,-0.14204870385925636,0.04777037518178312,0.4098964120271516
SCALED,MEMORY_ST_SCALED_VisImm,LANGUAGE_ST_RAW_SIMILARITY,ST,425,0.1907625479172047,7.574182378893738e-05,0.09740724996265883,0.28079020177133157,0.00015779546637654268
SCALED,MEMORY_ST_SCALED_VisImm,LANGUAGE_ST_RAW_VOCABULARY,ST,425,0.10611887285932509,0.02871090471888272,0.011108164594084313,0.1992306113818332,0.04043789399120046
SCALED,MEMORY_ST_SCALED_VisImm,LANGUAGE_ST_RAW_INFORMATION,ST,425,0.17384545111620442,0.00031722010658375734,0.08004631306536017,0.2645928042561265,0.0006100386668819655
SCALED,MEMORY_ST_SCALED_VisImm,LANGUAGE_ST_RAW_SUM,ST,425,0.1685951176127727,0.0004821931036568733,0.07466977747828941,0.25955540151019924,0.0008929501919571728
SCALED,MEMORY_ST_SCALED_VisImm,LANGUAGE_ST_SCALED_SIMILARITY,ST,425,0.19076254790648725,7.574182386074048e-05,0.09740724995164217,0.2807902017610863,0.00015779546637654268
SCALED,MEMORY_ST_SCALED_VisImm,LANGUAGE_ST_SCALED_VOCABULARY,ST,425,0.10611887284949015,0.028710904733752325,0.01110816458413858,0.19923061137228104,0.04043789399120046
SCALED,MEMORY_ST_SCALED_VisImm,LANGUAGE_ST_SCALED_INFORMATION,ST,425,0.17384545110861205,0.0003172201067786221,0.08004631305758134,0.2645928042488457,0.0006100386668819655
SCALED,MEMORY_ST_SCALED_VisImm,LANGUAGE_ST_NORM_SIMILARITY,ST,425,-0.15222302371417026,0.0016479928027747085,-0.24381544164401453,-0.05793913810212003,0.002841366901335704
SCALED,MEMORY_ST_SCALED_VisImm,LANGUAGE_ST_NORM_VOCABULARY,ST,425,-0.12454891457345348,0.010167090185388482,-0.21709967557495313,-0.029778880532441272,0.015886078414669505
SCALED,MEMORY_ST_SCALED_VisImm,LANGUAGE_ST_NORM_INFORMATION,ST,425,-0.1445817138979372,0.0028121204871017504,-0.23645261341441923,-0.05014857061272327,0.004535678205002823
SCALED,MEMORY_ST_SCALED_VisImm,LANGUAGE_ST_NORM_VCI,ST,425,-0.16514973885757347,0.0006305496120316529,-0.25624706036230244,-0.07114454723687831,0.0011464538400575506
SCALED,MEMORY_ST_SCALED_VisImm,LANGUAGE_ST_NORM_PR,ST,425,-0.14552334443943749,0.002636413661936573,-0.23736049729328715,-0.05110797361599399,0.004321989609732087
SCALED,MEMORY_ST_SCALED_VisImm,MEMORY_ST_NORM_AudImm,ST,425,-0.19631718031872647,4.6017477260884896e-05,-0.2860973651006146,-0.10312003156257432,0.00010458517559292021
SCALED,MEMORY_ST_SCALED_VisImm,MEMORY_ST_NORM_VisImm,ST,425,-0.4755097376854008,2.3101488783426993e-25,-0.5459387630261452,-0.3984076073636627,5.775372195856748e-24
SCALED,MEMORY_ST_SCALED_VisImm,MEMORY_ST_NORM_ImmMem,ST,425,-0.39389387667858605,3.172228151542611e-17,-0.47135581187681475,-0.31040124702496485,4.53175450220373e-16
SCALED,MEMORY_ST_SCALED_VisImm,MEMORY_ST_NORM_WorMem,ST,425,-0.10233513732655938,0.034942922132835647,-0.19555436890975503,-0.007283197218935878,0.04853183629560506
SCALED,MEMORY_ST_SCALED_VisImm,MEMORY_ST_SCALED_ImmMem,ST,425,0.24965378174404818,1.844326010568892e-07,0.15828997900956057,0.33677887024101627,5.949438743770619e-07
SCALED,MEMORY_ST_SCALED_VisImm,MEMORY_ST_RAW_AudImm,ST,425,0.3276758525919216,4.2836981200322636e-12,0.2400347682420882,0.4100186322111126,3.295152400024818e-11
SCALED,MEMORY_ST_SCALED_VisImm,MEMORY_ST_RAW_VisImm,ST,425,0.06330838785712066,0.19271170451511602,-0.032007199577131246,0.15748285227071465,0.2439388664748304
SCALED,MEMORY_ST_SCALED_VisImm,MEMORY_ST_RAW_ImmMem,ST,425,0.2264389034129057,2.4076157288326282e-06,0.13420681486076616,0.31478150150418666,6.687821468979523e-06
SCALED,MEMORY_ST_SCALED_VisImm,MEMORY_ST_RAW_WorMem,ST,425,0.4098922685001037,1.1904660046579166e-18,0.32754026356063903,0.4860634365759807,1.9841100077631942e-17
SCALED,MEMORY_ST_SCALED_VisImm,MEMORY_ST_RAW_LogMemI,ST,425,0.26014869206275393,5.2900608736760275e-08,0.16921321848667492,0.3466922548829006,1.8241589219572508e-07
SCALED,MEMORY_ST_SCALED_VisImm,MEMORY_ST_RAW_FacI,ST,425,0.265804345711243,2.6372072714074943e-08,0.17510897443988024,0.35202652243926985,9.767434348311582e-08
SCALED,MEMORY_ST_SCALED_VisImm,MEMORY_ST_RAW_VerPairI,ST,425,0.32421071685764896,7.385812956325329e-12,0.23637773135211002,0.4067882680948679,4.9238753042168853e-11
SCALED,MEMORY_ST_SCALED_VisImm,MEMORY_ST_RAW_FamPicI,ST,425,-0.014913634689075424,0.7591752528773247,-0.1098805928113155,0.08032315164856958,0.8163174762121771
SCALED,MEMORY_ST_SCALED_VisImm,MEMORY_ST_RAW_LetNumSeq,ST,425,0.3660532388674089,6.37037216653191e-15,0.28070453962257513,0.44565824627896466,7.078191296146568e-14
SCALED,MEMORY_ST_SCALED_VisImm,MEMORY_ST_RAW_SpaForward,ST,425,0.23703250793047262,7.701934970754839e-07,0.14518314429078788,0.3248313076413773,2.265274991398482e-06
SCALED,MEMORY_ST_SCALED_VisImm,MEMORY_ST_RAW_SpaBackward,ST,425,0.27110333259735936,1.3534264773056819e-08,0.18063883040207576,0.3570193140130797,5.4137059092227276e-08
SCALED,MEMORY_ST_SCALED_VisImm,MEMORY_ST_RAW_SpaTotal,ST,425,0.3323205322988045,2.041558787878861e-12,0.24494057781871134,0.41434538531956716,1.701298989899112e-11
SCALED,MEMORY_ST_SCALED_VisImm,MEMORY_ST_SCALED_LogMemI,ST,425,0.2601486920646305,5.290060872468362e-08,0.16921321848863005,0.34669225488467154,1.8241589219572508e-07
SCALED,MEMORY_ST_SCALED_VisImm,MEMORY_ST_SCALED_FacI,ST,425,0.26580434570321415,2.637207274044127e-08,0.17510897443150594,0.35202652243170124,9.767434348311582e-08
SCALED,MEMORY_ST_SCALED_VisImm,MEMORY_ST_SCALED_VerPairI,ST,425,0.324210716857649,7.385812956325072e-12,0.23637773135211007,0.4067882680948679,4.9238753042168853e-11
SCALED,MEMORY_ST_SCALED_VisImm,MEMORY_ST_SCALED_FamPicI,ST,425,-0.014913634689075406,0.7591752528773247,-0.10988059281131549,0.0803231516485696,0.8163174762121771
SCALED,MEMORY_ST_SCALED_VisImm,MEMORY_ST_SCALED_LetNumSeq,ST,425,0.36605323887235086,6.370372160819916e-15,0.28070453962783215,0.4456582462835378,7.078191296146568e-14
SCALED,MEMORY_ST_SCALED_VisImm,MEMORY_ST_SCALED_SpaForward,ST,425,0.23703250793047265,7.701934970754839e-07,0.1451831442907879,0.3248313076413773,2.265274991398482e-06
SCALED,MEMORY_ST_SCALED_VisImm,MEMORY_ST_SCALED_SpaBackward,ST,425,0.27110333259735936,1.3534264773056819e-08,0.18063883040207576,0.3570193140130797,5.4137059092227276e-08
SCALED,MEMORY_ST_SCALED_VisImm,MEMORY_ST_SCALED_SpaTotal,ST,425,0.3323205322988044,2.041558787878934e-12,0.24494057781871134,0.41434538531956705,1.701298989899112e-11
SCALED,MEMORY_ST_SCALED_VisImm,MOTOR_ST_RAW_BPrestHigh,ST,423,-0.27742738528709027,6.503929905079419e-09,-0.363168510739322,-0.18702695322848145,2.827795610904095e-08
SCALED,MEMORY_ST_SCALED_VisImm,MOTOR_ST_RAW_BPrestLow,ST,423,-0.12944103255917697,0.00768616163603004,-0.22204821500147842,-0.03451938768496308,0.012200256565127047
SCALED,MEMORY_ST_SCALED_VisImm,MOTOR_ST_RAW_HRrest,ST,423,0.08209265214853605,0.09174811634780174,-0.013359597796258931,0.17606223228536935,0.12233082179706897
SCALED,MEMORY_ST_SCALED_VisImm,MOTOR_ST_RAW_HEIGHT,ST,423,0.21729911203466087,6.483983610918916e-06,0.12453159822457642,0.306300560860694,1.6625599002356194e-05
SCALED,MEMORY_ST_SCALED_VisImm,MOTOR_ST_RAW_WEIGHT,ST,423,0.11461432993311146,0.018370280979291727,0.019479526519609897,0.2076923045034778,0.026623595622161923
SCALED,MEMORY_ST_SCALED_VisImm,MOTOR_ST_RAW_BMI,ST,423,0.004018199550017568,0.9343302660605199,-0.09136448433812754,0.09932782425598116,0.9437679455156768
SCALED,MEMORY_ST_SCALED_VisImm,MOTOR_ST_RAW_WHR,ST,423,-0.2551306763796464,1.03750451851859e-07,-0.34215505197797,-0.16376680728521256,3.458348395061967e-07
SCALED,MEMORY_ST_SCALED_VisImm,MOTOR_ST_RAW_AerobicRating,ST,411,-0.25028236058590375,2.7386705576616604e-07,-0.33881077895951134,-0.15736102993736675,8.558345492692689e-07
SCALED,MEMORY_ST_SCALED_VisImm,MOTOR_ST_RAW_FunctionalReaching,ST,423,0.32103160447519047,1.3521884058409256e-11,0.23281015474496167,0.40401261227328833,8.451177536505785e-11
SCALED,MEMORY_ST_SCALED_VisImm,MOTOR_ST_RAW_WorseLegEyeOpen,ST,422,0.281370515401838,4.048411437390493e-09,0.19104114711383638,0.36697434843437005,1.8401870169956787e-08
SCALED,MEMORY_ST_SCALED_VisImm,MOTOR_ST_RAW_BestLegEyeOpen,ST,422,0.15140663324845907,0.0018142523411251203,0.05676639942935726,0.24335010131656581,0.003075003968008678
SCALED,MEMORY_ST_SCALED_VisImm,MOTOR_ST_RAW_WorseLegEyeClose,ST,413,0.32372049125393076,1.5707271970789708e-11,0.23455105123326248,0.4074877633708663,9.239571747523358e-11
SCALED,MEMORY_ST_SCALED_VisImm,MOTOR_ST_RAW_BestLegEyeClose,ST,413,0.4829465411770772,1.6043112225509033e-25,0.4053401211424825,0.5536417271138253,5.347704075169678e-24
SCALED,MEMORY_ST_SCALED_VisImm,MOTOR_ST_RAW_PegboardDominant,ST,423,0.2864812766490166,1.9628877101286013e-09,0.19650108795663632,0.3716764922365065,9.34708433394572e-09
SCALED,MEMORY_ST_SCALED_VisImm,MOTOR_ST_RAW_PegboardNondominant,ST,423,0.3157067807639419,3.0402867669267336e-11,0.22719820055177006,0.3990425189357426,1.6890482038481853e-10
SCALED,MEMORY_ST_SCALED_VisImm,MOTOR_ST_RAW_PegboardBoth,ST,423,0.3132482130650481,4.395834837099083e-11,0.22460904166218193,0.3967460830521274,2.313597282683728e-10
SCALED,MEMORY_ST_SCALED_VisImm,MOTOR_ST_RAW_PegboardSum,ST,423,0.35628656508628587,4.175555971146393e-14,0.27011498784690635,0.4367958118331223,4.175555971146393e-13
SCALED,MEMORY_ST_SCALED_VisImm,MOTOR_ST_RAW_PegboardAssemble,ST,423,0.4331229576581887,9.029534736307325e-21,0.3523253527740356,0.5075117866272666,1.8059069472614647e-19
SCALED,MEMORY_ST_SCALED_VisImm,MOTOR_ST_RAW_SymbolSearch,ST,423,0.5066751789991053,5.747914552269795e-29,0.43220757815899113,0.5742792541636599,5.747914552269795e-27
SCALED,MEMORY_ST_SCALED_VisImm,MOTOR_ST_RAW_SymbolCoding,ST,423,0.5025639924129904,1.8702035158115601e-28,0.4277115264115794,0.5705708795559262,9.351017579057801e-27
SCALED,MEMORY_ST_SCALED_VisImm,MOTOR_ST_RAW_GripMvcL,ST,423,0.224868476374081,2.99542281100017e-06,0.1323586571996946,0.3134946160635195,7.882691607895184e-06
SCALED,MEMORY_ST_SCALED_VisImm,MOTOR_ST_RAW_GripMvcR,ST,423,0.20760565164005043,1.6761540381917115e-05,0.11452496107774038,0.2970728582046026,4.190385095479279e-05
SCALED,MEMORY_ST_SCALED_VisImm,MOTOR_ST_NORM_BMI,ST,422,0.03433059871333846,0.48183354670253664,-0.061331097314778635,0.12936733345873597,0.5538316628764789
SCALED,MEMORY_ST_SCALED_VisImm,MOTOR_ST_NORM_WHR,ST,422,0.1985419383505369,4.000704478140078e-05,0.10507267542960798,0.2885340662488198,9.687115558431411e-05
SCALED,MEMORY_ST_SCALED_VisImm,MOTOR_ST_NORM_AerobicRating,ST,411,-0.19442211421392258,7.264165714506366e-05,-0.2857786271136943,-0.09956351783571354,0.00015779546637654268
SCALED,MEMORY_ST_SCALED_VisImm,MOTOR_ST_NORM_FunctionalReaching,ST,422,0.03448169615389275,0.47990579767353403,-0.0611803884254023,0.12951607531634501,0.5538316628764789
SCALED,MEMORY_ST_SCALED_VisImm,MOTOR_ST_NORM_BestLegEyeClose,ST,413,-0.20021593383204236,4.1654596901255065e-05,-0.29108838398332976,-0.1057629786748266,9.687115558431411e-05
SCALED,MEMORY_ST_SCALED_VisImm,MOTOR_ST_NORM_PegboardDominant,ST,422,0.011645717798153054,0.8114682954725712,-0.08390826406751264,0.1069874792668129,0.8632641441197565
SCALED,MEMORY_ST_SCALED_VisImm,MOTOR_ST_NORM_PegboardNondominant,ST,422,0.037135873601579814,0.4467355898353598,-0.05853232480133761,0.13212817737800092,0.5318280831373331
SCALED,MEMORY_ST_SCALED_VisImm,MOTOR_ST_NORM_PegboardSum,ST,422,0.029187389345424218,0.5498833434086512,-0.0664584808512772,0.1243017540991848,0.6042674103391772
SCALED,MEMORY_ST_SCALED_VisImm,MOTOR_ST_NORM_PegboardBoth,ST,422,0.032205519902510346,0.5093852808856868,-0.0634502494461926,0.12727493110193785,0.5788028513097869
SCALED,MEMORY_ST_SCALED_VisImm,MOTOR_ST_NORM_PegboardAssemble,ST,422,0.07014664313965258,0.15029354249602733,-0.025484709130361716,0.16450577209037962,0.1951864188260095
SCALED,MEMORY_ST_SCALED_VisImm,MOTOR_ST_NORM_WaisSpeed,ST,422,-0.15393121489560768,0.0015155081730030796,-0.24578032535582153,-0.0593425161258184,0.0026587862684264553
SCALED,MEMORY_ST_SCALED_WorMem,BASIC_Q_BFI_Agreeableness,Q,425,-0.016705094395774552,0.7313020440573551,-0.11165051543489844,0.07854255026854563,0.78634628393264
SCALED,MEMORY_ST_SCALED_WorMem,BASIC_Q_BFI_Conscientiousness,Q,425,-0.10284518948622266,0.034040904985950485,-0.19605008369782265,-0.007798645332806957,0.05006015439110365
SCALED,MEMORY_ST_SCALED_WorMem,BASIC_Q_BFI_EmotionalStability,Q,425,-0.17590605854821978,0.0002682554209912059,-0.2665684901079482,-0.0821579436881478,0.0005961231577582352
SCALED,MEMORY_ST_SCALED_WorMem,BASIC_Q_BFI_Extraversion,Q,423,0.04110365429984042,0.3990985849703938,-0.054457451750751736,0.13591865012236298,0.47511736305999264
SCALED,MEMORY_ST_SCALED_WorMem,BASIC_Q_BFI_Intellect,Q,425,0.22736698028298813,2.1835383493374503e-06,0.135167517562229,0.31566273002489,6.659702856058285e-06
SCALED,MEMORY_ST_SCALED_WorMem,BASIC_Q_Beck_Anxiety,Q,425,0.07220154509460294,0.13727139463851257,-0.023079805098518848,0.16618303509999077,0.17376125903609185
SCALED,MEMORY_ST_SCALED_WorMem,BASIC_Q_Beck_Depression,Q,425,0.12149947469862185,0.012186689852383447,0.02668504605209998,0.21414733144903794,0.019343952146640392
SCALED,MEMORY_ST_SCALED_WorMem,BASIC_Q_CogFailure_Sum,Q,425,-0.0011661912603111657,0.9808758601547126,-0.09627834869189714,0.09396707036614214,0.9808758601547126
SCALED,MEMORY_ST_SCALED_WorMem,BASIC_Q_EHI_Sum,Q,425,-0.17533492555786315,0.00028106780745196957,-0.26602097091458954,-0.08157258440794628,0.000611016972721673
SCALED,MEMORY_ST_SCALED_WorMem,BASIC_Q_IPAQ_MET,Q,425,-0.08111712754818831,0.09489949112386445,-0.17489049424224007,0.014114619873994066,0.12486775147876901
SCALED,MEMORY_ST_SCALED_WorMem,BASIC_Q_MOCA_SUM,Q,425,0.18340748591408512,0.00014341271043907046,0.08985223183626995,0.273754339587878,0.00034145883437873917
SCALED,MEMORY_ST_SCALED_WorMem,BASIC_Q_MSPSS_Sum,Q,425,0.02396245757281513,0.6222849647849934,-0.07132295204674353,0.11881447232741162,0.6914277386499926
SCALED,MEMORY_ST_SCALED_WorMem,BASIC_Q_PSQI_DaytimeDysfunc,Q,425,0.18461229219497308,0.00012938797043172024,0.09108905526013726,0.2749075215150641,0.0003155804156871225
SCALED,MEMORY_ST_SCALED_WorMem,BASIC_Q_PSQI_SleepDisturbance,Q,425,-0.07180006012980902,0.13947617335450604,-0.16579057714928538,0.023483163504085667,0.17434521669313258
SCALED,MEMORY_ST_SCALED_WorMem,BASIC_Q_PSQI_SleepDuration,Q,425,0.020478976311568746,0.6737655524714422,-0.0747895528347445,0.11537705741337288,0.7323538613820024
SCALED,MEMORY_ST_SCALED_WorMem,BASIC_Q_PSQI_SleepEfficiency,Q,425,-0.061026670155325424,0.20927472792777832,-0.15524828691153075,0.03429525254169673,0.2583638616392325
SCALED,MEMORY_ST_SCALED_WorMem,BASIC_Q_PSQI_SleepLatency,Q,425,0.11305515616985874,0.01973721451539589,0.018127261319509754,0.2059630411373602,0.030839397680306076
SCALED,MEMORY_ST_SCALED_WorMem,BASIC_Q_PSQI_SleepMedication,Q,425,-0.1034325599069735,0.03302679656772376,-0.19662088434874944,-0.008392292254641186,0.049293726220483225
SCALED,MEMORY_ST_SCALED_WorMem,BASIC_Q_PSQI_SleepQuality,Q,423,0.12219050164036546,0.01190046771141123,0.0271592428155068,0.2150329229701874,0.019343952146640392
SCALED,MEMORY_ST_SCALED_WorMem,BASIC_Q_PSQI_Sum,Q,425,0.07246679173234036,0.1358295348829503,-0.022813303727902138,0.16644230158355294,0.17376125903609185
SCALED,MEMORY_ST_SCALED_WorMem,BASIC_Q_SF36_EmotionalLimit,Q,425,-0.045945701884847444,0.34470771321387367,-0.1404546844425372,0.04939300726512375,0.4153104978480406
SCALED,MEMORY_ST_SCALED_WorMem,BASIC_Q_SF36_EmotionalWell,Q,425,-0.1988905343797692,3.635766121268119e-05,-0.28855420584360736,-0.1057687388110747,9.567805582284524e-05
SCALED,MEMORY_ST_SCALED_WorMem,BASIC_Q_SF36_Energy,Q,425,-0.25006575102386885,1.7579199214740164e-07,-0.33716837675844624,-0.15871834073234325,5.670709424109731e-07
SCALED,MEMORY_ST_SCALED_WorMem,BASIC_Q_SF36_GeneralHealth,Q,425,-0.040137939917525005,0.4091669785297753,-0.13474631154394842,0.05519563666677962,0.4813729159173827
SCALED,MEMORY_ST_SCALED_WorMem,BASIC_Q_SF36_Mental,Q,425,-0.16180351611507057,0.0008141833269330568,-0.2530318870302825,-0.06772301754764032,0.0016283666538661138
SCALED,MEMORY_ST_SCALED_WorMem,BASIC_Q_SF36_Pain,Q,425,-0.027226916492765138,0.5756513857452445,-0.1220336989512778,0.06807222158578109,0.6541493019832324
SCALED,MEMORY_ST_SCALED_WorMem,BASIC_Q_SF36_Physical,Q,425,0.10139658742527784,0.03665591147969935,0.00633485016005526,0.19464207679656412,0.05312450939086862
SCALED,MEMORY_ST_SCALED_WorMem,BASIC_Q_SF36_PhysicalFunct,Q,424,0.21146057968575477,1.1275816391150506e-05,0.11861422799016155,0.30064118854816474,3.316416585632502e-05
SCALED,MEMORY_ST_SCALED_WorMem,BASIC_Q_SF36_PhysicalLimit,Q,425,0.11170137001696069,0.021266872318669645,0.01675657680629487,0.2046497324432711,0.032718265105645614
SCALED,MEMORY_ST_SCALED_WorMem,BASIC_Q_SF36_SocialFunc,Q,425,-0.0383862926693472,0.42992851998280135,-0.13302340698572088,0.05694447284984854,0.49991688370093185
SCALED,MEMORY_ST_SCALED_WorMem,LANGUAGE_ST_RAW_SIMILARITY,ST,425,0.20352004214247005,2.3615151347583758e-05,0.11053713751252382,0.2929711333540487,6.559764273846563e-05
SCALED,MEMORY_ST_SCALED_WorMem,LANGUAGE_ST_RAW_VOCABULARY,ST,425,0.1290328279059234,0.007735815125787733,0.03433137237185117,0.22143774566128066,0.013111551060657175
SCALED,MEMORY_ST_SCALED_WorMem,LANGUAGE_ST_RAW_INFORMATION,ST,425,0.15150167952259666,0.001735093170197121,0.05720321272177133,0.24312083729805717,0.0032737607007219853
SCALED,MEMORY_ST_SCALED_WorMem,LANGUAGE_ST_RAW_SUM,ST,425,0.17756337664779556,0.00023409713407476188,0.08385690999442605,0.26815695431649833,0.0005320389410790042
SCALED,MEMORY_ST_SCALED_WorMem,LANGUAGE_ST_SCALED_SIMILARITY,ST,425,0.20352004212528296,2.3615151385847627e-05,0.11053713749481316,0.2929711333376579,6.559764273846563e-05
SCALED,MEMORY_ST_SCALED_WorMem,LANGUAGE_ST_SCALED_VOCABULARY,ST,425,0.1290328279093839,0.007735815124131545,0.0343313723753661,0.22143774566462718,0.013111551060657175
SCALED,MEMORY_ST_SCALED_WorMem,LANGUAGE_ST_SCALED_INFORMATION,ST,425,0.15150167951300644,0.0017350931713826523,0.05720321271198794,0.24312083728882183,0.0032737607007219853
SCALED,MEMORY_ST_SCALED_WorMem,LANGUAGE_ST_NORM_SIMILARITY,ST,425,-0.1372174650254455,0.004598437550859721,-0.22934675092280435,-0.042651334468090156,0.008129684835448932
SCALED,MEMORY_ST_SCALED_WorMem,LANGUAGE_ST_NORM_VOCABULARY,ST,425,-0.08876687992071243,0.0675200065134848,-0.182349998476592,0.006410082991427857,0.09124325204524975
SCALED,MEMORY_ST_SCALED_WorMem,LANGUAGE_ST_NORM_INFORMATION,ST,425,-0.150961240800201,0.0018030917556038715,-0.2426003707746907,-0.056651916759174234,0.003339058806673836
SCALED,MEMORY_ST_SCALED_WorMem,LANGUAGE_ST_NORM_VCI,ST,425,-0.146279514523249,0.0025026184409688147,-0.2380894512176055,-0.05187854193776594,0.004550215347216027
SCALED,MEMORY_ST_SCALED_WorMem,LANGUAGE_ST_NORM_PR,ST,425,-0.13709960600666649,0.004633920356205892,-0.229232947277672,-0.042531433618222196,0.008129684835448932
SCALED,MEMORY_ST_SCALED_WorMem,MEMORY_ST_NORM_AudImm,ST,425,-0.1664046384309596,0.0005721991836622178,-0.25745229431903616,-0.07242825902874231,0.0011920816326296206
SCALED,MEMORY_ST_SCALED_WorMem,MEMORY_ST_NORM_VisImm,ST,425,-0.27961055196773205,4.498810055230029e-09,-0.3650247002874313,-0.18952867457577258,2.2494050276150147e-08
SCALED,MEMORY_ST_SCALED_WorMem,MEMORY_ST_NORM_ImmMem,ST,425,-0.2554087594951723,9.362629891441811e-08,-0.3422173560642846,-0.16427706694930386,3.4586552203615393e-07
SCALED,MEMORY_ST_SCALED_WorMem,MEMORY_ST_NORM_WorMem,ST,425,-0.4921179489535425,2.639465766052515e-27,-0.5609803668362388,-0.4164917811296907,2.639465766052515e-25
SCALED,MEMORY_ST_SCALED_WorMem,MEMORY_ST_SCALED_ImmMem,ST,425,0.3612812678362842,1.5033959708900825e-14,0.27563078507183236,0.4412403943059279,2.505659951483471e-13
SCALED,MEMORY_ST_SCALED_WorMem,MEMORY_ST_RAW_AudImm,ST,425,0.3366765243928678,1.0072233241806468e-12,0.24954553886355546,0.4183998449985647,1.0002106839285732e-11
SCALED,MEMORY_ST_SCALED_WorMem,MEMORY_ST_RAW_VisImm,ST,425,0.2996196667354319,2.90005108005309e-10,0.2104961097896165,0.38380383683504415,2.2308085231177617e-09
SCALED,MEMORY_ST_SCALED_WorMem,MEMORY_ST_RAW_ImmMem,ST,425,0.3536185371735594,5.793840038093285e-14,0.2674934290803518,0.4341381825763816,8.276914340133265e-13
SCALED,MEMORY_ST_SCALED_WorMem,MEMORY_ST_RAW_WorMem,ST,425,0.05892702674168472,0.22540230252428758,-0.03639984324385207,0.15319118102090754,0.2748808567369361
SCALED,MEMORY_ST_SCALED_WorMem,MEMORY_ST_RAW_LogMemI,ST,425,0.26509439916101263,2.880599332823032e-08,0.17436853099200045,0.3513572263168521,1.1079228203165507e-07
SCALED,MEMORY_ST_SCALED_WorMem,MEMORY_ST_RAW_FacI,ST,425,0.28054997650461355,3.974367350611536e-09,0.19051125743670036,0.36590793531450705,2.178947338490166e-08
SCALED,MEMORY_ST_SCALED_WorMem,MEMORY_ST_RAW_VerPairI,ST,425,0.33613571690892385,1.1002317523214305e-12,0.24897360691598647,0.4178966505490257,1.0002106839285732e-11
SCALED,MEMORY_ST_SCALED_WorMem,MEMORY_ST_RAW_FamPicI,ST,425,0.2548305693060772,1.0030100139048463e-07,0.16367525359043802,0.34167122582877807,3.4586552203615393e-07
SCALED,MEMORY_ST_SCALED_WorMem,MEMORY_ST_RAW_LetNumSeq,ST,425,-0.012653369676176515,0.7947881434589541,-0.10764664127460424,0.08256884993450922,0.8193692203097606
SCALED,MEMORY_ST_SCALED_WorMem,MEMORY_ST_RAW_SpaForward,ST,425,0.09872131211999897,0.04193452332840829,0.003632586749961564,0.19204076200419526,0.05744455250466888
SCALED,MEMORY_ST_SCALED_WorMem,MEMORY_ST_RAW_SpaBackward,ST,425,0.10038588614744717,0.038579783718174374,0.0053137897488074225,0.1936594714475827,0.05433772354672447
SCALED,MEMORY_ST_SCALED_WorMem,MEMORY_ST_RAW_SpaTotal,ST,425,0.12171907678799122,0.01203022504657054,0.02690778449452415,0.2143599978695991,0.019343952146640392
SCALED,MEMORY_ST_SCALED_WorMem,MEMORY_ST_SCALED_LogMemI,ST,425,0.26509439917008143,2.880599329579479e-08,0.17436853100145813,0.3513572263254021,1.1079228203165507e-07
SCALED,MEMORY_ST_SCALED_WorMem,MEMORY_ST_SCALED_FacI,ST,425,0.2805499764939622,3.974367356207274e-09,0.1905112574255586,0.36590793530449367,2.178947338490166e-08
SCALED,MEMORY_ST_SCALED_WorMem,MEMORY_ST_SCALED_VerPairI,ST,425,0.33613571690892385,1.1002317523214305e-12,0.24897360691598647,0.4178966505490257,1.0002106839285732e-11
SCALED,MEMORY_ST_SCALED_WorMem,MEMORY_ST_SCALED_FamPicI,ST,425,0.2548305693060772,1.0030100139048463e-07,0.16367525359043802,0.34167122582877807,3.4586552203615393e-07
SCALED,MEMORY_ST_SCALED_WorMem,MEMORY_ST_SCALED_LetNumSeq,ST,425,-0.012653369660945768,0.7947881437004678,-0.10764664125954757,0.08256884994963855,0.8193692203097606
SCALED,MEMORY_ST_SCALED_WorMem,MEMORY_ST_SCALED_SpaForward,ST,425,0.09872131211999897,0.04193452332840829,0.003632586749961564,0.19204076200419526,0.05744455250466888
SCALED,MEMORY_ST_SCALED_WorMem,MEMORY_ST_SCALED_SpaBackward,ST,425,0.10038588614744716,0.038579783718174374,0.005313789748807409,0.19365947144758267,0.05433772354672447
SCALED,MEMORY_ST_SCALED_WorMem,MEMORY_ST_SCALED_SpaTotal,ST,425,0.12171907678799122,0.01203022504657054,0.02690778449452415,0.2143599978695991,0.019343952146640392
SCALED,MEMORY_ST_SCALED_WorMem,MOTOR_ST_RAW_BPrestHigh,ST,423,-0.28087960430667824,4.139999943131316e-09,-0.36641426360510054,-0.1906374271315173,2.178947338490166e-08
SCALED,MEMORY_ST_SCALED_WorMem,MOTOR_ST_RAW_BPrestLow,ST,423,-0.1086671744131357,0.025419812784255154,-0.20192270019182973,-0.013458944956589072,0.03851486785493205
SCALED,MEMORY_ST_SCALED_WorMem,MOTOR_ST_RAW_HRrest,ST,423,0.0869653370145707,0.07398492314563561,-0.008452429831046295,0.18081371971634708,0.09864656419418082
SCALED,MEMORY_ST_SCALED_WorMem,MOTOR_ST_RAW_HEIGHT,ST,423,0.27050474976219185,1.5792513345603784e-08,0.17979432526768066,0.3566536192992606,7.17841515709263e-08
SCALED,MEMORY_ST_SCALED_WorMem,MOTOR_ST_RAW_WEIGHT,ST,423,0.1579580547570722,0.0011157313171644139,0.06356776489176653,0.24954731883080272,0.0021877084650282624
SCALED,MEMORY_ST_SCALED_WorMem,MOTOR_ST_RAW_BMI,ST,423,0.029812236710940774,0.5408893008959954,-0.065722260406514,0.12480515439338617,0.6217118401103395
SCALED,MEMORY_ST_SCALED_WorMem,MOTOR_ST_RAW_WHR,ST,423,-0.16515653941684028,0.0006492381550671152,-0.2564655805958091,-0.07092574816427163,0.001324975826667582
SCALED,MEMORY_ST_SCALED_WorMem,MOTOR_ST_RAW_AerobicRating,ST,411,-0.23106379133086408,2.1977019424992342e-06,-0.3206284636624969,-0.13740385779153458,6.659702856058285e-06
SCALED,MEMORY_ST_SCALED_WorMem,MOTOR_ST_RAW_FunctionalReaching,ST,423,0.29625557405747405,5.128825518044291e-10,0.2067479621889048,0.38084540639243075,3.6634467986030653e-09
SCALED,MEMORY_ST_SCALED_WorMem,MOTOR_ST_RAW_WorseLegEyeOpen,ST,422,0.26990231349346167,1.7716752433959817e-08,0.17905497604200216,0.35618586234578037,7.409172480309917e-08
SCALED,MEMORY_ST_SCALED_WorMem,MOTOR_ST_RAW_BestLegEyeOpen,ST,422,0.19686690433489146,4.659344597804605e-05,0.1033484365904066,0.2869352160825672,0.00011947037430268218
SCALED,MEMORY_ST_SCALED_WorMem,MOTOR_ST_RAW_WorseLegEyeClose,ST,413,0.2812901533520676,5.9902201974951185e-09,0.18994974040529572,0.36780301296851214,2.8524858083310088e-08
SCALED,MEMORY_ST_SCALED_WorMem,MOTOR_ST_RAW_BestLegEyeClose,ST,413,0.41454109853947346,1.3940281744563974e-18,0.3312972400359206,0.4913813239743286,3.4850704361409934e-17
SCALED,MEMORY_ST_SCALED_WorMem,MOTOR_ST_RAW_PegboardDominant,ST,423,0.29021990058838143,1.1818662200724684e-09,0.20041815061714796,0.3751855237857501,7.879108133816456e-09
SCALED,MEMORY_ST_SCALED_WorMem,MOTOR_ST_RAW_PegboardNondominant,ST,423,0.303865097444399,1.740728270316233e-10,0.21473901507515386,0.3879721259929811,1.4506068919301943e-09
SCALED,MEMORY_ST_SCALED_WorMem,MOTOR_ST_RAW_PegboardBoth,ST,423,0.2850390892587609,2.382461666213093e-09,0.19499083446350016,0.37032221995398257,1.4890385413831831e-08
SCALED,MEMORY_ST_SCALED_WorMem,MOTOR_ST_RAW_PegboardSum,ST,423,0.34286752562368816,4.110985441642266e-13,0.255885146599384,0.42434275211047606,5.138731802052832e-12
SCALED,MEMORY_ST_SCALED_WorMem,MOTOR_ST_RAW_PegboardAssemble,ST,423,0.375627212491021,1.2708902824241394e-15,0.29069067239092194,0.4546900836371335,2.541780564848279e-14
SCALED,MEMORY_ST_SCALED_WorMem,MOTOR_ST_RAW_SymbolSearch,ST,423,0.434389177877649,6.772291369764335e-21,0.3536906578479042,0.5086688126556934,2.257430456588112e-19
SCALED,MEMORY_ST_SCALED_WorMem,MOTOR_ST_RAW_SymbolCoding,ST,423,0.4686157172358354,1.769503428605648e-24,0.39072624127486316,0.5398424682306543,8.84751714302824e-23
SCALED,MEMORY_ST_SCALED_WorMem,MOTOR_ST_RAW_GripMvcL,ST,423,0.2695639596554844,1.77820139527438e-08,0.178812163405788,0.35576759465978874,7.409172480309917e-08
SCALED,MEMORY_ST_SCALED_WorMem,MOTOR_ST_RAW_GripMvcR,ST,423,0.25437827979055405,1.1341488502915853e-07,0.1629836676189821,0.3414444368701856,3.780496167638618e-07
SCALED,MEMORY_ST_SCALED_WorMem,MOTOR_ST_NORM_BMI,ST,422,0.07388532421546229,0.12967889496371762,-0.021728631312981552,0.16815996795835045,0.16841414930352938
SCALED,MEMORY_ST_SCALED_WorMem,MOTOR_ST_NORM_WHR,ST,422,0.17292386996177744,0.00035876222151875537,0.07876335040355595,0.2640261757080918,0.00076332387557182
SCALED,MEMORY_ST_SCALED_WorMem,MOTOR_ST_NORM_AerobicRating,ST,411,-0.1855681198571744,0.00015463741098807235,-0.27732120210140515,-0.09046085710931186,0.00035962188601877296
SCALED,MEMORY_ST_SCALED_WorMem,MOTOR_ST_NORM_FunctionalReaching,ST,422,-0.021226189696687565,0.6637093640873006,-0.11645092937464788,0.07438523499095998,0.7293509495464842
SCALED,MEMORY_ST_SCALED_WorMem,MOTOR_ST_NORM_BestLegEyeClose,ST,413,-0.20415429608393035,2.9094487478117388e-05,-0.2948421716343622,-0.10982148799875328,7.86337499408578e-05
SCALED,MEMORY_ST_SCALED_WorMem,MOTOR_ST_NORM_PegboardDominant,ST,422,0.00756874140228113,0.8768032166365423,-0.08795550832454993,0.1029550549339058,0.8946971598332064
SCALED,MEMORY_ST_SCALED_WorMem,MOTOR_ST_NORM_PegboardNondominant,ST,422,0.02518154872707144,0.6059641406167509,-0.07044849912177796,0.12035293886790811,0.6808585849626414
SCALED,MEMORY_ST_SCALED_WorMem,MOTOR_ST_NORM_PegboardSum,ST,422,0.0062546038848954755,0.8980649187448062,-0.08925939046385804,0.101654609427994,0.9071362815604104
SCALED,MEMORY_ST_SCALED_WorMem,MOTOR_ST_NORM_PegboardBoth,ST,422,0.016166722296154474,0.7405359418326635,-0.079416540534866,0.11145541498965976,0.787631021745085
SCALED,MEMORY_ST_SCALED_WorMem,MOTOR_ST_NORM_PegboardAssemble,ST,422,0.015669042411904328,0.7482494706578308,-0.07991118731063977,0.11096376562445179,0.787631021745085
SCALED,MEMORY_ST_SCALED_WorMem,MOTOR_ST_NORM_WaisSpeed,ST,422,-0.1943736317573358,5.832087978651253e-05,-0.2845544127341818,-0.10078296363733497,0.00014580219946628133
SCALED,MOTOR_ST_SCALED_FineMotor,BASIC_Q_BFI_Agreeableness,Q,423,-0.03596677260629529,0.46064990383444054,-0.1308656684248678,0.059585245734243855,0.49005308918557505
SCALED,MOTOR_ST_SCALED_FineMotor,BASIC_Q_BFI_Conscientiousness,Q,423,-0.23498416799423574,1.0227595415896578e-06,-0.32309288853626755,-0.14283677401995,2.1307490449784537e-06
SCALED,MOTOR_ST_SCALED_FineMotor,BASIC_Q_BFI_EmotionalStability,Q,423,-0.25940141801312483,6.224428742990549e-08,-0.3461867489930384,-0.16821423530679627,1.7290079841640415e-07
SCALED,MOTOR_ST_SCALED_FineMotor,BASIC_Q_BFI_Extraversion,Q,423,-0.04165081895464891,0.3928463625632,-0.1364565874661594,0.053910957893192925,0.43649595840355554
SCALED,MOTOR_ST_SCALED_FineMotor,BASIC_Q_BFI_Intellect,Q,423,0.09014865916164766,0.06397257648832964,-0.005244096063426687,0.18391549961072268,0.08308126816666186
SCALED,MOTOR_ST_SCALED_FineMotor,BASIC_Q_Beck_Anxiety,Q,423,0.1182440954580327,0.014963236395258523,0.02315750028864211,0.211210524389703,0.021074980838392286
SCALED,MOTOR_ST_SCALED_FineMotor,BASIC_Q_Beck_Depression,Q,423,0.14677706591686673,0.002476226066518257,0.052159348537166327,0.23878301261127652,0.003930517565901995
SCALED,MOTOR_ST_SCALED_FineMotor,BASIC_Q_CogFailure_Sum,Q,423,0.048984060949420795,0.31486040501483753,-0.04658117698732817,0.1436607707194459,0.3619085115113075
SCALED,MOTOR_ST_SCALED_FineMotor,BASIC_Q_EHI_Sum,Q,423,-0.11186665521978383,0.02138165905425308,-0.20502746570862948,-0.01669707016568411,0.02969674868646261
SCALED,MOTOR_ST_SCALED_FineMotor,BASIC_Q_IPAQ_MET,Q,423,-0.14591757748444875,0.0026269807816498895,-0.23795461787628308,-0.05128339862862197,0.004104657471327953
SCALED,MOTOR_ST_SCALED_FineMotor,BASIC_Q_MOCA_SUM,Q,423,0.21348035596081666,9.475552574751769e-06,0.12058721158436106,0.3026672865187832,1.8222216489907245e-05
SCALED,MOTOR_ST_SCALED_FineMotor,BASIC_Q_MSPSS_Sum,Q,423,-0.011699697118952739,0.8103896267905405,-0.10692809444050073,0.08374139945426431,0.8441558612401464
SCALED,MOTOR_ST_SCALED_FineMotor,BASIC_Q_PSQI_DaytimeDysfunc,Q,423,0.23540967642701074,9.76505855405944e-07,0.14327798074103576,0.32349623526291804,2.077672032778604e-06
SCALED,MOTOR_ST_SCALED_FineMotor,BASIC_Q_PSQI_SleepDisturbance,Q,423,-0.006819716118402565,0.888780534856443,-0.10210100531956251,0.08858556590229054,0.9162685926355083
SCALED,MOTOR_ST_SCALED_FineMotor,BASIC_Q_PSQI_SleepDuration,Q,423,0.0400384742322316,0.4114398117485531,-0.055521161779722564,0.134871272727994,0.45213166126214627
SCALED,MOTOR_ST_SCALED_FineMotor,BASIC_Q_PSQI_SleepEfficiency,Q,423,0.002617783982874059,0.9571896057429419,-0.09275304692157439,0.0979410177195493,0.9571896057429419
SCALED,MOTOR_ST_SCALED_FineMotor,BASIC_Q_PSQI_SleepLatency,Q,423,0.100134590384304,0.03953767917563131,0.004833054682990576,0.19363353446274933,0.05271690556750841
SCALED,MOTOR_ST_SCALED_FineMotor,BASIC_Q_PSQI_SleepMedication,Q,423,-0.18096090944809426,0.00018275075115372507,-0.27162196868126864,-0.08711635289381275,0.00032061535290127207
SCALED,MOTOR_ST_SCALED_FineMotor,BASIC_Q_PSQI_SleepQuality,Q,423,0.11861836739580248,0.014645670205442867,0.023536889510895158,0.21157315769926924,0.020922386007775524
SCALED,MOTOR_ST_SCALED_FineMotor,BASIC_Q_PSQI_Sum,Q,423,0.08173971021471593,0.09315720904103714,-0.013714858946176432,0.17571789886059158,0.11644651130129642
SCALED,MOTOR_ST_SCALED_FineMotor,BASIC_Q_SF36_EmotionalLimit,Q,423,-0.07406200084041896,0.1283069401108802,-0.16822175912577497,0.021437059735155216,0.15840362976651878
SCALED,MOTOR_ST_SCALED_FineMotor,BASIC_Q_SF36_EmotionalWell,Q,423,-0.2690029912103485,1.9081512098862296e-08,-0.3552392076682187,-0.17822661213342,5.6122094408418516e-08
SCALED,MOTOR_ST_SCALED_FineMotor,BASIC_Q_SF36_Energy,Q,423,-0.379030186390313,6.707574295452054e-16,-0.45783197921297897,-0.2943190953648419,5.5896452462100445e-15
SCALED,MOTOR_ST_SCALED_FineMotor,BASIC_Q_SF36_GeneralHealth,Q,423,-0.08742198201659461,0.07247473854650625,-0.18125878227010805,0.00799231759033928,0.09174017537532438
SCALED,MOTOR_ST_SCALED_FineMotor,BASIC_Q_SF36_Mental,Q,423,-0.24211260415982508,4.6561969633652647e-07,-0.329845834072286,-0.15023303522835973,1.0828365031082013e-06
SCALED,MOTOR_ST_SCALED_FineMotor,BASIC_Q_SF36_Pain,Q,423,-0.04337017262870456,0.37358833065998526,-0.1381465823971068,0.05219333941280472,0.4197621692808823
SCALED,MOTOR_ST_SCALED_FineMotor,BASIC_Q_SF36_Physical,Q,423,0.03155484784553958,0.517484275720734,-0.06398534345371644,0.12652186362992432,0.5447202902323516
SCALED,MOTOR_ST_SCALED_FineMotor,BASIC_Q_SF36_PhysicalFunct,Q,423,0.19903796775893673,3.742686636247725e-05,0.1056961696380251,0.28890290358295756,6.804884793177682e-05
SCALED,MOTOR_ST_SCALED_FineMotor,BASIC_Q_SF36_PhysicalLimit,Q,423,0.03904156027717231,0.4231920424984487,-0.056516503439186676,0.13389082847584252,0.4550452069875793
SCALED,MOTOR_ST_SCALED_FineMotor,BASIC_Q_SF36_SocialFunc,Q,423,-0.06916904866337584,0.1555817823703198,-0.16343883164618533,0.026352428233211694,0.18521640758371405
SCALED,MOTOR_ST_SCALED_FineMotor,LANGUAGE_ST_RAW_SIMILARITY,ST,423,0.25368171743514034,1.2313179961339046e-07,0.16225874623299674,0.34078646671138024,3.240310520516864e-07
SCALED,MOTOR_ST_SCALED_FineMotor,LANGUAGE_ST_RAW_VOCABULARY,ST,423,0.1074505113679474,0.027119560712310024,0.01222811050087508,0.20074156233381785,0.03664805502034064
SCALED,MOTOR_ST_SCALED_FineMotor,LANGUAGE_ST_RAW_INFORMATION,ST,423,0.2236079200572621,3.412928409724313e-06,0.13105438481294923,0.31229726709015665,6.825856821686151e-06
SCALED,MOTOR_ST_SCALED_FineMotor,LANGUAGE_ST_RAW_SUM,ST,423,0.2039325343911403,2.3750433570304816e-05,0.11073810095068844,0.2935718579433984,4.4812138811895874e-05
SCALED,MOTOR_ST_SCALED_FineMotor,LANGUAGE_ST_SCALED_SIMILARITY,ST,423,0.25368171742368256,1.2313179977964084e-07,0.16225874622107334,0.3407864667005566,3.240310520516864e-07
SCALED,MOTOR_ST_SCALED_FineMotor,LANGUAGE_ST_SCALED_VOCABULARY,ST,423,0.10745051136603817,0.027119560715052074,0.012228110498943845,0.20074156233196416,0.03664805502034064
SCALED,MOTOR_ST_SCALED_FineMotor,LANGUAGE_ST_SCALED_INFORMATION,ST,423,0.22360792005408614,3.4129284108430755e-06,0.13105438480966353,0.3122972670871396,6.825856821686151e-06
SCALED,MOTOR_ST_SCALED_FineMotor,LANGUAGE_ST_NORM_SIMILARITY,ST,423,-0.12048541138458785,0.013148339953329157,-0.21338176055398336,-0.025429870066019093,0.019335794049013467
SCALED,MOTOR_ST_SCALED_FineMotor,LANGUAGE_ST_NORM_VOCABULARY,ST,423,-0.13342769325464046,0.005989036545797587,-0.22590145004832532,-0.03857071086878641,0.008938860516115801
SCALED,MOTOR_ST_SCALED_FineMotor,LANGUAGE_ST_NORM_INFORMATION,ST,423,-0.1202073761876515,0.013362400054192662,-0.2131124685980979,-0.025147929259976574,0.019365797179989364
SCALED,MOTOR_ST_SCALED_FineMotor,LANGUAGE_ST_NORM_VCI,ST,423,-0.14252660155664437,0.0033068187450173473,-0.23468501043137896,-0.047828896429220946,0.005087413453872842
SCALED,MOTOR_ST_SCALED_FineMotor,LANGUAGE_ST_NORM_PR,ST,423,-0.13970364572623084,0.003990546368664201,-0.23196150123764608,-0.044954782462803836,0.00604628237676394
SCALED,MOTOR_ST_SCALED_FineMotor,MEMORY_ST_NORM_AudImm,ST,423,-0.15125742518820706,0.0018105488415509166,-0.2430991186495342,-0.0567278773842003,0.0029681128550015025
SCALED,MOTOR_ST_SCALED_FineMotor,MEMORY_ST_NORM_VisImm,ST,423,-0.2811100129697095,4.016157181651266e-09,-0.36663081818528653,-0.190878485014754,1.2550491192660206e-08
SCALED,MOTOR_ST_SCALED_FineMotor,MEMORY_ST_NORM_ImmMem,ST,423,-0.2491242981207345,2.095840216011158e-07,-0.3364794391795238,-0.1575182152661667,5.239600540027895e-07
SCALED,MOTOR_ST_SCALED_FineMotor,MEMORY_ST_NORM_WorMem,ST,423,-0.16429813154216213,0.0006933529689680052,-0.2556410798816946,-0.07004778147633968,0.0011954361533931123
SCALED,MOTOR_ST_SCALED_FineMotor,MEMORY_ST_SCALED_ImmMem,ST,423,0.4224912040470117,9.641494956053055e-20,0.34087518904676084,0.4977862822327605,2.4103737390132638e-18
SCALED,MOTOR_ST_SCALED_FineMotor,MEMORY_ST_RAW_AudImm,ST,423,0.3999298288415318,1.1200064298353128e-17,0.3166570358822625,0.47708511704598694,1.6000091854790182e-16
SCALED,MOTOR_ST_SCALED_FineMotor,MEMORY_ST_RAW_VisImm,ST,423,0.35651189936841365,4.0144790193078353e-14,0.27035425902196136,0.4370046621514678,2.587802702375292e-13
SCALED,MOTOR_ST_SCALED_FineMotor,MEMORY_ST_RAW_ImmMem,ST,423,0.4201270513213128,1.614119000241954e-19,0.3383323354526972,0.4956210729910898,3.2282380004839082e-18
SCALED,MOTOR_ST_SCALED_FineMotor,MEMORY_ST_RAW_WorMem,ST,423,0.3949119624947381,3.072984156709004e-17,0.31128540445327796,0.47246931147839516,3.841230195886255e-16
SCALED,MOTOR_ST_SCALED_FineMotor,MEMORY_ST_RAW_LogMemI,ST,423,0.33469361385894336,1.5703365743680445e-12,0.24723578666685866,0.41674211123156285,7.477793222044257e-12
SCALED,MOTOR_ST_SCALED_FineMotor,MEMORY_ST_RAW_FacI,ST,423,0.31657108288890085,2.668530380615561e-11,0.22810870897519891,0.39984957582312997,1.0263578418241381e-10
SCALED,MOTOR_ST_SCALED_FineMotor,MEMORY_ST_RAW_VerPairI,ST,423,0.37285696421024084,2.1264281444081114e-15,0.28773869617846975,0.452130916775391,1.5188772460057937e-14
SCALED,MOTOR_ST_SCALED_FineMotor,MEMORY_ST_RAW_FamPicI,ST,423,0.30885965906583845,8.418271268589716e-11,0.21999049065755827,0.392644335443621,3.0065254530677555e-10
SCALED,MOTOR_ST_SCALED_FineMotor,MEMORY_ST_RAW_LetNumSeq,ST,423,0.3210154244241022,1.3555545276042887e-11,0.23279309331298167,0.4039975175258848,5.893715342545371e-11
SCALED,MOTOR_ST_SCALED_FineMotor,MEMORY_ST_RAW_SpaForward,ST,423,0.2397013233865984,6.092998570329367e-07,0.14773000776890244,0.32756257203762823,1.3245649065933406e-06
SCALED,MOTOR_ST_SCALED_FineMotor,MEMORY_ST_RAW_SpaBackward,ST,423,0.30660554804457996,1.170457916100816e-10,0.21761979306793597,0.39053624150129795,3.9015263870027206e-10
SCALED,MOTOR_ST_SCALED_FineMotor,MEMORY_ST_RAW_SpaTotal,ST,423,0.3559873513783446,4.399264594037997e-14,0.2697972842630872,0.43651847320355563,2.587802702375292e-13
SCALED,MOTOR_ST_SCALED_FineMotor,MEMORY_ST_SCALED_LogMemI,ST,423,0.3346936138500301,1.570336576629294e-12,0.24723578665743454,0.41674211122326843,7.477793222044257e-12
SCALED,MOTOR_ST_SCALED_FineMotor,MEMORY_ST_SCALED_FacI,ST,423,0.3165710828687507,2.668530388742759e-11,0.2281087089539697,0.3998495758043159,1.0263578418241381e-10
SCALED,MOTOR_ST_SCALED_FineMotor,MEMORY_ST_SCALED_VerPairI,ST,423,0.37285696421024084,2.1264281444081114e-15,0.28773869617846975,0.452130916775391,1.5188772460057937e-14
SCALED,MOTOR_ST_SCALED_FineMotor,MEMORY_ST_SCALED_FamPicI,ST,423,0.3088596590658385,8.418271268589442e-11,0.21999049065755832,0.39264433544362104,3.0065254530677555e-10
SCALED,MOTOR_ST_SCALED_FineMotor,MEMORY_ST_SCALED_LetNumSeq,ST,423,0.3210154244184316,1.3555545287854354e-11,0.23279309330700218,0.40399751752059454,5.893715342545371e-11
SCALED,MOTOR_ST_SCALED_FineMotor,MEMORY_ST_SCALED_SpaForward,ST,423,0.23970132338659844,6.092998570329217e-07,0.14773000776890247,0.32756257203762823,1.3245649065933406e-06
SCALED,MOTOR_ST_SCALED_FineMotor,MEMORY_ST_SCALED_SpaBackward,ST,423,0.30660554804457996,1.170457916100816e-10,0.21761979306793597,0.39053624150129795,3.9015263870027206e-10
SCALED,MOTOR_ST_SCALED_FineMotor,MEMORY_ST_SCALED_SpaTotal,ST,423,0.3559873513783447,4.399264594037827e-14,0.2697972842630873,0.43651847320355575,2.587802702375292e-13
SCALED,MOTOR_ST_SCALED_FineMotor,MOTOR_ST_RAW_BPrestHigh,ST,423,-0.24148509375421018,4.995119643988759e-07,-0.3292517379791893,-0.149581535316949,1.1352544645428998e-06
SCALED,MOTOR_ST_SCALED_FineMotor,MOTOR_ST_RAW_BPrestLow,ST,423,-0.08775809774542667,0.07137930362846455,-0.18158634812633292,0.007653623968762864,0.09151192772880071
SCALED,MOTOR_ST_SCALED_FineMotor,MOTOR_ST_RAW_HRrest,ST,423,0.0930582916524746,0.05582303294412139,-0.0023098834729143075,0.18674896797083276,0.07345135913700182
SCALED,MOTOR_ST_SCALED_FineMotor,MOTOR_ST_RAW_HEIGHT,ST,423,0.2759719619649944,7.853664395139145e-09,0.18550554263222643,0.36179950772875313,2.379898301557317e-08
SCALED,MOTOR_ST_SCALED_FineMotor,MOTOR_ST_RAW_WEIGHT,ST,423,0.19909004431965333,3.724834793061319e-05,0.10574978886190552,0.2889526022133374,6.804884793177682e-05
SCALED,MOTOR_ST_SCALED_FineMotor,MOTOR_ST_RAW_BMI,ST,423,0.07295621219766935,0.1341216780053485,-0.022548318317902567,0.16714122326966713,0.16356302195774206
SCALED,MOTOR_ST_SCALED_FineMotor,MOTOR_ST_RAW_WHR,ST,423,-0.21847183372089055,5.7630008207428984e-06,-0.3074158018123941,-0.1257434892097891,1.1300001609299801e-05
SCALED,MOTOR_ST_SCALED_FineMotor,MOTOR_ST_RAW_AerobicRating,ST,411,-0.2941136862997527,1.206135391372028e-09,-0.38003283326992066,-0.20316259399839245,3.890759327006542e-09
SCALED,MOTOR_ST_SCALED_FineMotor,MOTOR_ST_RAW_FunctionalReaching,ST,423,0.3192920757875786,1.765045178218597e-11,0.23097617904597875,0.4023895065656951,7.354354909244154e-11
SCALED,MOTOR_ST_SCALED_FineMotor,MOTOR_ST_RAW_WorseLegEyeOpen,ST,422,0.26449992873694095,3.4690174939010856e-08,0.17341791782397412,0.35109569162930415,9.911478554003102e-08
SCALED,MOTOR_ST_SCALED_FineMotor,MOTOR_ST_RAW_BestLegEyeOpen,ST,422,0.19057676179275979,8.165122423218972e-05,0.09687853298907505,0.2809266779433148,0.00014580575755748166
SCALED,MOTOR_ST_SCALED_FineMotor,MOTOR_ST_RAW_WorseLegEyeClose,ST,413,0.25173754736957654,2.1702954574011954e-07,0.1591062082885371,0.3399752618005758,5.293403554637062e-07
SCALED,MOTOR_ST_SCALED_FineMotor,MOTOR_ST_RAW_BestLegEyeClose,ST,413,0.4534470460178564,2.4587878585817474e-22,0.37328414786147107,0.5268888233640093,1.2293939292908737e-20
SCALED,MOTOR_ST_SCALED_FineMotor,MOTOR_ST_RAW_PegboardDominant,ST,423,-0.05326312031651321,0.274395963733537,-0.1478598914272377,0.04229937748233566,0.31906507410876395
SCALED,MOTOR_ST_SCALED_FineMotor,MOTOR_ST_RAW_PegboardNondominant,ST,423,-0.004876906217314822,0.920338815441566,-0.10017800305471627,0.09051286219513731,0.9391212402464959
SCALED,MOTOR_ST_SCALED_FineMotor,MOTOR_ST_RAW_PegboardBoth,ST,423,-0.044511370176685196,0.36113344180056284,-0.13926798882953076,0.05105298130667049,0.4103789111370032
SCALED,MOTOR_ST_SCALED_FineMotor,MOTOR_ST_RAW_PegboardSum,ST,423,-0.03936859539176576,0.4193153372542818,-0.13421248121211377,0.056190005046030826,0.4550452069875793
SCALED,MOTOR_ST_SCALED_FineMotor,MOTOR_ST_RAW_PegboardAssemble,ST,423,0.07222281866928679,0.13808881973954198,-0.023285209539604335,0.16642445336462527,0.16637207197535178
SCALED,MOTOR_ST_SCALED_FineMotor,MOTOR_ST_RAW_SymbolSearch,ST,423,0.42752427404102805,3.175384885934617e-20,0.3462926776760203,0.5023926955119412,1.0584616286448723e-18
SCALED,MOTOR_ST_SCALED_FineMotor,MOTOR_ST_RAW_SymbolCoding,ST,423,0.39238315390271766,5.077545664965234e-17,0.30858033570047555,0.47014151234944035,5.641717405516927e-16
SCALED,MOTOR_ST_SCALED_FineMotor,MOTOR_ST_RAW_GripMvcL,ST,423,0.16157204349389645,0.0008525278006351779,0.06726054738749168,0.2530217911439194,0.0014449623739579286
SCALED,MOTOR_ST_SCALED_FineMotor,MOTOR_ST_RAW_GripMvcR,ST,423,0.15006746985944372,0.0019691736297184487,0.05551411856873299,0.24195314251724032,0.003176086499545885
SCALED,MOTOR_ST_SCALED_FineMotor,MOTOR_ST_NORM_BMI,ST,422,-0.064223756148878,0.1879151129646969,-0.15871142141121372,0.0314296344055213,0.2210766034878787
SCALED,MOTOR_ST_SCALED_FineMotor,MOTOR_ST_NORM_WHR,ST,422,0.1570705319936286,0.0012071368487319145,0.0625476754332136,0.24880069898721274,0.002011894747886524
SCALED,MOTOR_ST_SCALED_FineMotor,MOTOR_ST_NORM_AerobicRating,ST,411,-0.25068932775914304,2.615542035712073e-07,-0.3391950890783366,-0.15778445977977779,6.227481037409698e-07
SCALED,MOTOR_ST_SCALED_FineMotor,MOTOR_ST_NORM_FunctionalReaching,ST,422,-0.003514820024811774,0.9426100775277415,-0.09894232253183456,0.09197674101743288,0.9521313914421631
SCALED,MOTOR_ST_SCALED_FineMotor,MOTOR_ST_NORM_BestLegEyeClose,ST,413,-0.2549705395267278,1.4965922680745748e-07,-0.3430271045917795,-0.16247163920002078,3.837416071986089e-07
SCALED,MOTOR_ST_SCALED_FineMotor,MOTOR_ST_NORM_PegboardDominant,ST,422,-0.38155121514864854,4.503116504356309e-16,-0.4602482270257249,-0.29690471878761304,4.093742276687554e-15
SCALED,MOTOR_ST_SCALED_FineMotor,MOTOR_ST_NORM_PegboardNondominant,ST,422,-0.3557928851340748,4.875162386409173e-14,-0.43643055426717886,-0.2694850387811596,2.708423548005096e-13
SCALED,MOTOR_ST_SCALED_FineMotor,MOTOR_ST_NORM_PegboardSum,ST,422,-0.39191275011435617,6.06360477830894e-17,-0.4697972702086209,-0.3079740569867428,6.06360477830894e-16
SCALED,MOTOR_ST_SCALED_FineMotor,MOTOR_ST_NORM_PegboardBoth,ST,422,-0.4619396587032282,1.0750963957023777e-23,-0.5338587454599764,-0.38338512412648407,1.0750963957023778e-21
SCALED,MOTOR_ST_SCALED_FineMotor,MOTOR_ST_NORM_PegboardAssemble,ST,422,-0.41883356470812266,2.355160328164367e-19,-0.4945222062907204,-0.3368404689748266,3.9252672136072784e-18
SCALED,MOTOR_ST_SCALED_FineMotor,MOTOR_ST_NORM_WaisSpeed,ST,422,-0.3407309875902005,6.23790863684964e-13,-0.42245087392819886,-0.25351626337563576,3.2831098088682316e-12
SCALED,MOTOR_ST_SCALED_Balance,BASIC_Q_BFI_Agreeableness,Q,413,0.008412455813563877,0.8646592721650569,-0.08815541246375141,0.10482366928554916,0.8733932042071282
SCALED,MOTOR_ST_SCALED_Balance,BASIC_Q_BFI_Conscientiousness,Q,413,-0.19307785549849474,7.843440312782983e-05,-0.2842776987221906,-0.09841515141961453,0.0001600702104649588
SCALED,MOTOR_ST_SCALED_Balance,BASIC_Q_BFI_EmotionalStability,Q,413,-0.2772333506417893,1.0063076319554091e-08,-0.3639921412270501,-0.18570502411325562,3.470026317087618e-08
SCALED,MOTOR_ST_SCALED_Balance,BASIC_Q_BFI_Extraversion,Q,413,0.0027786198319777137,0.9551050580450121,-0.09374282138501625,0.09924831500132703,0.9551050580450121
SCALED,MOTOR_ST_SCALED_Balance,BASIC_Q_BFI_Intellect,Q,413,0.1249759563432905,0.011019255914765779,0.028827299168923144,0.21883319595357384,0.01749088240439013
SCALED,MOTOR_ST_SCALED_Balance,BASIC_Q_Beck_Anxiety,Q,413,0.15407646262766733,0.001686675073601124,0.05844916743853053,0.24690187879927616,0.003066681952002044
SCALED,MOTOR_ST_SCALED_Balance,BASIC_Q_Beck_Depression,Q,413,0.18397747687696137,0.00017013582058012763,0.0890623068205918,0.2755813470027152,0.00034027164116025527
SCALED,MOTOR_ST_SCALED_Balance,BASIC_Q_CogFailure_Sum,Q,413,0.131784720297228,0.007323369742420582,0.03574294774758688,0.22541448940659725,0.012412491088848445
SCALED,MOTOR_ST_SCALED_Balance,BASIC_Q_EHI_Sum,Q,413,-0.12025041945223361,0.014475192345576636,-0.2142605065254185,-0.024032985237389795,0.022617488039963496
SCALED,MOTOR_ST_SCALED_Balance,BASIC_Q_IPAQ_MET,Q,413,-0.2231186643586163,4.685313376524807e-06,-0.3128786534995524,-0.12940854038675495,1.0648439492101835e-05
SCALED,MOTOR_ST_SCALED_Balance,BASIC_Q_MOCA_SUM,Q,413,0.2598622917731903,8.446066272251443e-08,0.16756787587634908,0.3476412329527736,2.413161792071841e-07
SCALED,MOTOR_ST_SCALED_Balance,BASIC_Q_MSPSS_Sum,Q,413,0.028118348232447424,0.5688044641221198,-0.06856399387778954,0.12427745042310676,0.6182657218718693
SCALED,MOTOR_ST_SCALED_Balance,BASIC_Q_PSQI_DaytimeDysfunc,Q,413,0.21012288277165075,1.6667023471464987e-05,0.11597815916543812,0.3005257051921523,3.546175206694678e-05
SCALED,MOTOR_ST_SCALED_Balance,BASIC_Q_PSQI_SleepDisturbance,Q,413,-0.05425899595848378,0.27127041940963187,-0.1499700899352103,0.04245962008776807,0.315430720243758
SCALED,MOTOR_ST_SCALED_Balance,BASIC_Q_PSQI_SleepDuration,Q,413,0.02944277686329543,0.5507318725968579,-0.06724457928060427,0.12558228888709427,0.6051998599965471
SCALED,MOTOR_ST_SCALED_Balance,BASIC_Q_PSQI_SleepEfficiency,Q,413,0.042509688929919534,0.3888690466616432,-0.05420898411643562,0.13843811817572943,0.4369315131029699
SCALED,MOTOR_ST_SCALED_Balance,BASIC_Q_PSQI_SleepLatency,Q,413,0.1125943657585741,0.022106417750591644,0.016274885137993002,0.20684333156595067,0.033494572349381274
SCALED,MOTOR_ST_SCALED_Balance,BASIC_Q_PSQI_SleepMedication,Q,413,-0.12943575430318077,0.008449493029409562,-0.2231449638731312,-0.03335606771930965,0.014082488382349271
SCALED,MOTOR_ST_SCALED_Balance,BASIC_Q_PSQI_SleepQuality,Q,413,0.12538138229584758,0.01075994558715002,0.029238831975855625,0.21922531648675103,0.01735475094701616
SCALED,MOTOR_ST_SCALED_Balance,BASIC_Q_PSQI_Sum,Q,413,0.09083583620906704,0.06515085722301084,-0.00571052465987942,0.1857043836425461,0.09048730169862616
SCALED,MOTOR_ST_SCALED_Balance,BASIC_Q_SF36_EmotionalLimit,Q,413,-0.07946666822123044,0.10682927603737495,-0.17462391640593045,0.017161234520684757,0.13696061030432685
SCALED,MOTOR_ST_SCALED_Balance,BASIC_Q_SF36_EmotionalWell,Q,413,-0.26595889324666006,4.0723501433998365e-08,-0.3533858861822838,-0.17392623880049035,1.2340454979999503e-07
SCALED,MOTOR_ST_SCALED_Balance,BASIC_Q_SF36_Energy,Q,413,-0.3325242849838574,4.046474746632724e-12,-0.4156824370756727,-0.24385256502700173,1.8393067030148747e-11
SCALED,MOTOR_ST_SCALED_Balance,BASIC_Q_SF36_GeneralHealth,Q,413,-0.11443731298793561,0.02000579247049617,-0.20862976706297728,-0.018141337472658746,0.030778142262301803
SCALED,MOTOR_ST_SCALED_Balance,BASIC_Q_SF36_Mental,Q,413,-0.23181388610056503,1.919179542699756e-06,-0.3211268469313487,-0.13841378317256445,4.79794885674939e-06
SCALED,MOTOR_ST_SCALED_Balance,BASIC_Q_SF36_Pain,Q,413,-0.035760034604938026,0.46859989347638115,-0.1318015318536515,0.06094658072460059,0.5206665483070901
SCALED,MOTOR_ST_SCALED_Balance,BASIC_Q_SF36_Physical,Q,413,0.00890828779733427,0.8567657986853472,-0.08766337539651345,0.1053140643289082,0.8733932042071282
SCALED,MOTOR_ST_SCALED_Balance,BASIC_Q_SF36_PhysicalFunct,Q,413,0.08923025830422077,0.07006472836593765,-0.007329154857602878,0.1841410383649644,0.09597907995333924
SCALED,MOTOR_ST_SCALED_Balance,BASIC_Q_SF36_PhysicalLimit,Q,413,0.06585220928388287,0.18165746115487394,-0.030840070063458996,0.16132338691311662,0.22426847056157276
SCALED,MOTOR_ST_SCALED_Balance,BASIC_Q_SF36_SocialFunc,Q,413,-0.07981031075168608,0.10531699617153487,-0.17495918631853555,0.016815498408637303,0.13677531970329204
SCALED,MOTOR_ST_SCALED_Balance,LANGUAGE_ST_RAW_SIMILARITY,ST,413,0.2736690277823057,1.5764139783861203e-08,0.18197841669039663,0.3606414953032382,5.0852063855177045e-08
SCALED,MOTOR_ST_SCALED_Balance,LANGUAGE_ST_RAW_VOCABULARY,ST,413,0.16010908832791462,0.0010945366512163934,0.06461101812087909,0.2527011776780711,0.0020269197250837464
SCALED,MOTOR_ST_SCALED_Balance,LANGUAGE_ST_RAW_INFORMATION,ST,413,0.21222395444090822,1.3646572348685311e-05,0.11814716357007571,0.3025249053056962,2.966646166409035e-05
SCALED,MOTOR_ST_SCALED_Balance,LANGUAGE_ST_RAW_SUM,ST,413,0.23466576025899943,1.421152922031771e-06,0.14137070583431152,0.323829156364475,3.6439818513635153e-06
SCALED,MOTOR_ST_SCALED_Balance,LANGUAGE_ST_SCALED_SIMILARITY,ST,413,0.2736690277766012,1.5764139795104884e-08,0.18197841668443454,0.3606414952978739,5.0852063855177045e-08
SCALED,MOTOR_ST_SCALED_Balance,LANGUAGE_ST_SCALED_VOCABULARY,ST,413,0.16010908832379572,0.001094536651545223,0.06461101811666946,0.25270117767411376,0.0020269197250837464
SCALED,MOTOR_ST_SCALED_Balance,LANGUAGE_ST_SCALED_INFORMATION,ST,413,0.21222395442803893,1.364657236548156e-05,0.11814716355678757,0.3025249052934534,2.966646166409035e-05
SCALED,MOTOR_ST_SCALED_Balance,LANGUAGE_ST_NORM_SIMILARITY,ST,413,-0.06367971632624336,0.1965256516154392,-0.1591977749766532,0.03301949000930163,0.23677789351257733
SCALED,MOTOR_ST_SCALED_Balance,LANGUAGE_ST_NORM_VOCABULARY,ST,413,-0.05343874275345298,0.2785925890577915,-0.149165854228481,0.043280746810193886,0.3202213667330937
SCALED,MOTOR_ST_SCALED_Balance,LANGUAGE_ST_NORM_INFORMATION,ST,413,-0.1050563649544388,0.032807076782546844,-0.19952992639354214,-0.008647725435863628,0.0475464880906476
SCALED,MOTOR_ST_SCALED_Balance,LANGUAGE_ST_NORM_VCI,ST,413,-0.08880694239666967,0.07140958959898698,-0.1837287772173416,0.007755827772171936,0.09649944540403646
SCALED,MOTOR_ST_SCALED_Balance,LANGUAGE_ST_NORM_PR,ST,413,-0.07552369416760134,0.12543358063200033,-0.17077543051668145,0.021126577484083853,0.15877668434430423
SCALED,MOTOR_ST_SCALED_Balance,MEMORY_ST_NORM_AudImm,ST,413,-0.06425796576019724,0.1924841452964026,-0.15976363265538532,0.032439486626049105,0.23473676255658854
SCALED,MOTOR_ST_SCALED_Balance,MEMORY_ST_NORM_VisImm,ST,413,-0.16990991055805546,0.0005248174996594675,-0.26210876571064823,-0.07463733403335036,0.0010092644224220528
SCALED,MOTOR_ST_SCALED_Balance,MEMORY_ST_NORM_ImmMem,ST,413,-0.13391427170999323,0.006420468985150253,-0.22747114297341195,-0.03790781908707942,0.011069774112328025
SCALED,MOTOR_ST_SCALED_Balance,MEMORY_ST_NORM_WorMem,ST,413,-0.14297147410231503,0.0035947974050703946,-0.2362089893961504,-0.04712531905400659,0.006306662114158587
SCALED,MOTOR_ST_SCALED_Balance,MEMORY_ST_SCALED_ImmMem,ST,413,0.4705945948650941,3.7739928184142294e-24,0.39189446721846855,0.5424575562543266,7.547985636828458e-23
SCALED,MOTOR_ST_SCALED_Balance,MEMORY_ST_RAW_AudImm,ST,413,0.4430113040906875,2.7893086191940577e-21,0.3619896780851532,0.5173897399257845,4.648847698656763e-20
SCALED,MOTOR_ST_SCALED_Balance,MEMORY_ST_RAW_VisImm,ST,413,0.4118661806430067,2.4261405836302384e-18,0.32842255767060524,0.4889306401868037,3.032675729537798e-17
SCALED,MOTOR_ST_SCALED_Balance,MEMORY_ST_RAW_ImmMem,ST,413,0.4745950658435961,1.3762250591800393e-24,0.3962454835442715,0.5460826067338652,3.4405626479500984e-23
SCALED,MOTOR_ST_SCALED_Balance,MEMORY_ST_RAW_WorMem,ST,413,0.382455500268844,7.805111950299833e-16,0.29691708008484774,0.46190495338517595,6.003932269461411e-15
SCALED,MOTOR_ST_SCALED_Balance,MEMORY_ST_RAW_LogMemI,ST,413,0.3806479099089623,1.0925830998115726e-15,0.2949867983219679,0.4602391191169803,7.28388733207715e-15
SCALED,MOTOR_ST_SCALED_Balance,MEMORY_ST_RAW_FacI,ST,413,0.39275871930087985,1.1022547425132035e-16,0.3079330016272063,0.47138947493865985,9.18545618761003e-16
SCALED,MOTOR_ST_SCALED_Balance,MEMORY_ST_RAW_VerPairI,ST,413,0.40074210508933383,2.3056424520297146e-17,0.3164842883046605,0.478726012823157,2.3056424520297146e-16
SCALED,MOTOR_ST_SCALED_Balance,MEMORY_ST_RAW_FamPicI,ST,413,0.34679436428260424,4.0876884981895016e-13,0.2589641308404307,0.42893657604624696,2.151414999047106e-12
SCALED,MOTOR_ST_SCALED_Balance,MEMORY_ST_RAW_LetNumSeq,ST,413,0.3441943583999639,6.261777019087376e-13,0.25620759917642455,0.4265243063559649,2.9817985805177976e-12
SCALED,MOTOR_ST_SCALED_Balance,MEMORY_ST_RAW_SpaForward,ST,413,0.24015613512193013,7.884258370574992e-07,0.14706800936089257,0.32902749892471395,2.1308806406959437e-06
SCALED,MOTOR_ST_SCALED_Balance,MEMORY_ST_RAW_SpaBackward,ST,413,0.22922564504920698,2.512438402685344e-06,0.1357316451302826,0.31867308495237323,5.981996196869866e-06
SCALED,MOTOR_ST_SCALED_Balance,MEMORY_ST_RAW_SpaTotal,ST,413,0.30606535901419774,2.0943808377482126e-10,0.21594686560684312,0.3910134062880472,8.37752335099285e-10
SCALED,MOTOR_ST_SCALED_Balance,MEMORY_ST_SCALED_LogMemI,ST,413,0.3806479099130041,1.0925830989923877e-15,0.2949867983262833,0.46023911912070575,7.28388733207715e-15
SCALED,MOTOR_ST_SCALED_Balance,MEMORY_ST_SCALED_FacI,ST,413,0.39275871931632134,1.1022547392225193e-16,0.307933001643733,0.47138947495286077,9.18545618761003e-16
SCALED,MOTOR_ST_SCALED_Balance,MEMORY_ST_SCALED_VerPairI,ST,413,0.40074210508933383,2.3056424520297146e-17,0.3164842883046605,0.478726012823157,2.3056424520297146e-16
SCALED,MOTOR_ST_SCALED_Balance,MEMORY_ST_SCALED_FamPicI,ST,413,0.3467943642826042,4.0876884981895016e-13,0.2589641308404306,0.4289365760462469,2.151414999047106e-12
SCALED,MOTOR_ST_SCALED_Balance,MEMORY_ST_SCALED_LetNumSeq,ST,413,0.34419435840637536,6.261777012532419e-13,0.2562075991832202,0.42652430636191496,2.9817985805177976e-12
SCALED,MOTOR_ST_SCALED_Balance,MEMORY_ST_SCALED_SpaForward,ST,413,0.24015613512193013,7.884258370574992e-07,0.14706800936089257,0.32902749892471395,2.1308806406959437e-06
SCALED,MOTOR_ST_SCALED_Balance,MEMORY_ST_SCALED_SpaBackward,ST,413,0.22922564504920698,2.512438402685344e-06,0.1357316451302826,0.31867308495237323,5.981996196869866e-06
SCALED,MOTOR_ST_SCALED_Balance,MEMORY_ST_SCALED_SpaTotal,ST,413,0.30606535901419774,2.0943808377482126e-10,0.21594686560684312,0.3910134062880472,8.37752335099285e-10
SCALED,MOTOR_ST_SCALED_Balance,MOTOR_ST_RAW_BPrestHigh,ST,413,-0.22457005186400483,4.0466744621812935e-06,-0.31425636596620365,-0.13091060196089907,9.410870842282078e-06
SCALED,MOTOR_ST_SCALED_Balance,MOTOR_ST_RAW_BPrestLow,ST,413,-0.06787255450213527,0.1685924167966589,-0.16329933978704755,0.0288124575488897,0.2107405209958236
SCALED,MOTOR_ST_SCALED_Balance,MOTOR_ST_RAW_HRrest,ST,413,0.08533473384238789,0.08325375432019352,-0.011254245368112262,0.18034598353295841,0.10954441357920201
SCALED,MOTOR_ST_SCALED_Balance,MOTOR_ST_RAW_HEIGHT,ST,413,0.26764624227192396,3.317005919669179e-08,0.17568739209250897,0.35497466274395373,1.0365643498966185e-07
SCALED,MOTOR_ST_SCALED_Balance,MOTOR_ST_RAW_WEIGHT,ST,413,0.17999762364957198,0.0002360186143197766,0.08497729703649941,0.27177346780560896,0.00046278159670544433
SCALED,MOTOR_ST_SCALED_Balance,MOTOR_ST_RAW_BMI,ST,413,0.05568421514761938,0.2588626706862366,-0.04103257231583757,0.15136717698243968,0.304544318454396
SCALED,MOTOR_ST_SCALED_Balance,MOTOR_ST_RAW_WHR,ST,413,-0.26424091305375214,5.011053803822766e-08,-0.3517677495455578,-0.17213371918141043,1.4738393540655193e-07
SCALED,MOTOR_ST_SCALED_Balance,MOTOR_ST_RAW_AerobicRating,ST,404,-0.2983944719819844,9.4149668831732e-10,-0.3847592392167578,-0.206850191713245,3.4870247715456298e-09
SCALED,MOTOR_ST_SCALED_Balance,MOTOR_ST_RAW_FunctionalReaching,ST,413,0.3718410677517751,5.461281044832689e-15,0.2855921770759431,0.4521149080974373,3.4133006530204304e-14
SCALED,MOTOR_ST_SCALED_Balance,MOTOR_ST_RAW_WorseLegEyeOpen,ST,413,0.12670889336910762,0.00994829165035278,0.03058656721921231,0.22050904869861362,0.016308674836643902
SCALED,MOTOR_ST_SCALED_Balance,MOTOR_ST_RAW_BestLegEyeOpen,ST,413,0.0993776791082521,0.04354223160792398,0.002909271519528601,0.19401347782098421,0.06220318801131997
SCALED,MOTOR_ST_SCALED_Balance,MOTOR_ST_RAW_WorseLegEyeClose,ST,413,0.09542654098437144,0.05264237738285579,-0.0010797075739806545,0.19017168765124068,0.07414419349697998
SCALED,MOTOR_ST_SCALED_Balance,MOTOR_ST_RAW_BestLegEyeClose,ST,413,0.058180460270189104,0.23808667015976598,-0.03853217331617811,0.15381322839582,0.2834365120949595
SCALED,MOTOR_ST_SCALED_Balance,MOTOR_ST_RAW_PegboardDominant,ST,413,0.30282029882297073,3.3099658199282684e-10,0.2125344708846458,0.3879794421841147,1.273063776895488e-09
SCALED,MOTOR_ST_SCALED_Balance,MOTOR_ST_RAW_PegboardNondominant,ST,413,0.2891095318724539,2.152045274588535e-09,0.1981409625515129,0.3751401767725005,7.685875980673339e-09
SCALED,MOTOR_ST_SCALED_Balance,MOTOR_ST_RAW_PegboardBoth,ST,413,0.3209975649273461,2.3684214147217168e-11,0.23167748719679276,0.4049504974188566,1.0297484411833551e-10
SCALED,MOTOR_ST_SCALED_Balance,MOTOR_ST_RAW_PegboardSum,ST,413,0.355407723163614,9.67161143508307e-14,0.2681062639777432,0.43691963779981063,5.689183197107688e-13
SCALED,MOTOR_ST_SCALED_Balance,MOTOR_ST_RAW_PegboardAssemble,ST,413,0.4257657004094224,1.290242346641358e-19,0.3433769744358458,0.5016517366728362,1.8432033523447973e-18
SCALED,MOTOR_ST_SCALED_Balance,MOTOR_ST_RAW_SymbolSearch,ST,413,0.47656018213721507,8.343713735447181e-25,0.39838408482185506,0.5478623284996356,2.781237911815727e-23
SCALED,MOTOR_ST_SCALED_Balance,MOTOR_ST_RAW_SymbolCoding,ST,413,0.47730470103731193,6.896877680591212e-25,0.39919455364582146,0.5485364388784412,2.781237911815727e-23
SCALED,MOTOR_ST_SCALED_Balance,MOTOR_ST_RAW_GripMvcL,ST,413,0.10998946410174973,0.02540021416660635,0.013637904776747553,0.20431723368417104,0.037774290496041925
SCALED,MOTOR_ST_SCALED_Balance,MOTOR_ST_RAW_GripMvcR,ST,413,0.08672346768526393,0.07833909472885157,-0.009855312720733807,0.18169922503407096,0.10445212630513542
SCALED,MOTOR_ST_SCALED_Balance,MOTOR_ST_NORM_BMI,ST,413,-0.009385988378335531,0.8491744381796217,-0.10578648244150281,0.08718928638773031,0.8733932042071282
SCALED,MOTOR_ST_SCALED_Balance,MOTOR_ST_NORM_WHR,ST,413,0.1443055875865834,0.0032911794274340577,0.048484424799522835,0.23749478933048818,0.00587710612041796
SCALED,MOTOR_ST_SCALED_Balance,MOTOR_ST_NORM_AerobicRating,ST,404,-0.23891459900536866,1.1871476994311982e-06,-0.32881624726638464,-0.1447217015743351,3.124072893239995e-06
SCALED,MOTOR_ST_SCALED_Balance,MOTOR_ST_NORM_FunctionalReaching,ST,413,0.10977708322507504,0.025686517537308513,0.013422967557446262,0.2041112223736992,0.037774290496041925
SCALED,MOTOR_ST_SCALED_Balance,MOTOR_ST_NORM_BestLegEyeClose,ST,413,-0.5974296590413196,2.5986444033181133e-41,-0.6561018539487757,-0.5315787368995316,2.5986444033181133e-39
SCALED,MOTOR_ST_SCALED_Balance,MOTOR_ST_NORM_PegboardDominant,ST,413,0.02530373090393718,0.6081219280482137,-0.07136683295211314,0.12150336041351326,0.6538945462884018
SCALED,MOTOR_ST_SCALED_Balance,MOTOR_ST_NORM_PegboardNondominant,ST,413,-0.010125528951363726,0.8374497383718599,-0.10651775926766385,0.08645525068919159,0.8723434774706873
SCALED,MOTOR_ST_SCALED_Balance,MOTOR_ST_NORM_PegboardSum,ST,413,0.024523347298777073,0.6192330898427969,-0.07214368068174823,0.12073394726269993,0.6587586062157414
SCALED,MOTOR_ST_SCALED_Balance,MOTOR_ST_NORM_PegboardBoth,ST,413,0.01587034115644004,0.74778137262704,-0.08074962746678167,0.11219482898559222,0.7871382869758317
SCALED,MOTOR_ST_SCALED_Balance,MOTOR_ST_NORM_PegboardAssemble,ST,413,0.044446157283252415,0.3676094180003131,-0.052274347922804804,0.14034055834280684,0.4177379750003558
SCALED,MOTOR_ST_SCALED_Balance,MOTOR_ST_NORM_WaisSpeed,ST,413,-0.19717503128771166,5.469497570243431e-05,-0.288188080308568,-0.10263145911467222,0.00011394786604673815
SCALED,MOTOR_ST_SCALED_ProcessingSpeed,BASIC_Q_BFI_Agreeableness,Q,423,-0.057781600058444016,0.23567503510272325,-0.15229026078310395,0.037774190635989996,0.2805655179794324
SCALED,MOTOR_ST_SCALED_ProcessingSpeed,BASIC_Q_BFI_Conscientiousness,Q,423,-0.12340996588454031,0.011073356761602005,-0.21621349307678886,-0.028396422663190524,0.018153043871478695
SCALED,MOTOR_ST_SCALED_ProcessingSpeed,BASIC_Q_BFI_EmotionalStability,Q,423,-0.14601615686449804,0.0026092751863983693,-0.23804963775052174,-0.05138385867254455,0.0052185503727967385
SCALED,MOTOR_ST_SCALED_ProcessingSpeed,BASIC_Q_BFI_Extraversion,Q,423,-0.003434422596660072,0.9438539335643227,-0.09874976535953678,0.09194336534466048,0.9438539335643228
SCALED,MOTOR_ST_SCALED_ProcessingSpeed,BASIC_Q_BFI_Intellect,Q,423,0.11192476262949716,0.02131378940790899,0.01675589787957885,0.20508383561631108,0.03134380795280734
SCALED,MOTOR_ST_SCALED_ProcessingSpeed,BASIC_Q_Beck_Anxiety,Q,423,0.1201707114636008,0.013390856163678605,0.025110750628668986,0.2130769557987543,0.021255327243934294
SCALED,MOTOR_ST_SCALED_ProcessingSpeed,BASIC_Q_Beck_Depression,Q,423,0.13812946454144587,0.0044251045501546215,0.04335275458523577,0.23044214659668538,0.008349253868216267
SCALED,MOTOR_ST_SCALED_ProcessingSpeed,BASIC_Q_CogFailure_Sum,Q,423,0.005401094042516168,0.911809676120134,-0.0899929304558219,0.10069691674292076,0.9210198748688223
SCALED,MOTOR_ST_SCALED_ProcessingSpeed,BASIC_Q_EHI_Sum,Q,423,-0.10033479476347179,0.03914272013529372,-0.19382818044912897,-0.005035286004790585,0.05436488907679683
SCALED,MOTOR_ST_SCALED_ProcessingSpeed,BASIC_Q_IPAQ_MET,Q,423,-0.13450323259831387,0.005592941526242754,-0.22694049781540587,-0.03966422955402167,0.010096843498662572
SCALED,MOTOR_ST_SCALED_ProcessingSpeed,BASIC_Q_MOCA_SUM,Q,423,0.1802394507061322,0.00019410131900714998,0.08637618131410922,0.2709310680688669,0.0005391703305754166
SCALED,MOTOR_ST_SCALED_ProcessingSpeed,BASIC_Q_MSPSS_Sum,Q,423,0.03283425166186671,0.5006393048514645,-0.06270975163666047,0.12778188855183462,0.5562658942794049
SCALED,MOTOR_ST_SCALED_ProcessingSpeed,BASIC_Q_PSQI_DaytimeDysfunc,Q,423,0.19741492135684457,4.3414076103318195e-05,0.10402531578827749,0.2873537262267474,0.00014471358701106065
SCALED,MOTOR_ST_SCALED_ProcessingSpeed,BASIC_Q_PSQI_SleepDisturbance,Q,423,-0.06974065851005486,0.15218587873066952,-0.16399781677011263,0.025778437825608933,0.18559253503740183
SCALED,MOTOR_ST_SCALED_ProcessingSpeed,BASIC_Q_PSQI_SleepDuration,Q,423,0.05620142978993202,0.24875274427343236,-0.03935715221268573,0.1507413356014385,0.29265028738050863
SCALED,MOTOR_ST_SCALED_ProcessingSpeed,BASIC_Q_PSQI_SleepEfficiency,Q,423,-0.04339093074256001,0.37335943992115805,-0.1381669826854238,0.05217259879338937,0.42427209081949785
SCALED,MOTOR_ST_SCALED_ProcessingSpeed,BASIC_Q_PSQI_SleepLatency,Q,423,0.07565144222561725,0.120293396869835,-0.019839342489433205,0.1697745063196401,0.15036674608729378
SCALED,MOTOR_ST_SCALED_ProcessingSpeed,BASIC_Q_PSQI_SleepMedication,Q,423,-0.10307801373506016,0.03405863925843937,-0.19649449658623871,-0.00780706372644807,0.04796991444850615
SCALED,MOTOR_ST_SCALED_ProcessingSpeed,BASIC_Q_PSQI_SleepQuality,Q,423,0.1263066275574906,0.00930936715202885,0.03133633260771338,0.21901667985034232,0.015515611920048083
SCALED,MOTOR_ST_SCALED_ProcessingSpeed,BASIC_Q_PSQI_Sum,Q,423,0.07942360647101222,0.10283831573951016,-0.016045584215616842,0.17345771584171701,0.13184399453783355
SCALED,MOTOR_ST_SCALED_ProcessingSpeed,BASIC_Q_SF36_EmotionalLimit,Q,423,-0.1030995105831691,0.03402113311116902,-0.196515385341855,-0.007828790153776603,0.04796991444850615
SCALED,MOTOR_ST_SCALED_ProcessingSpeed,BASIC_Q_SF36_EmotionalWell,Q,423,-0.1686231739106978,0.0004962454770256826,-0.25979393144274837,-0.07447285592963673,0.0012724243000658529
SCALED,MOTOR_ST_SCALED_ProcessingSpeed,BASIC_Q_SF36_Energy,Q,423,-0.29087983642620513,1.0797931495309392e-09,-0.3758046795820948,-0.2011098824228116,7.712808210935279e-09
SCALED,MOTOR_ST_SCALED_ProcessingSpeed,BASIC_Q_SF36_GeneralHealth,Q,423,-0.09459601528040605,0.05187648938423578,-0.18824580998522641,0.0007585058494780774,0.06916865251231438
SCALED,MOTOR_ST_SCALED_ProcessingSpeed,BASIC_Q_SF36_Mental,Q,423,-0.20302603296107916,2.5858965903997758e-05,-0.2927074637490852,-0.10980394466099637,9.251627668226155e-05
SCALED,MOTOR_ST_SCALED_ProcessingSpeed,BASIC_Q_SF36_Pain,Q,423,-0.022262699439057104,0.6479745241912886,-0.11736125686041045,0.07324044759843998,0.7054359791646224
SCALED,MOTOR_ST_SCALED_ProcessingSpeed,BASIC_Q_SF36_Physical,Q,423,0.022193111656334173,0.6490011008314527,-0.07330969596214094,0.11729259307038936,0.7054359791646224
SCALED,MOTOR_ST_SCALED_ProcessingSpeed,BASIC_Q_SF36_PhysicalFunct,Q,423,0.13405461559439763,0.0057552007942376655,0.039208085589575566,0.22650712735144193,0.010096843498662572
SCALED,MOTOR_ST_SCALED_ProcessingSpeed,BASIC_Q_SF36_PhysicalLimit,Q,423,0.044657251117678064,0.35956023450378244,-0.050907189706918154,0.1394113223260205,0.41328762586641665
SCALED,MOTOR_ST_SCALED_ProcessingSpeed,BASIC_Q_SF36_SocialFunc,Q,423,-0.07875955851529072,0.10575633205620104,-0.17280951810377596,0.016713632977925257,0.13386877475468487
SCALED,MOTOR_ST_SCALED_ProcessingSpeed,LANGUAGE_ST_RAW_SIMILARITY,ST,423,0.11617477544492665,0.016830438352318143,0.021060381412226794,0.20920509141160562,0.02589298209073548
SCALED,MOTOR_ST_SCALED_ProcessingSpeed,LANGUAGE_ST_RAW_VOCABULARY,ST,423,0.015851691893807435,0.7451228959979199,-0.07961632174819126,0.11103155613079806,0.7926839319305191
SCALED,MOTOR_ST_SCALED_ProcessingSpeed,LANGUAGE_ST_RAW_INFORMATION,ST,423,0.128451191664149,0.00816911446958868,0.033513975069291,0.2210910536578499,0.013845956733669647
SCALED,MOTOR_ST_SCALED_ProcessingSpeed,LANGUAGE_ST_RAW_SUM,ST,423,0.08377445313527568,0.08526645695169442,-0.011666414458714554,0.1777026971275603,0.1121927065153874
SCALED,MOTOR_ST_SCALED_ProcessingSpeed,LANGUAGE_ST_SCALED_SIMILARITY,ST,423,0.11617477543791233,0.016830438358978062,0.021060381405119663,0.20920509140480656,0.02589298209073548
SCALED,MOTOR_ST_SCALED_ProcessingSpeed,LANGUAGE_ST_SCALED_VOCABULARY,ST,423,0.015851691892727088,0.745122896014688,-0.07961632174926501,0.11103155612973079,0.7926839319305191
SCALED,MOTOR_ST_SCALED_ProcessingSpeed,LANGUAGE_ST_SCALED_INFORMATION,ST,423,0.12845119165761307,0.008169114472865092,0.03351397506265286,0.22109105365152915,0.013845956733669647
SCALED,MOTOR_ST_SCALED_ProcessingSpeed,LANGUAGE_ST_NORM_SIMILARITY,ST,423,-0.1562538655687971,0.0012642111438519496,-0.24790810050901052,-0.061827316575573193,0.0026337732163582285
SCALED,MOTOR_ST_SCALED_ProcessingSpeed,LANGUAGE_ST_NORM_VOCABULARY,ST,423,-0.17548723875082603,0.0002870195627355946,-0.2663778049056334,-0.08150329666853807,0.0007553146387778806
SCALED,MOTOR_ST_SCALED_ProcessingSpeed,LANGUAGE_ST_NORM_INFORMATION,ST,423,-0.1382114824044404,0.00440144854935124,-0.23052131900757916,-0.04343621128036255,0.008349253868216267
SCALED,MOTOR_ST_SCALED_ProcessingSpeed,LANGUAGE_ST_NORM_VCI,ST,423,-0.17639585116857198,0.0002665410770028248,-0.2672486925234105,-0.08243463415464908,0.0007203812891968238
SCALED,MOTOR_ST_SCALED_ProcessingSpeed,LANGUAGE_ST_NORM_PR,ST,423,-0.18081521804370396,0.00018499153875788796,-0.2714824557162593,-0.08696687426871308,0.0005285472535939656
SCALED,MOTOR_ST_SCALED_ProcessingSpeed,MEMORY_ST_NORM_AudImm,ST,423,-0.11366355017318708,0.019367578218893705,-0.2067703448051597,-0.018516544478552534,0.02934481548317228
SCALED,MOTOR_ST_SCALED_ProcessingSpeed,MEMORY_ST_NORM_VisImm,ST,423,-0.1601244016168349,0.0009501822869684488,-0.251630317988806,-0.06578103311493891,0.002065613667322715
SCALED,MOTOR_ST_SCALED_ProcessingSpeed,MEMORY_ST_NORM_ImmMem,ST,423,-0.16027577758467199,0.0009395075180427874,-0.2517758382592276,-0.06593572247423084,0.002065613667322715
SCALED,MOTOR_ST_SCALED_ProcessingSpeed,MEMORY_ST_NORM_WorMem,ST,423,-0.13423212472468773,0.005690498896902431,-0.22667860809533172,-0.03938856826755353,0.010096843498662572
SCALED,MOTOR_ST_SCALED_ProcessingSpeed,MEMORY_ST_SCALED_ImmMem,ST,423,0.35103825357642976,1.0347230732046614e-13,0.26454507824923795,0.43192897553946197,3.4490769106822047e-12
SCALED,MOTOR_ST_SCALED_ProcessingSpeed,MEMORY_ST_RAW_AudImm,ST,423,0.3023260999593468,2.171445583166884e-10,0.21312189146735516,0.3865315846528252,1.9740414392426216e-09
SCALED,MOTOR_ST_SCALED_ProcessingSpeed,MEMORY_ST_RAW_VisImm,ST,423,0.3215926534163459,1.2403815834313279e-11,0.23340179946814563,0.40453599997845935,1.7719736906161825e-10
SCALED,MOTOR_ST_SCALED_ProcessingSpeed,MEMORY_ST_RAW_ImmMem,ST,423,0.34443270303169476,3.1661245925633766e-13,0.25754295514884845,0.42579684851391086,7.915311481408442e-12
SCALED,MOTOR_ST_SCALED_ProcessingSpeed,MEMORY_ST_RAW_WorMem,ST,423,0.291460886089795,9.970529498475143e-10,0.20171900141262275,0.3763497611322929,7.66963807575011e-09
SCALED,MOTOR_ST_SCALED_ProcessingSpeed,MEMORY_ST_RAW_LogMemI,ST,423,0.22222153794186542,3.936181577957895e-06,0.12962029285673368,0.3109800760742022,1.789173445086222e-05
SCALED,MOTOR_ST_SCALED_ProcessingSpeed,MEMORY_ST_RAW_FacI,ST,423,0.31301911326587717,4.5487047452062455e-11,0.2243678365505241,0.39653203813649107,5.054116397338259e-10
SCALED,MOTOR_ST_SCALED_ProcessingSpeed,MEMORY_ST_RAW_VerPairI,ST,423,0.3242529291410461,8.218066584388734e-12,0.23620803762428336,0.40701696139479504,1.369677764064789e-10
SCALED,MOTOR_ST_SCALED_ProcessingSpeed,MEMORY_ST_RAW_FamPicI,ST,423,0.2694625654767905,1.8010376785279148e-08,0.17870632115907278,0.3556720936085687,1.0005764880710638e-07
SCALED,MOTOR_ST_SCALED_ProcessingSpeed,MEMORY_ST_RAW_LetNumSeq,ST,423,0.2761416737883407,7.68329175773271e-09,0.18568292666454686,0.36195916144933354,4.802057348582944e-08
SCALED,MOTOR_ST_SCALED_ProcessingSpeed,MEMORY_ST_RAW_SpaForward,ST,423,0.1605114552921713,0.0009231080893030219,0.06617656783714927,0.2520023909783802,0.002065613667322715
SCALED,MOTOR_ST_SCALED_ProcessingSpeed,MEMORY_ST_RAW_SpaBackward,ST,423,0.16290148216532654,0.0007711013608075246,0.06861962144804917,0.2542993142094073,0.001835955620970297
SCALED,MOTOR_ST_SCALED_ProcessingSpeed,MEMORY_ST_RAW_SpaTotal,ST,423,0.21829633152963182,5.8658072512323496e-06,0.12556210757516434,0.307248917373987,2.3463229004929398e-05
SCALED,MOTOR_ST_SCALED_ProcessingSpeed,MEMORY_ST_SCALED_LogMemI,ST,423,0.22222153793881416,3.936181579189689e-06,0.12962029285357785,0.31098007607130285,1.789173445086222e-05
SCALED,MOTOR_ST_SCALED_ProcessingSpeed,MEMORY_ST_SCALED_FacI,ST,423,0.3130191132476028,4.548704757604433e-11,0.22436783653128453,0.3965320381194171,5.054116397338259e-10
SCALED,MOTOR_ST_SCALED_ProcessingSpeed,MEMORY_ST_SCALED_VerPairI,ST,423,0.3242529291410461,8.218066584388734e-12,0.23620803762428336,0.40701696139479504,1.369677764064789e-10
SCALED,MOTOR_ST_SCALED_ProcessingSpeed,MEMORY_ST_SCALED_FamPicI,ST,423,0.2694625654767905,1.8010376785279148e-08,0.17870632115907278,0.3556720936085687,1.0005764880710638e-07
SCALED,MOTOR_ST_SCALED_ProcessingSpeed,MEMORY_ST_SCALED_LetNumSeq,ST,423,0.27614167379021726,7.683291755868631e-09,0.18568292666650826,0.3619591614510988,4.802057348582944e-08
SCALED,MOTOR_ST_SCALED_ProcessingSpeed,MEMORY_ST_SCALED_SpaForward,ST,423,0.16051145529217134,0.0009231080893030219,0.0661765678371493,0.25200239097838023,0.002065613667322715
SCALED,MOTOR_ST_SCALED_ProcessingSpeed,MEMORY_ST_SCALED_SpaBackward,ST,423,0.16290148216532654,0.0007711013608075246,0.06861962144804917,0.2542993142094073,0.001835955620970297
SCALED,MOTOR_ST_SCALED_ProcessingSpeed,MEMORY_ST_SCALED_SpaTotal,ST,423,0.21829633152963185,5.8658072512323496e-06,0.12556210757516437,0.307248917373987,2.3463229004929398e-05
SCALED,MOTOR_ST_SCALED_ProcessingSpeed,MOTOR_ST_RAW_BPrestHigh,ST,423,-0.22579243779034766,2.7209011773462785e-06,-0.3143720688707488,-0.1333148650870629,1.3604505886731391e-05
SCALED,MOTOR_ST_SCALED_ProcessingSpeed,MOTOR_ST_RAW_BPrestLow,ST,423,-0.11212298817810426,0.021083666120321823,-0.20527612926214872,-0.016956585606064854,0.03134380795280734
SCALED,MOTOR_ST_SCALED_ProcessingSpeed,MOTOR_ST_RAW_HRrest,ST,423,0.010190415950726695,0.8344707567161146,-0.08524008586679785,0.10543565102211029,0.8783902702274891
SCALED,MOTOR_ST_SCALED_ProcessingSpeed,MOTOR_ST_RAW_HEIGHT,ST,423,0.21866019431972034,5.654574881883331e-06,0.12593816691504037,0.30759490717985766,2.3463229004929398e-05
SCALED,MOTOR_ST_SCALED_ProcessingSpeed,MOTOR_ST_RAW_WEIGHT,ST,423,0.09934257075221099,0.04113336148731762,0.004033092765798886,0.19286343197480393,0.05634707053057207
SCALED,MOTOR_ST_SCALED_ProcessingSpeed,MOTOR_ST_RAW_BMI,ST,423,-0.008922899222175562,0.8548156404308825,-0.10418194332247817,0.08649837144495463,0.8904329587821693
SCALED,MOTOR_ST_SCALED_ProcessingSpeed,MOTOR_ST_RAW_WHR,ST,423,-0.16671182725383196,0.00057586862743976,-0.25795909605690104,-0.07251684521932729,0.0014396715685993998
SCALED,MOTOR_ST_SCALED_ProcessingSpeed,MOTOR_ST_RAW_AerobicRating,ST,411,-0.2036527698289466,3.185551857852145e-05,-0.29458071638285793,-0.10907035317235339,0.00010984661578800501
SCALED,MOTOR_ST_SCALED_ProcessingSpeed,MOTOR_ST_RAW_FunctionalReaching,ST,423,0.3082763473685661,9.170214354429966e-11,0.21937690836659768,0.3920988940071652,9.170214354429966e-10
SCALED,MOTOR_ST_SCALED_ProcessingSpeed,MOTOR_ST_RAW_WorseLegEyeOpen,ST,422,0.21326076336669653,9.92134851527338e-06,0.12024807597650868,0.3025619019091434,3.815903275105146e-05
SCALED,MOTOR_ST_SCALED_ProcessingSpeed,MOTOR_ST_RAW_BestLegEyeOpen,ST,422,0.19593240784548294,5.070038160929548e-05,0.10238673307235623,0.28604300421317763,0.00016354961809450155
SCALED,MOTOR_ST_SCALED_ProcessingSpeed,MOTOR_ST_RAW_WorseLegEyeClose,ST,413,0.2355648482125561,1.2917023472662491e-06,0.14230325686778653,0.3246807907145235,6.79843340666447e-06
SCALED,MOTOR_ST_SCALED_ProcessingSpeed,MOTOR_ST_RAW_BestLegEyeClose,ST,413,0.4055695579359959,8.768455168591815e-18,0.32166179622547686,0.48315704727031616,4.3842275842959076e-16
SCALED,MOTOR_ST_SCALED_ProcessingSpeed,MOTOR_ST_RAW_PegboardDominant,ST,423,0.15191777600447798,0.00172765676127167,0.05740155822517962,0.24373495316814525,0.0035258301250442247
SCALED,MOTOR_ST_SCALED_ProcessingSpeed,MOTOR_ST_RAW_PegboardNondominant,ST,423,0.1429602631431513,0.003211766558766286,0.04827055590399791,0.2351032668908756,0.006297581487777031
SCALED,MOTOR_ST_SCALED_ProcessingSpeed,MOTOR_ST_RAW_PegboardBoth,ST,423,0.182994070961614,0.00015401814926461468,0.08920280712115894,0.27356851092551254,0.0004529945566606314
SCALED,MOTOR_ST_SCALED_ProcessingSpeed,MOTOR_ST_RAW_PegboardSum,ST,423,0.18499597248362554,0.00012991152861219438,0.09125798655760475,0.2754844003500666,0.0003936712988248315
SCALED,MOTOR_ST_SCALED_ProcessingSpeed,MOTOR_ST_RAW_PegboardAssemble,ST,423,0.30152886201344975,2.433700989700625e-10,0.2122843744262423,0.3857851877910661,2.028084158083854e-09
SCALED,MOTOR_ST_SCALED_ProcessingSpeed,MOTOR_ST_RAW_SymbolSearch,ST,423,-0.007488226385104793,0.8779594369215384,-0.1027625352535475,0.08792222854660782,0.9051128215685963
SCALED,MOTOR_ST_SCALED_ProcessingSpeed,MOTOR_ST_RAW_SymbolCoding,ST,423,0.037851575309850095,0.43747351852589395,-0.05770436296990139,0.13272025972334203,0.4915432792425775
SCALED,MOTOR_ST_SCALED_ProcessingSpeed,MOTOR_ST_RAW_GripMvcL,ST,423,0.2030072166477178,2.5904557471033235e-05,0.10978455605830383,0.2926895199056171,9.251627668226155e-05
SCALED,MOTOR_ST_SCALED_ProcessingSpeed,MOTOR_ST_RAW_GripMvcR,ST,423,0.19377566972904417,6.029046835533717e-05,0.1002807837794028,0.28387839510308255,0.00018840771361042867
SCALED,MOTOR_ST_SCALED_ProcessingSpeed,MOTOR_ST_NORM_BMI,ST,422,0.05785062569881246,0.23567250147324129,-0.037818928212152,0.15246932013298056,0.2805655179794324
SCALED,MOTOR_ST_SCALED_ProcessingSpeed,MOTOR_ST_NORM_WHR,ST,422,0.1230176590664722,0.011431472558710276,0.02788441522104293,0.21594247098740788,0.018437858965661736
SCALED,MOTOR_ST_SCALED_ProcessingSpeed,MOTOR_ST_NORM_AerobicRating,ST,411,-0.15889901133853299,0.0012287183712064082,-0.251760389345136,-0.06313842533447939,0.0026142944068221455
SCALED,MOTOR_ST_SCALED_ProcessingSpeed,MOTOR_ST_NORM_FunctionalReaching,ST,422,0.0726109694037322,0.13644449775207657,-0.023009219206558938,0.1669147014987076,0.16844999722478587
SCALED,MOTOR_ST_SCALED_ProcessingSpeed,MOTOR_ST_NORM_BestLegEyeClose,ST,413,-0.13926813904839336,0.004575180276156152,-0.23263805484363842,-0.043354467432282134,0.008472556066955836
SCALED,MOTOR_ST_SCALED_ProcessingSpeed,MOTOR_ST_NORM_PegboardDominant,ST,422,-0.0831529877771374,0.08799490540812048,-0.17720704650670746,0.012406190957676325,0.114279097932624
SCALED,MOTOR_ST_SCALED_ProcessingSpeed,MOTOR_ST_NORM_PegboardNondominant,ST,422,-0.10377785975623673,0.03306399157668176,-0.1972841240550007,-0.00840037951058861,0.047918828372002543
SCALED,MOTOR_ST_SCALED_ProcessingSpeed,MOTOR_ST_NORM_PegboardSum,ST,422,-0.05450413361427441,0.26392239680323465,-0.14918860523410288,0.041170778405268206,0.30688650791073796
SCALED,MOTOR_ST_SCALED_ProcessingSpeed,MOTOR_ST_NORM_PegboardBoth,ST,422,-0.09906105772295934,0.04195717388943435,-0.1926995071368608,-0.003634728966284888,0.05669888363437074
SCALED,MOTOR_ST_SCALED_ProcessingSpeed,MOTOR_ST_NORM_PegboardAssemble,ST,422,-0.005958881404372085,0.9028600985132254,-0.10136192313577343,0.08955276004299298,0.9210198748688223
SCALED,MOTOR_ST_SCALED_ProcessingSpeed,MOTOR_ST_NORM_WaisSpeed,ST,422,-0.6738325998212088,3.65019977201713e-57,-0.7227995570085858,-0.61813301640444,3.65019977201713e-55
