target,feature,category,n,pearson_r,p_raw,ci_lo,ci_hi,q_fdr
LANGUAGE_ST_NORM_VCI,BASIC_Q_BFI_Agreeableness,Q,425,-0.0067716341474942056,0.8892990126161489,-0.10182888011813918,0.08840815054405221,0.9168031057898443
LANGUAGE_ST_NORM_VCI,BASIC_Q_BFI_Conscientiousness,Q,425,0.09642233902121052,0.04696962770830875,0.0013115306103271371,0.18980429808187316,0.06907298192398345
LANGUAGE_ST_NORM_VCI,BASIC_Q_BFI_EmotionalStability,Q,425,0.2035415643113683,2.3567282433103678e-05,0.11055931537413767,0.2929916583442625,4.7134564866207357e-05
LANGUAGE_ST_NORM_VCI,BASIC_Q_BFI_Extraversion,Q,423,0.013047914017546515,0.789027806957864,-0.08240228147735541,0.1082609076643494,0.8305555862714359
LANGUAGE_ST_NORM_VCI,BASIC_Q_BFI_Intellect,Q,425,-0.13034907797456619,0.007128306269335092,-0.22271048954604317,-0.03566850019594315,0.01188051044889182
LANGUAGE_ST_NORM_VCI,BASIC_Q_Beck_Anxiety,Q,425,-0.06870723465450175,0.1573808093622813,-0.1627662925821408,0.026589381353426672,0.2098410791497084
LANGUAGE_ST_NORM_VCI,BASIC_Q_Beck_Depression,Q,425,-0.07775642644563974,0.1094449418660598,-0.17160996616942825,0.017495817553842004,0.15861585777689824
LANGUAGE_ST_NORM_VCI,BASIC_Q_CogFailure_Sum,Q,425,-0.05542833225515014,0.2542047939591779,-0.14976155215899078,0.03990490408752298,0.31775599244897235
LANGUAGE_ST_NORM_VCI,BASIC_Q_EHI_Sum,Q,425,0.07467572617135614,0.12427070448846461,-0.02059339398928332,0.16860092962036244,0.17752957784066373
LANGUAGE_ST_NORM_VCI,BASIC_Q_IPAQ_MET,Q,425,0.11611026206706258,0.016632636969046016,0.02122181370547892,0.20892557167219855,0.026401011061977807
LANGUAGE_ST_NORM_VCI,BASIC_Q_MOCA_SUM,Q,427,-0.24659956333856273,2.460249999167261e-07,-0.33369006234662957,-0.15533516837666153,6.649324322073678e-07
LANGUAGE_ST_NORM_VCI,BASIC_Q_MSPSS_Sum,Q,425,-0.025772340001344412,0.5962272942166983,-0.12059952339870533,0.0695209309364046,0.662474771351887
LANGUAGE_ST_NORM_VCI,BASIC_Q_PSQI_DaytimeDysfunc,Q,425,-0.1337212617380708,0.005762016504645161,-0.225969776140584,-0.03909571944790331,0.00993451121490545
LANGUAGE_ST_NORM_VCI,BASIC_Q_PSQI_SleepDisturbance,Q,425,0.056355870938089934,0.24633153738754124,-0.038975906111062594,0.15067100204783138,0.31181207264245725
LANGUAGE_ST_NORM_VCI,BASIC_Q_PSQI_SleepDuration,Q,425,-0.0517568986114531,0.28707194126911906,-0.14616015146149347,0.043580497367427785,0.35008773325502324
LANGUAGE_ST_NORM_VCI,BASIC_Q_PSQI_SleepEfficiency,Q,425,-0.006086314880211165,0.900441044948724,-0.10115059171940809,0.08908810018218825,0.9188173928048204
LANGUAGE_ST_NORM_VCI,BASIC_Q_PSQI_SleepLatency,Q,425,-0.07088019501022157,0.14462997929506965,-0.16489128207504405,0.02440720402439495,0.19550825286607904
LANGUAGE_ST_NORM_VCI,BASIC_Q_PSQI_SleepMedication,Q,425,0.09941088755322736,0.04051605083875393,0.004328985780794817,0.19271139893660982,0.06047171766978199
LANGUAGE_ST_NORM_VCI,BASIC_Q_PSQI_SleepQuality,Q,423,-0.1286965315793477,0.008046953174708875,-0.22132831032376588,-0.033763156649382474,0.013191726515916189
LANGUAGE_ST_NORM_VCI,BASIC_Q_PSQI_Sum,Q,425,-0.06833412792915722,0.15965306454755782,-0.16240133486533562,0.026963979333700105,0.21006982177310238
LANGUAGE_ST_NORM_VCI,BASIC_Q_SF36_EmotionalLimit,Q,425,0.058039941079807277,0.232475304913084,-0.03728876508012646,0.1523218216205118,0.29804526270908205
LANGUAGE_ST_NORM_VCI,BASIC_Q_SF36_EmotionalWell,Q,425,0.20614485229178162,1.8409103913578455e-05,0.11324259810918291,0.2954737211959883,3.75695998236295e-05
LANGUAGE_ST_NORM_VCI,BASIC_Q_SF36_Energy,Q,425,0.27292670461216495,1.0722347866181741e-08,0.18254296757244826,0.35873619026528397,3.249196323085376e-08
LANGUAGE_ST_NORM_VCI,BASIC_Q_SF36_GeneralHealth,Q,425,0.05007321213112776,0.3030608803711363,-0.04526522867834317,0.14450774414902273,0.36078676234659085
LANGUAGE_ST_NORM_VCI,BASIC_Q_SF36_Mental,Q,425,0.1885461670560951,9.204388512607562e-05,0.09512948099097246,0.2786710269681204,0.00018047820612956006
LANGUAGE_ST_NORM_VCI,BASIC_Q_SF36_Pain,Q,425,0.03093218805945004,0.5248041210205877,-0.0643800788745323,0.12568521494965548,0.596368319341577
LANGUAGE_ST_NORM_VCI,BASIC_Q_SF36_Physical,Q,425,0.0033429417995394853,0.9452174873356085,-0.09180909030893192,0.09843447833462948,0.9452174873356085
LANGUAGE_ST_NORM_VCI,BASIC_Q_SF36_PhysicalFunct,Q,424,-0.12098132803410454,0.012668064023476705,-0.21375359067578,-0.026046365817826374,0.020432361328188233
LANGUAGE_ST_NORM_VCI,BASIC_Q_SF36_PhysicalLimit,Q,425,0.004414628050323051,0.9276973652523487,-0.09074631695301243,0.09949568435952247,0.9370680457094432
LANGUAGE_ST_NORM_VCI,BASIC_Q_SF36_SocialFunc,Q,425,0.0715921168503466,0.14062873250131505,-0.023692064910985182,0.16558729757621202,0.19531768402960423
LANGUAGE_ST_NORM_VCI,LANGUAGE_ST_RAW_SIMILARITY,ST,427,-0.3966752756961586,1.5263858209255453e-17,-0.4737411911309839,-0.31358020956591676,1.1741429439447775e-16
LANGUAGE_ST_NORM_VCI,LANGUAGE_ST_RAW_VOCABULARY,ST,427,-0.23848339619281902,6.174213851377631e-07,-0.32600484194933754,-0.14690865010527882,1.43442045487139e-06
LANGUAGE_ST_NORM_VCI,LANGUAGE_ST_RAW_INFORMATION,ST,427,-0.24016117038434187,5.118389622860919e-07,-0.3275944798826249,-0.1486494909425941,1.3124075971673695e-06
LANGUAGE_ST_NORM_VCI,LANGUAGE_ST_RAW_SUM,ST,427,-0.3216155349295723,9.890359548057496e-12,-0.40417909142629826,-0.23385343873182052,3.803984441560575e-11
LANGUAGE_ST_NORM_VCI,LANGUAGE_ST_SCALED_SIMILARITY,ST,427,-0.3966752756760933,1.5263858271282107e-17,-0.47374119111251584,-0.3135802095444461,1.1741429439447775e-16
LANGUAGE_ST_NORM_VCI,LANGUAGE_ST_SCALED_VOCABULARY,ST,427,-0.23848339618466008,6.174213856987708e-07,-0.326004841941606,-0.14690865009681456,1.43442045487139e-06
LANGUAGE_ST_NORM_VCI,LANGUAGE_ST_SCALED_INFORMATION,ST,427,-0.24016117037373336,5.118389628952741e-07,-0.32759447987257523,-0.148649490931585,1.3124075971673695e-06
LANGUAGE_ST_NORM_VCI,LANGUAGE_ST_SCALED_SUM,ST,427,-0.32665304569190345,4.487179322527116e-12,-0.4088777271619692,-0.2391674760177865,1.8696580510529648e-11
LANGUAGE_ST_NORM_VCI,LANGUAGE_ST_NORM_SIMILARITY,ST,427,-0.13241960304965536,0.006136964974637461,-0.22449801309091133,-0.03799752255428326,0.010401635550232985
LANGUAGE_ST_NORM_VCI,LANGUAGE_ST_NORM_VOCABULARY,ST,427,-0.05359966211328483,0.26910321835913137,-0.14774770959234745,0.04151106628425286,0.33222619550510046
LANGUAGE_ST_NORM_VCI,LANGUAGE_ST_NORM_INFORMATION,ST,427,0.02029703022525652,0.6757782174059537,-0.07474652382109354,0.11497514625730833,0.7266432445225308
LANGUAGE_ST_NORM_VCI,LANGUAGE_ST_NORM_PR,ST,427,-0.01887033983645249,0.697403477139128,-0.11356654512497541,0.0761656354319035,0.7419185927012
LANGUAGE_ST_NORM_VCI,MEMORY_ST_NORM_ImmMem,ST,425,0.007688992328441064,0.8744188744798143,-0.08749784121067249,0.10273668856655295,0.9108529942498066
LANGUAGE_ST_NORM_VCI,MEMORY_ST_SCALED_AudImm,ST,425,-0.451476944687488,9.829626456944084e-23,-0.5240922386450214,-0.37234473773925864,2.457406614236021e-21
LANGUAGE_ST_NORM_VCI,MEMORY_ST_SCALED_VisImm,ST,425,-0.4068792352548735,2.239390405235089e-18,-0.48329679198230363,-0.32430826488128595,2.7992380065438616e-17
LANGUAGE_ST_NORM_VCI,MEMORY_ST_SCALED_ImmMem,ST,425,-0.48009238972480284,6.891495807501797e-26,-0.5500936862457929,-0.4033915360118834,3.445747903750898e-24
LANGUAGE_ST_NORM_VCI,MEMORY_ST_SCALED_WorMem,ST,425,-0.33484700418081426,1.3570250537085028e-12,-0.41669736525672263,-0.24761097138837096,6.168295698675012e-12
LANGUAGE_ST_NORM_VCI,MEMORY_ST_RAW_AudImm,ST,425,-0.45254248244994777,7.591668937694772e-23,-0.5250628729853064,-0.3734976445625168,2.457406614236021e-21
LANGUAGE_ST_NORM_VCI,MEMORY_ST_RAW_VisImm,ST,425,-0.4217495586578696,9.299749244508002e-20,-0.4969362985877223,-0.3402779987312735,1.5499582074180004e-18
LANGUAGE_ST_NORM_VCI,MEMORY_ST_RAW_ImmMem,ST,425,-0.4851213023747501,1.789133009384698e-26,-0.5546492328589572,-0.4088660441086165,1.789133009384698e-24
LANGUAGE_ST_NORM_VCI,MEMORY_ST_RAW_WorMem,ST,425,-0.3425794707523267,3.7978601693996127e-13,-0.4238889825042416,-0.2557921659506974,1.8989300846998065e-12
LANGUAGE_ST_NORM_VCI,MEMORY_ST_RAW_LogMemI,ST,425,-0.39308178320323856,3.729860766413674e-17,-0.47060808817284394,-0.30953269957138524,2.486573846946491e-16
LANGUAGE_ST_NORM_VCI,MEMORY_ST_RAW_FacI,ST,425,-0.37255650261597745,1.931401565703141e-15,-0.4516726786162875,-0.28762676385361347,1.1361185696998306e-14
LANGUAGE_ST_NORM_VCI,MEMORY_ST_RAW_VerPairI,ST,425,-0.40137020533604273,6.993916818414742e-18,-0.4782343092086381,-0.31840385912423813,6.358106198558857e-17
LANGUAGE_ST_NORM_VCI,MEMORY_ST_RAW_FamPicI,ST,425,-0.3661447367929277,6.265470972358461e-15,-0.4457429164450294,-0.28080187058540734,3.297616301241428e-14
LANGUAGE_ST_NORM_VCI,MEMORY_ST_RAW_LetNumSeq,ST,425,-0.27862337234623236,5.122082384754991e-09,-0.36409640083398703,-0.188496337080285,1.6006507452359346e-08
LANGUAGE_ST_NORM_VCI,MEMORY_ST_RAW_SpaForward,ST,425,-0.23883286780757293,6.311450001434116e-07,-0.3265372813271432,-0.14705079776773855,1.43442045487139e-06
LANGUAGE_ST_NORM_VCI,MEMORY_ST_RAW_SpaBackward,ST,425,-0.23693727549989707,7.78313773623267e-07,-0.3247410519810925,-0.1450843705000709,1.6919864643984065e-06
LANGUAGE_ST_NORM_VCI,MEMORY_ST_RAW_SpaTotal,ST,425,-0.3086893276977336,7.791207201376798e-11,-0.3922931041944406,-0.2200272388594507,2.686623172888551e-10
LANGUAGE_ST_NORM_VCI,MEMORY_ST_SCALED_LogMemI,ST,425,-0.3930817831978448,3.729860770419737e-17,-0.47060808816787736,-0.30953269956561696,2.486573846946491e-16
LANGUAGE_ST_NORM_VCI,MEMORY_ST_SCALED_FacI,ST,425,-0.3725565026082033,1.9314015684897123e-15,-0.45167267860910204,-0.28762676384533314,1.1361185696998306e-14
LANGUAGE_ST_NORM_VCI,MEMORY_ST_SCALED_VerPairI,ST,425,-0.40137020533604273,6.993916818414742e-18,-0.4782343092086381,-0.31840385912423813,6.358106198558857e-17
LANGUAGE_ST_NORM_VCI,MEMORY_ST_SCALED_FamPicI,ST,425,-0.3661447367929276,6.265470972358713e-15,-0.4457429164450293,-0.28080187058540723,3.297616301241428e-14
LANGUAGE_ST_NORM_VCI,MEMORY_ST_SCALED_LetNumSeq,ST,425,-0.2786233723534639,5.122082379896231e-09,-0.36409640084078787,-0.18849633708784658,1.6006507452359346e-08
LANGUAGE_ST_NORM_VCI,MEMORY_ST_SCALED_SpaForward,ST,425,-0.23883286780757287,6.311450001434116e-07,-0.3265372813271432,-0.1470507977677385,1.43442045487139e-06
LANGUAGE_ST_NORM_VCI,MEMORY_ST_SCALED_SpaBackward,ST,425,-0.23693727549989715,7.78313773623267e-07,-0.32474105198109254,-0.14508437050007097,1.6919864643984065e-06
LANGUAGE_ST_NORM_VCI,MEMORY_ST_SCALED_SpaTotal,ST,425,-0.30868932769773366,7.791207201376798e-11,-0.3922931041944407,-0.2200272388594508,2.686623172888551e-10
LANGUAGE_ST_NORM_VCI,MOTOR_ST_RAW_BPrestHigh,ST,423,0.29878948356869717,3.5914410835893097e-10,0.20940759239901083,0.3832196628261082,1.1971470278631033e-09
LANGUAGE_ST_NORM_VCI,MOTOR_ST_RAW_BPrestLow,ST,423,0.13966028662997818,0.0040019790944618655,0.044910649832320036,0.23191965830649902,0.007021015955196256
LANGUAGE_ST_NORM_VCI,MOTOR_ST_RAW_HRrest,ST,423,-0.022119043498038917,0.6500945034865168,-0.11721950739666398,0.07338340183636932,0.7066244603114313
LANGUAGE_ST_NORM_VCI,MOTOR_ST_RAW_HEIGHT,ST,423,-0.029080731006980706,0.5508688680915208,-0.12408435214712589,0.06645120335414634,0.6189537843724953
LANGUAGE_ST_NORM_VCI,MOTOR_ST_RAW_WEIGHT,ST,423,0.022428918940365826,0.645525112320852,-0.07307503511679724,0.11752526560482239,0.7066244603114313
LANGUAGE_ST_NORM_VCI,MOTOR_ST_RAW_BMI,ST,423,0.043336903311396655,0.3739553574784707,-0.052226580519581255,0.13811388640402214,0.43994747938643614
LANGUAGE_ST_NORM_VCI,MOTOR_ST_RAW_WHR,ST,423,0.33505320648892933,1.4816533990479448e-12,0.24761600269152886,0.4170767255357354,6.441971300208455e-12
LANGUAGE_ST_NORM_VCI,MOTOR_ST_RAW_AerobicRating,ST,411,0.24439407447486633,5.281204262592855e-07,0.15123837142712046,0.33324700315253386,1.3203010656482138e-06
LANGUAGE_ST_NORM_VCI,MOTOR_ST_RAW_FunctionalReaching,ST,423,-0.22472200669273945,3.0413022276103996e-06,-0.31335550519501554,-0.13220709150159818,6.470855803426383e-06
LANGUAGE_ST_NORM_VCI,MOTOR_ST_RAW_WorseLegEyeOpen,ST,422,-0.22428287125018864,3.2697168959770963e-06,-0.31304129487518706,-0.1316406229658134,6.811910199952284e-06
LANGUAGE_ST_NORM_VCI,MOTOR_ST_RAW_BestLegEyeOpen,ST,422,-0.10252139891511894,0.03525967585662864,-0.19606327416139274,-0.00713048292698887,0.053423751297922185
LANGUAGE_ST_NORM_VCI,MOTOR_ST_RAW_WorseLegEyeClose,ST,413,-0.2527352930868534,1.9361519319056586e-07,-0.34091730065121806,-0.160144596798948,5.531862662587596e-07
LANGUAGE_ST_NORM_VCI,MOTOR_ST_RAW_BestLegEyeClose,ST,413,-0.3423866423749822,8.403593070645683e-13,-0.42484642784916177,-0.25429189788735496,4.001710986021753e-12
LANGUAGE_ST_NORM_VCI,MOTOR_ST_RAW_PegboardDominant,ST,423,-0.24940025005350386,2.0300147581157285e-07,-0.3367403338684651,-0.15780513458543655,5.638929883654801e-07
LANGUAGE_ST_NORM_VCI,MOTOR_ST_RAW_PegboardNondominant,ST,423,-0.27104844752469803,1.4742844169966477e-08,-0.3571655965651187,-0.18036201490608414,4.336130638225434e-08
LANGUAGE_ST_NORM_VCI,MOTOR_ST_RAW_PegboardBoth,ST,423,-0.31350365549800824,4.231290706488155e-11,-0.3969847288365847,-0.22487799412335663,1.567144706106724e-10
LANGUAGE_ST_NORM_VCI,MOTOR_ST_RAW_PegboardSum,ST,423,-0.3232200411486982,9.647039437777854e-12,-0.4060538396045467,-0.2351183033054799,3.803984441560575e-11
LANGUAGE_ST_NORM_VCI,MOTOR_ST_RAW_PegboardAssemble,ST,423,-0.4211533681884221,1.29122248624148e-19,-0.49656114055093237,-0.3394360825486576,1.844603551773543e-18
LANGUAGE_ST_NORM_VCI,MOTOR_ST_RAW_SymbolSearch,ST,423,-0.4041661935625904,4.713149953303027e-18,-0.4809787285315218,-0.32119623092488797,5.236833281447808e-17
LANGUAGE_ST_NORM_VCI,MOTOR_ST_RAW_SymbolCoding,ST,423,-0.4443933662181429,6.683957604676253e-22,-0.517800852294749,-0.36448980332734005,1.3367915209352506e-20
LANGUAGE_ST_NORM_VCI,MOTOR_ST_RAW_GripMvcL,ST,423,0.10383234372921313,0.032763417026362596,0.00856950351873655,0.19722743774164103,0.050405256963634765
LANGUAGE_ST_NORM_VCI,MOTOR_ST_RAW_GripMvcR,ST,423,0.07103999305426358,0.14467610712089848,-0.024473457653018862,0.16526822873168717,0.19550825286607904
LANGUAGE_ST_NORM_VCI,MOTOR_ST_NORM_BMI,ST,422,-0.050508468625113295,0.3005939855052958,-0.14526874499756745,0.045170022316103675,0.36078676234659085
LANGUAGE_ST_NORM_VCI,MOTOR_ST_NORM_WHR,ST,422,-0.14475517777943586,0.002877347186876292,-0.23694171546195583,-0.0499851943758197,0.005231540339775076
LANGUAGE_ST_NORM_VCI,MOTOR_ST_NORM_AerobicRating,ST,411,0.1702983233818945,0.000525662903549614,0.0747994517408813,0.2627018531758632,0.0009918167991502152
LANGUAGE_ST_NORM_VCI,MOTOR_ST_NORM_FunctionalReaching,ST,422,-0.05961683881611321,0.2216539862075987,-0.15419997704072816,0.036049018845619556,0.28786231975012816
LANGUAGE_ST_NORM_VCI,MOTOR_ST_NORM_BestLegEyeClose,ST,413,0.18392140346480393,0.00017093037715412203,0.089004729638603,0.275527716546554,0.000328712263757927
LANGUAGE_ST_NORM_VCI,MOTOR_ST_NORM_PegboardDominant,ST,422,-0.04051777500805866,0.4064177207798323,-0.13545455674487156,0.05515626177026706,0.4725787450928282
LANGUAGE_ST_NORM_VCI,MOTOR_ST_NORM_PegboardNondominant,ST,422,-0.03252231622782525,0.5052265190820967,-0.12758690985960006,0.06313439134384442,0.5807201368759732
LANGUAGE_ST_NORM_VCI,MOTOR_ST_NORM_PegboardSum,ST,422,-0.10561062570172026,0.03007089506089435,-0.1990644253382954,-0.01025329564067169,0.04698577353264742
LANGUAGE_ST_NORM_VCI,MOTOR_ST_NORM_PegboardBoth,ST,422,-0.07303469648250004,0.1341654264128189,-0.1673287899958485,0.022583454426329818,0.18896538931382942
LANGUAGE_ST_NORM_VCI,MOTOR_ST_NORM_PegboardAssemble,ST,422,-0.14643933754171012,0.0025647131871753535,-0.23856508839333834,-0.05170138123357146,0.004749468865139544
LANGUAGE_ST_NORM_VCI,MOTOR_ST_NORM_WaisSpeed,ST,422,0.1399522771403844,0.003968544549816989,0.04509403044368115,0.23230933811196677,0.007021015955196256
MEMORY_ST_NORM_AudImm,BASIC_Q_BFI_Agreeableness,Q,425,0.06604574497650118,0.1741332476909823,-0.02926092329078195,0.16016236923510593,0.22614707492335362
MEMORY_ST_NORM_AudImm,BASIC_Q_BFI_Conscientiousness,Q,425,0.14276575258512988,0.003181377152014436,0.04829882661837963,0.23470128038170632,0.005784322094571703
MEMORY_ST_NORM_AudImm,BASIC_Q_BFI_EmotionalStability,Q,425,0.08898108558225465,0.06685818955469484,-0.006194180513409952,0.18255872193862896,0.1013002872040831
MEMORY_ST_NORM_AudImm,BASIC_Q_BFI_Extraversion,Q,423,0.008888617185869243,0.8553673027293841,-0.08653239958209595,0.10414803056836994,0.9225874967777287
MEMORY_ST_NORM_AudImm,BASIC_Q_BFI_Intellect,Q,425,-0.1570790562691231,0.0011584346543630165,-0.24848901937861856,-0.0628959983220708,0.0023008995329383396
MEMORY_ST_NORM_AudImm,BASIC_Q_Beck_Anxiety,Q,425,-0.0009943503940179899,0.9836934197717094,-0.09610809769387375,0.09413739135744834,0.9852792414572434
MEMORY_ST_NORM_AudImm,BASIC_Q_Beck_Depression,Q,425,-0.027010950603044738,0.5786851434068111,-0.12182078708188772,0.06828734176905159,0.6651553372492082
MEMORY_ST_NORM_AudImm,BASIC_Q_CogFailure_Sum,Q,425,0.009396827096315109,0.8468381443801914,-0.08580270562313305,0.10442632305461118,0.9225874967777287
MEMORY_ST_NORM_AudImm,BASIC_Q_EHI_Sum,Q,425,0.08828232058803723,0.06903694624769634,-0.0068984479919364065,0.1818778094255722,0.10304021828014379
MEMORY_ST_NORM_AudImm,BASIC_Q_IPAQ_MET,Q,425,0.13027678719875727,0.007160530041511955,0.0355950539781646,0.2226405963767085,0.012786660788414205
MEMORY_ST_NORM_AudImm,BASIC_Q_MOCA_SUM,Q,425,-0.15690394818142528,0.0011734587617985531,-0.24832056453107026,-0.06271717360415431,0.0023008995329383396
MEMORY_ST_NORM_AudImm,BASIC_Q_MSPSS_Sum,Q,425,0.08480180541571652,0.08077067480379382,-0.010404964878736125,0.17848487909057392,0.11539273660961806
MEMORY_ST_NORM_AudImm,BASIC_Q_PSQI_DaytimeDysfunc,Q,425,-0.07362312593053591,0.12967958252333167,-0.16757241371490297,0.021651341349276435,0.1734330158444389
MEMORY_ST_NORM_AudImm,BASIC_Q_PSQI_SleepDisturbance,Q,425,0.008704003523442184,0.8580063720032877,-0.08649044392334777,0.1037409489807918,0.9225874967777287
MEMORY_ST_NORM_AudImm,BASIC_Q_PSQI_SleepDuration,Q,425,-0.0424411231172369,0.38279248548672506,-0.13701083166501662,0.0528952591205325,0.4503441005726177
MEMORY_ST_NORM_AudImm,BASIC_Q_PSQI_SleepEfficiency,Q,425,0.08372134931524271,0.08472513620726682,-0.011493016638027018,0.17743115859329742,0.11933117775671383
MEMORY_ST_NORM_AudImm,BASIC_Q_PSQI_SleepLatency,Q,425,0.07671164979423784,0.11430827082128443,-0.018546522458825,0.1705896894697524,0.1565866723579239
MEMORY_ST_NORM_AudImm,BASIC_Q_PSQI_SleepMedication,Q,425,0.19776880820977136,4.030526392235807e-05,0.10461400366992657,0.28748341302804886,0.00011515789692102304
MEMORY_ST_NORM_AudImm,BASIC_Q_PSQI_SleepQuality,Q,423,0.0021441808575630938,0.9649292371328537,-0.09322255758935036,0.09747193321366181,0.9846216705437284
MEMORY_ST_NORM_AudImm,BASIC_Q_PSQI_Sum,Q,425,0.07354756426785813,0.13007476188332917,-0.02172727865130316,0.16749857309526164,0.1734330158444389
MEMORY_ST_NORM_AudImm,BASIC_Q_SF36_EmotionalLimit,Q,425,0.0008976378817944325,0.9852792414572434,-0.09423324603091567,0.09601227751637705,0.9852792414572434
MEMORY_ST_NORM_AudImm,BASIC_Q_SF36_EmotionalWell,Q,425,0.09542348008373756,0.0493101960438543,0.0003033962714795291,0.1888322960819802,0.07704718131852235
MEMORY_ST_NORM_AudImm,BASIC_Q_SF36_Energy,Q,425,0.1598918750362327,0.0009401410249794747,0.06576934757902338,0.25119420740039006,0.001918655153019336
MEMORY_ST_NORM_AudImm,BASIC_Q_SF36_GeneralHealth,Q,425,0.035833130822565125,0.46125620165264325,-0.05949248997562558,0.13051111500619492,0.5363444205263294
MEMORY_ST_NORM_AudImm,BASIC_Q_SF36_Mental,Q,425,0.0781456283450138,0.10767548148494051,-0.017104353461974475,0.17198998984561598,0.14954927984019514
MEMORY_ST_NORM_AudImm,BASIC_Q_SF36_Pain,Q,425,-0.06319819017565616,0.1934888941673966,-0.1573749540145056,0.03211772618982097,0.24492265084480583
MEMORY_ST_NORM_AudImm,BASIC_Q_SF36_Physical,Q,425,-0.07196867653766746,0.1385469205602408,-0.16595540600108943,0.02331376406339744,0.18229857968452737
MEMORY_ST_NORM_AudImm,BASIC_Q_SF36_PhysicalFunct,Q,424,-0.18972529989383413,8.462503364229163e-05,-0.27990293336108657,-0.09622895306578912,0.0002350695378952545
MEMORY_ST_NORM_AudImm,BASIC_Q_SF36_PhysicalLimit,Q,425,-0.04697395353345051,0.3340070759873565,-0.1414646852061687,0.048364993286666075,0.3976274714135196
MEMORY_ST_NORM_AudImm,BASIC_Q_SF36_SocialFunc,Q,425,-0.0034885755741471845,0.9428348996845441,-0.09857870062758275,0.09166468045321141,0.9719947419428291
MEMORY_ST_NORM_AudImm,LANGUAGE_ST_RAW_SIMILARITY,ST,425,-0.22008346555760785,4.6486364019762945e-06,-0.3087427842770391,-0.12763261194004885,1.4526988771447199e-05
MEMORY_ST_NORM_AudImm,LANGUAGE_ST_RAW_VOCABULARY,ST,425,-0.16186297553503493,0.0008105282208665263,-0.25308903540895683,-0.06778379580010344,0.0017620178714489701
MEMORY_ST_NORM_AudImm,LANGUAGE_ST_RAW_INFORMATION,ST,425,-0.30635830747421905,1.0969648625119345e-10,-0.3901126115982825,-0.217575998023953,6.094249236177414e-10
MEMORY_ST_NORM_AudImm,LANGUAGE_ST_RAW_SUM,ST,425,-0.249278231298452,1.9266469944435907e-07,-0.3364237708258887,-0.1578995152056001,6.643610325667554e-07
MEMORY_ST_NORM_AudImm,LANGUAGE_ST_SCALED_SIMILARITY,ST,425,-0.22008346554730293,4.648636406863104e-06,-0.30874278426724194,-0.1276326119293958,1.4526988771447199e-05
MEMORY_ST_NORM_AudImm,LANGUAGE_ST_SCALED_VOCABULARY,ST,425,-0.16186297554287604,0.0008105282203855203,-0.2530890354164932,-0.06778379580811852,0.0017620178714489701
MEMORY_ST_NORM_AudImm,LANGUAGE_ST_SCALED_INFORMATION,ST,425,-0.3063583074793397,1.0969648616911185e-10,-0.3901126116030735,-0.21757599802933644,6.094249236177414e-10
MEMORY_ST_NORM_AudImm,LANGUAGE_ST_SCALED_SUM,ST,425,-0.2738260865183041,9.552654729544422e-09,-0.3595828291591705,-0.18348243681336335,3.9802728039768424e-08
MEMORY_ST_NORM_AudImm,LANGUAGE_ST_NORM_SIMILARITY,ST,425,0.0058017346798440615,0.9050736750253513,-0.08937042456936069,0.10086890512974991,0.952709131605633
MEMORY_ST_NORM_AudImm,LANGUAGE_ST_NORM_VOCABULARY,ST,425,-0.01244284370740104,0.7981282738483886,-0.10743851735408641,0.08277796990784193,0.8868091931648762
MEMORY_ST_NORM_AudImm,LANGUAGE_ST_NORM_INFORMATION,ST,425,-0.09906281154661144,0.04122690162126092,-0.19237289338385033,-0.003977453909009752,0.06720981176449811
MEMORY_ST_NORM_AudImm,LANGUAGE_ST_NORM_PR,ST,425,-0.025995792378038042,0.5930447942536098,-0.12081986751586522,0.06929840599835728,0.6739145389245565
MEMORY_ST_NORM_AudImm,MEMORY_ST_NORM_ImmMem,ST,425,0.06555370863349418,0.17737056243477722,-0.02975466893605733,0.15968083181564063,0.22739815696766313
MEMORY_ST_NORM_AudImm,MEMORY_ST_SCALED_AudImm,ST,425,-0.38437153590151973,2.0601327393066347e-16,-0.46258124177721843,-0.3002257038459928,5.150331848266587e-15
MEMORY_ST_NORM_AudImm,MEMORY_ST_SCALED_VisImm,ST,425,-0.16768915466116188,0.0005176924063031005,-0.2586856794592504,-0.07374259002160621,0.0012039358286118616
MEMORY_ST_NORM_AudImm,MEMORY_ST_SCALED_ImmMem,ST,425,-0.33389689504293446,1.5830055305717385e-12,-0.41581300438907376,-0.24660658330348426,1.7588950339685986e-11
MEMORY_ST_NORM_AudImm,MEMORY_ST_SCALED_WorMem,ST,425,-0.32557178402551595,5.9680369752417184e-12,-0.4080573658815371,-0.2378138784961038,5.425488159310653e-11
MEMORY_ST_NORM_AudImm,MEMORY_ST_RAW_AudImm,ST,425,-0.39887766278546266,1.1627613144933252e-17,-0.47594212580535705,-0.31573454357226904,3.875871048311084e-16
MEMORY_ST_NORM_AudImm,MEMORY_ST_RAW_VisImm,ST,425,-0.1744961851596476,0.00030092246456480927,-0.26521680261080677,-0.08071306914812143,0.0007919012225389718
MEMORY_ST_NORM_AudImm,MEMORY_ST_RAW_ImmMem,ST,425,-0.32588409835603555,5.682316679590082e-12,-0.40834853169686997,-0.23814347502436373,5.425488159310653e-11
MEMORY_ST_NORM_AudImm,MEMORY_ST_RAW_WorMem,ST,425,-0.33452134121892807,1.430681210817986e-12,-0.41639425586804896,-0.2472666824502955,1.7588950339685986e-11
MEMORY_ST_NORM_AudImm,MEMORY_ST_RAW_LogMemI,ST,425,-0.37058684055854324,2.78027238844725e-15,-0.4498518291414978,-0.28552927286536783,4.63378731407875e-14
MEMORY_ST_NORM_AudImm,MEMORY_ST_RAW_FacI,ST,425,-0.16012262767234944,0.0009240351936578871,-0.25141606714595105,-0.0660051351985472,0.001918655153019336
MEMORY_ST_NORM_AudImm,MEMORY_ST_RAW_VerPairI,ST,425,-0.32067232517416994,1.2790382911149672e-11,-0.4034874788015801,-0.23264594763795884,9.838756085499748e-11
MEMORY_ST_NORM_AudImm,MEMORY_ST_RAW_FamPicI,ST,425,-0.14949921121317614,0.0019994589181965582,-0.24119210682895817,-0.05516080364871252,0.00377256399659728
MEMORY_ST_NORM_AudImm,MEMORY_ST_RAW_LetNumSeq,ST,425,-0.2665096380251961,2.4151601626004423e-08,-0.35269134352180603,-0.17584466532315093,9.289077552896663e-08
MEMORY_ST_NORM_AudImm,MEMORY_ST_RAW_SpaForward,ST,425,-0.2601759503033767,5.272548318739768e-08,-0.34671797758881273,-0.16924161833569557,1.8830529709784886e-07
MEMORY_ST_NORM_AudImm,MEMORY_ST_RAW_SpaBackward,ST,425,-0.2797139235164784,4.437969086855309e-09,-0.3651218964345138,-0.18963678630758066,1.9295517768936127e-08
MEMORY_ST_NORM_AudImm,MEMORY_ST_RAW_SpaTotal,ST,425,-0.3077264459049781,8.977209991931236e-11,-0.39139251520306434,-0.2190145614166476,5.610756244957022e-10
MEMORY_ST_NORM_AudImm,MEMORY_ST_SCALED_LogMemI,ST,425,-0.3705868405589157,2.78027238825642e-15,-0.4498518291418422,-0.2855292728657644,4.63378731407875e-14
MEMORY_ST_NORM_AudImm,MEMORY_ST_SCALED_FacI,ST,425,-0.16012262765313656,0.0009240351949882307,-0.25141606712747905,-0.06600513517891465,0.001918655153019336
MEMORY_ST_NORM_AudImm,MEMORY_ST_SCALED_VerPairI,ST,425,-0.32067232517417,1.2790382911149672e-11,-0.4034874788015801,-0.2326459476379589,9.838756085499748e-11
MEMORY_ST_NORM_AudImm,MEMORY_ST_SCALED_FamPicI,ST,425,-0.14949921121317614,0.0019994589181965582,-0.24119210682895817,-0.05516080364871252,0.00377256399659728
MEMORY_ST_NORM_AudImm,MEMORY_ST_SCALED_LetNumSeq,ST,425,-0.26650963802137445,2.4151601637531324e-08,-0.3526913435182038,-0.17584466531916426,9.289077552896663e-08
MEMORY_ST_NORM_AudImm,MEMORY_ST_SCALED_SpaForward,ST,425,-0.2601759503033767,5.272548318739768e-08,-0.34671797758881273,-0.16924161833569557,1.8830529709784886e-07
MEMORY_ST_NORM_AudImm,MEMORY_ST_SCALED_SpaBackward,ST,425,-0.2797139235164784,4.437969086855309e-09,-0.3651218964345138,-0.18963678630758066,1.9295517768936127e-08
MEMORY_ST_NORM_AudImm,MEMORY_ST_SCALED_SpaTotal,ST,425,-0.30772644590497816,8.977209991930942e-11,-0.39139251520306445,-0.2190145614166477,5.610756244957022e-10
MEMORY_ST_NORM_AudImm,MOTOR_ST_RAW_BPrestHigh,ST,423,0.08532978881466298,0.07960545913022098,-0.010100065066606139,0.1792193405082947,0.11539273660961806
MEMORY_ST_NORM_AudImm,MOTOR_ST_RAW_BPrestLow,ST,423,-0.006095363418946048,0.9005288412517424,-0.10138412089969334,0.08930421807407853,0.952709131605633
MEMORY_ST_NORM_AudImm,MOTOR_ST_RAW_HRrest,ST,423,0.014865400702682146,0.7604816953492223,-0.08059651508237277,0.11005708760486657,0.8544738149991261
MEMORY_ST_NORM_AudImm,MOTOR_ST_RAW_HEIGHT,ST,423,-0.4785146972098784,1.3614742103565858e-25,-0.5488222172732301,-0.40148487153812423,1.3614742103565858e-23
MEMORY_ST_NORM_AudImm,MOTOR_ST_RAW_WEIGHT,ST,423,-0.2971525497054159,4.52283922765799e-10,-0.38168599419821414,-0.20768929033038525,2.380441698767363e-09
MEMORY_ST_NORM_AudImm,MOTOR_ST_RAW_BMI,ST,423,-0.06070677741460595,0.21276111583391197,-0.15515637325753248,0.03484257994009404,0.26595139479238994
MEMORY_ST_NORM_AudImm,MOTOR_ST_RAW_WHR,ST,423,-0.08500132184248908,0.08077491562673264,-0.17889908202062985,0.010430897005858709,0.11539273660961806
MEMORY_ST_NORM_AudImm,MOTOR_ST_RAW_AerobicRating,ST,411,0.17267610304679912,0.0004373196182515756,0.07723511895719816,0.26498113883608054,0.0010666332152477454
MEMORY_ST_NORM_AudImm,MOTOR_ST_RAW_FunctionalReaching,ST,423,-0.2926336301475085,8.48398834405499e-10,-0.377449731060159,-0.20294860982871352,4.2419941720274945e-09
MEMORY_ST_NORM_AudImm,MOTOR_ST_RAW_WorseLegEyeOpen,ST,422,-0.10231710716569471,0.03562814788005079,-0.1958647450908785,-0.006924035695731096,0.059380246466751316
MEMORY_ST_NORM_AudImm,MOTOR_ST_RAW_BestLegEyeOpen,ST,422,-0.1285435818707985,0.008198877467698118,-0.22128887730589816,-0.03349388025236654,0.01438399555736512
MEMORY_ST_NORM_AudImm,MOTOR_ST_RAW_WorseLegEyeClose,ST,413,-0.20131302444735347,3.7718123708525297e-05,-0.292134339772241,-0.1068932219729748,0.00011093565796625087
MEMORY_ST_NORM_AudImm,MOTOR_ST_RAW_BestLegEyeClose,ST,413,-0.2899244416986932,1.9307523870555446e-09,-0.37590421201798974,-0.19899535641613725,9.194058985978784e-09
MEMORY_ST_NORM_AudImm,MOTOR_ST_RAW_PegboardDominant,ST,423,-0.17362978049492706,0.00033353401613296456,-0.2645970048096188,-0.07959989259665372,0.0008338350403324113
MEMORY_ST_NORM_AudImm,MOTOR_ST_RAW_PegboardNondominant,ST,423,-0.1096621758839405,0.024098798984049485,-0.20288844715455762,-0.014465750484925202,0.041549653420774976
MEMORY_ST_NORM_AudImm,MOTOR_ST_RAW_PegboardBoth,ST,423,-0.14809941320548375,0.0022596359717390953,-0.24005725991807017,-0.05350730664912313,0.004184511058776103
MEMORY_ST_NORM_AudImm,MOTOR_ST_RAW_PegboardSum,ST,423,-0.16766890184554872,0.000534624212611434,-0.25887794120113755,-0.07349619401756258,0.00121505502866235
MEMORY_ST_NORM_AudImm,MOTOR_ST_RAW_PegboardAssemble,ST,423,-0.21200955252380776,1.0946485562998344e-05,-0.30126723005236733,-0.11906880322845187,3.317116837272226e-05
MEMORY_ST_NORM_AudImm,MOTOR_ST_RAW_SymbolSearch,ST,423,-0.3113579737139688,5.823095167836486e-11,-0.3949797857502433,-0.22261924956164086,4.159353691311776e-10
MEMORY_ST_NORM_AudImm,MOTOR_ST_RAW_SymbolCoding,ST,423,-0.24935330064399217,2.0410717147134067e-07,-0.336695947187688,-0.15775631813477417,6.803572382378021e-07
MEMORY_ST_NORM_AudImm,MOTOR_ST_RAW_GripMvcL,ST,423,-0.3593179280468853,2.4532016115279318e-14,-0.43960469354942405,-0.273334731920465,3.504573730754188e-13
MEMORY_ST_NORM_AudImm,MOTOR_ST_RAW_GripMvcR,ST,423,-0.41793228378776287,2.5948776778941826e-19,-0.4936101549132546,-0.3359727392152225,1.2974388389470912e-17
MEMORY_ST_NORM_AudImm,MOTOR_ST_NORM_BMI,ST,422,-0.004423363693762078,0.9278116398849088,-0.0998419050565113,0.09107579407949179,0.9664704582134466
MEMORY_ST_NORM_AudImm,MOTOR_ST_NORM_WHR,ST,422,-0.0908218543553992,0.06231601045240981,-0.18468138229299635,0.00467941614362682,0.09587078531139971
MEMORY_ST_NORM_AudImm,MOTOR_ST_NORM_AerobicRating,ST,411,0.17947101318279882,0.00025508992150191694,0.08420173752576034,0.2714889049300057,0.0006894322202754512
MEMORY_ST_NORM_AudImm,MOTOR_ST_NORM_FunctionalReaching,ST,422,0.051298152719096386,0.29309050644910295,-0.044379873987044884,0.14604368334181334,0.3574274468891499
MEMORY_ST_NORM_AudImm,MOTOR_ST_NORM_BestLegEyeClose,ST,413,0.17601040631583303,0.0003253757828584766,0.0808879292693334,0.2679556588076767,0.0008338350403324113
MEMORY_ST_NORM_AudImm,MOTOR_ST_NORM_PegboardDominant,ST,422,0.06006577432898181,0.21818765066850104,-0.035599048142219154,0.15463978239676093,0.2693674699611124
MEMORY_ST_NORM_AudImm,MOTOR_ST_NORM_PegboardNondominant,ST,422,0.09919943948585487,0.04167008329398883,0.003774482157546313,0.19283406908117046,0.06720981176449811
MEMORY_ST_NORM_AudImm,MOTOR_ST_NORM_PegboardSum,ST,422,0.09713886054614984,0.046120581283216486,0.0016938673369311507,0.19083000500696629,0.07320727187812141
MEMORY_ST_NORM_AudImm,MOTOR_ST_NORM_PegboardBoth,ST,422,0.10539917098935256,0.030403937934281557,0.010039482684728977,0.19885905519112163,0.05153209819369755
MEMORY_ST_NORM_AudImm,MOTOR_ST_NORM_PegboardAssemble,ST,422,0.050211530188661924,0.30344816970075483,-0.0454671043471724,0.1449773212025055,0.36560020445874075
MEMORY_ST_NORM_AudImm,MOTOR_ST_NORM_WaisSpeed,ST,422,0.16968314261363968,0.00046382984519064845,0.0754444976450402,0.26091748288180683,0.0011043567742634486
MEMORY_ST_NORM_VisImm,BASIC_Q_BFI_Agreeableness,Q,425,0.00918853629324441,0.8501926507117026,-0.08600947712547559,0.10422028136105377,0.8764872687749511
MEMORY_ST_NORM_VisImm,BASIC_Q_BFI_Conscientiousness,Q,425,0.13677602689361756,0.004732611255205007,0.04220226271179081,0.22892048914449956,0.007394705086257823
MEMORY_ST_NORM_VisImm,BASIC_Q_BFI_EmotionalStability,Q,425,0.17302152871737414,0.00033903693371861623,0.07920222487420289,0.2638026240327357,0.0005650615561976938
MEMORY_ST_NORM_VisImm,BASIC_Q_BFI_Extraversion,Q,423,-0.023821239402649814,0.6251602179547936,-0.11889886420186156,0.07168926820387267,0.6946224643942152
MEMORY_ST_NORM_VisImm,BASIC_Q_BFI_Intellect,Q,425,-0.2000196741357755,3.2755306943921134e-05,-0.289631849149804,-0.10693135939733042,5.955510353440206e-05
MEMORY_ST_NORM_VisImm,BASIC_Q_Beck_Anxiety,Q,425,-0.05936438866017352,0.22197200891903146,-0.15361974962239192,0.03596152050325258,0.28827533625848245
MEMORY_ST_NORM_VisImm,BASIC_Q_Beck_Depression,Q,425,-0.0987013920814486,0.041976113928404515,-0.1920213877543115,-0.0036124709660046036,0.06172957930647723
MEMORY_ST_NORM_VisImm,BASIC_Q_CogFailure_Sum,Q,425,0.02024080162574992,0.6773452430945033,-0.07502648928808336,0.11514194936131397,0.7362448294505469
MEMORY_ST_NORM_VisImm,BASIC_Q_EHI_Sum,Q,425,0.10420988052486511,0.03172443968654699,0.009178022142272335,0.19737617958804554,0.04734990997992089
MEMORY_ST_NORM_VisImm,BASIC_Q_IPAQ_MET,Q,425,0.16187021862376647,0.0008100840098221798,0.06779119959100256,0.253095996933158,0.0013065871126164191
MEMORY_ST_NORM_VisImm,BASIC_Q_MOCA_SUM,Q,425,-0.29960182317893047,2.9074299998526946e-10,-0.3837871211014881,-0.21047737503036296,6.922452380601654e-10
MEMORY_ST_NORM_VisImm,BASIC_Q_MSPSS_Sum,Q,425,0.016327843445130632,0.7371437678928773,-0.07891756516024008,0.11127784988899682,0.7678580915550804
MEMORY_ST_NORM_VisImm,BASIC_Q_PSQI_DaytimeDysfunc,Q,425,-0.13203656096895802,0.006412044865052878,-0.22434173551247494,-0.03738324530378552,0.009864684407773659
MEMORY_ST_NORM_VisImm,BASIC_Q_PSQI_SleepDisturbance,Q,425,0.04162150988887515,0.392056830206258,-0.05371398990931325,0.13620509039586826,0.49627446861551644
MEMORY_ST_NORM_VisImm,BASIC_Q_PSQI_SleepDuration,Q,425,-0.00471469111091769,0.9227977656770521,-0.0997927742923932,0.09044871058195736,0.924382908192095
MEMORY_ST_NORM_VisImm,BASIC_Q_PSQI_SleepEfficiency,Q,425,0.03574764584098605,0.46232664817163255,-0.059577781215443854,0.13042697738843836,0.5640171747275292
MEMORY_ST_NORM_VisImm,BASIC_Q_PSQI_SleepLatency,Q,425,-0.004617594227048063,0.924382908192095,-0.09969664133298543,0.09054501437002313,0.924382908192095
MEMORY_ST_NORM_VisImm,BASIC_Q_PSQI_SleepMedication,Q,425,0.13716630913315775,0.004613808392532035,0.042599291998562126,0.2292973555467898,0.0073235053849714845
MEMORY_ST_NORM_VisImm,BASIC_Q_PSQI_SleepQuality,Q,423,-0.059837548884171116,0.21939602850172946,-0.15430486210770225,0.035713891913465586,0.28827533625848245
MEMORY_ST_NORM_VisImm,BASIC_Q_PSQI_Sum,Q,425,0.004626503604241053,0.9242374467529468,-0.09053617783955877,0.09970546233674471,0.924382908192095
MEMORY_ST_NORM_VisImm,BASIC_Q_SF36_EmotionalLimit,Q,425,0.1304051503323684,0.007103401289302616,0.035725469476928014,0.2227647015459614,0.010762729226216086
MEMORY_ST_NORM_VisImm,BASIC_Q_SF36_EmotionalWell,Q,425,0.1917438706039838,6.942956810057296e-05,0.09841606525102876,0.2817282053062899,0.00012180625982556659
MEMORY_ST_NORM_VisImm,BASIC_Q_SF36_Energy,Q,425,0.25863953953834906,6.352383491983538e-08,0.1676410964046832,0.34526791410274044,1.3234132274965702e-07
MEMORY_ST_NORM_VisImm,BASIC_Q_SF36_GeneralHealth,Q,425,0.05124218234995777,0.29189850346461826,-0.044095590592193805,0.14565505338729462,0.37422885059566446
MEMORY_ST_NORM_VisImm,BASIC_Q_SF36_Mental,Q,425,0.20955077496824104,1.3262401711754648e-05,0.1167552266908241,0.2987192231917292,2.5504618676451248e-05
MEMORY_ST_NORM_VisImm,BASIC_Q_SF36_Pain,Q,425,-0.02536079772495979,0.6021088413165685,-0.12019368129007471,0.06993074029251832,0.6842145924051914
MEMORY_ST_NORM_VisImm,BASIC_Q_SF36_Physical,Q,425,-0.07677088610364503,0.11402807395446823,-0.17064754207485916,0.01848695565762031,0.15990591418129793
MEMORY_ST_NORM_VisImm,BASIC_Q_SF36_PhysicalFunct,Q,424,-0.23929010064734318,6.185041620798805e-07,-0.32707158901552325,-0.1474144401849234,1.2370083241597609e-06
MEMORY_ST_NORM_VisImm,BASIC_Q_SF36_PhysicalLimit,Q,425,-0.04028796908222622,0.407416819250397,-0.13489385229580292,0.05504582107084321,0.5092710240629963
MEMORY_ST_NORM_VisImm,BASIC_Q_SF36_SocialFunc,Q,425,0.06918890834571487,0.15448359204707343,-0.026105742898931437,0.1632374079996056,0.20876161087442355
MEMORY_ST_NORM_VisImm,LANGUAGE_ST_RAW_SIMILARITY,ST,425,-0.3569003946930751,3.2656537809063206e-14,-0.4371812023809914,-0.270977059684986,9.895920579283014e-14
MEMORY_ST_NORM_VisImm,LANGUAGE_ST_RAW_VOCABULARY,ST,425,-0.20225333436473414,2.6600691246521055e-05,-0.2917629702424399,-0.10923200140376645,4.9260539345409364e-05
MEMORY_ST_NORM_VisImm,LANGUAGE_ST_RAW_INFORMATION,ST,425,-0.34557390968445,2.297228107673628e-13,-0.42667122335792973,-0.2589637198297189,6.3811891879823e-13
MEMORY_ST_NORM_VisImm,LANGUAGE_ST_RAW_SUM,ST,425,-0.3238770633334852,7.780715614522336e-12,-0.40647711139367376,-0.23602573119709894,1.9950552857749578e-11
MEMORY_ST_NORM_VisImm,LANGUAGE_ST_SCALED_SIMILARITY,ST,425,-0.3569003946751998,3.265653791163394e-14,-0.437181202364422,-0.2709770596660055,9.895920579283014e-14
MEMORY_ST_NORM_VisImm,LANGUAGE_ST_SCALED_VOCABULARY,ST,425,-0.20225333436628704,2.6600691242650643e-05,-0.29176297024392117,-0.10923200140536625,4.9260539345409364e-05
MEMORY_ST_NORM_VisImm,LANGUAGE_ST_SCALED_INFORMATION,ST,425,-0.3455739096861403,2.2972281070181655e-13,-0.42667122335949986,-0.25896371983150973,6.3811891879823e-13
MEMORY_ST_NORM_VisImm,LANGUAGE_ST_SCALED_SUM,ST,425,-0.3505892157659956,9.778031166547035e-14,-0.4313276886830114,-0.26427985787716163,2.8758915195726574e-13
MEMORY_ST_NORM_VisImm,LANGUAGE_ST_NORM_SIMILARITY,ST,425,-0.03142675775481707,0.5181947078987786,-0.12617241536199145,0.06388706411228898,0.6096408328220925
MEMORY_ST_NORM_VisImm,LANGUAGE_ST_NORM_VOCABULARY,ST,425,0.019619164470368704,0.686722349797696,-0.0756448439777762,0.114528266041635,0.7384111288147268
MEMORY_ST_NORM_VisImm,LANGUAGE_ST_NORM_INFORMATION,ST,425,-0.023183223627472906,0.6336534910319879,-0.11804574050949496,0.07209860984737808,0.6963225176175691
MEMORY_ST_NORM_VisImm,LANGUAGE_ST_NORM_PR,ST,425,-0.01752875969609458,0.718601828116766,-0.11246407646672174,0.07772367334500065,0.7564229769650168
MEMORY_ST_NORM_VisImm,MEMORY_ST_NORM_ImmMem,ST,425,-0.024531858661230477,0.6140339623411806,-0.11937612741731388,0.07075609123436984,0.6899258003833489
MEMORY_ST_NORM_VisImm,MEMORY_ST_SCALED_AudImm,ST,425,-0.4917346396663422,2.9345828804594605e-27,-0.5606337259127994,-0.4160737315927748,2.2573714465072774e-26
MEMORY_ST_NORM_VisImm,MEMORY_ST_SCALED_VisImm,ST,425,-0.5575927423767166,4.318841519521814e-36,-0.6198394188462595,-0.4883731191449673,1.0797103798804533e-34
MEMORY_ST_NORM_VisImm,MEMORY_ST_SCALED_ImmMem,ST,425,-0.5708206748838341,4.1096666614275295e-38,-0.6316463282151233,-0.5030103337203286,1.3698888871425098e-36
MEMORY_ST_NORM_VisImm,MEMORY_ST_SCALED_WorMem,ST,425,-0.5291423515355496,4.8892509259573477e-32,-0.5943494862940621,-0.4570230958785315,6.111563657446684e-31
MEMORY_ST_NORM_VisImm,MEMORY_ST_RAW_AudImm,ST,425,-0.5032906506276644,1.1322995637166098e-28,-0.5710736596193801,-0.42869115992506807,1.2581106263517886e-27
MEMORY_ST_NORM_VisImm,MEMORY_ST_RAW_VisImm,ST,425,-0.5819272085336776,6.988641166306496e-40,-0.6415379884231844,-0.5153302541052454,3.494320583153248e-38
MEMORY_ST_NORM_VisImm,MEMORY_ST_RAW_ImmMem,ST,425,-0.5977320045402812,1.6080291410802435e-42,-0.6555799034097904,-0.5329093051534325,1.6080291410802435e-40
MEMORY_ST_NORM_VisImm,MEMORY_ST_RAW_WorMem,ST,425,-0.5325363572739233,1.6813916188891966e-32,-0.5973972206542851,-0.4607536254453967,2.4019880269845667e-31
MEMORY_ST_NORM_VisImm,MEMORY_ST_RAW_LogMemI,ST,425,-0.45559910071338533,3.5998324290980017e-23,-0.5278462033750009,-0.3768062466332198,1.8946486468936852e-22
MEMORY_ST_NORM_VisImm,MEMORY_ST_RAW_FacI,ST,425,-0.548918309516224,8.178478792434977e-35,-0.612081514607965,-0.4787956261029708,1.3630798054099591e-33
MEMORY_ST_NORM_VisImm,MEMORY_ST_RAW_VerPairI,ST,425,-0.4210762488823645,1.0777761825807137e-19,-0.49631952056612255,-0.3395538917673936,4.300175994442815e-19
MEMORY_ST_NORM_VisImm,MEMORY_ST_RAW_FamPicI,ST,425,-0.49359569536500286,1.7519173128603054e-27,-0.5623165222125733,-0.4181037586496779,1.4599310940502544e-26
MEMORY_ST_NORM_VisImm,MEMORY_ST_RAW_LetNumSeq,ST,425,-0.4673999237531283,1.8797818148711536e-24,-0.5385773914021507,-0.3895988076199405,1.1057540093474516e-23
MEMORY_ST_NORM_VisImm,MEMORY_ST_RAW_SpaForward,ST,425,-0.3747940039626618,1.2730012908661292e-15,-0.4537403322012533,-0.29001046541813735,4.243337636220431e-15
MEMORY_ST_NORM_VisImm,MEMORY_ST_RAW_SpaBackward,ST,425,-0.3853487848245194,1.7049799422025606e-16,-0.4634824553467359,-0.3012691078203457,6.089214079294859e-16
MEMORY_ST_NORM_VisImm,MEMORY_ST_RAW_SpaTotal,ST,425,-0.4410206142754675,1.1827045032496707e-21,-0.5145571950237444,-0.36104398034448,5.375929560225776e-21
MEMORY_ST_NORM_VisImm,MEMORY_ST_SCALED_LogMemI,ST,425,-0.45559910071349563,3.5998324290005344e-23,-0.5278462033751014,-0.3768062466333393,1.8946486468936852e-22
MEMORY_ST_NORM_VisImm,MEMORY_ST_SCALED_FacI,ST,425,-0.5489183095015768,8.178478832459755e-35,-0.6120815145948552,-0.47879562608681286,1.3630798054099591e-33
MEMORY_ST_NORM_VisImm,MEMORY_ST_SCALED_VerPairI,ST,425,-0.4210762488823645,1.0777761825807137e-19,-0.49631952056612255,-0.3395538917673936,4.300175994442815e-19
MEMORY_ST_NORM_VisImm,MEMORY_ST_SCALED_FamPicI,ST,425,-0.49359569536500286,1.7519173128603054e-27,-0.5623165222125733,-0.4181037586496779,1.4599310940502544e-26
MEMORY_ST_NORM_VisImm,MEMORY_ST_SCALED_LetNumSeq,ST,425,-0.4673999237510021,1.8797818158906675e-24,-0.5385773914002192,-0.3895988076176328,1.1057540093474516e-23
MEMORY_ST_NORM_VisImm,MEMORY_ST_SCALED_SpaForward,ST,425,-0.37479400396266177,1.2730012908661292e-15,-0.4537403322012532,-0.29001046541813735,4.243337636220431e-15
MEMORY_ST_NORM_VisImm,MEMORY_ST_SCALED_SpaBackward,ST,425,-0.38534878482451945,1.7049799422025606e-16,-0.4634824553467359,-0.3012691078203458,6.089214079294859e-16
MEMORY_ST_NORM_VisImm,MEMORY_ST_SCALED_SpaTotal,ST,425,-0.4410206142754675,1.1827045032496707e-21,-0.5145571950237444,-0.36104398034448,5.375929560225776e-21
MEMORY_ST_NORM_VisImm,MOTOR_ST_RAW_BPrestHigh,ST,423,0.1812980568968604,0.00017766242519277122,0.08746228063227417,0.27194480386686454,0.00030631452619443315
MEMORY_ST_NORM_VisImm,MOTOR_ST_RAW_BPrestLow,ST,423,0.07671937331377886,0.11513225821053451,-0.01876557692700987,0.17081752049733653,0.15990591418129793
MEMORY_ST_NORM_VisImm,MOTOR_ST_RAW_HRrest,ST,423,-0.035819109676136544,0.46249408327657393,-0.13072034431496868,0.05973257290671783,0.5640171747275292
MEMORY_ST_NORM_VisImm,MOTOR_ST_RAW_HEIGHT,ST,423,-0.473777102033749,4.694773298859614e-25,-0.5445265843379469,-0.3963331988020437,3.353409499185438e-24
MEMORY_ST_NORM_VisImm,MOTOR_ST_RAW_WEIGHT,ST,423,-0.29857850265104946,3.7000818300501844e-10,-0.38302201767631905,-0.20918609311329256,8.604841465232987e-10
MEMORY_ST_NORM_VisImm,MOTOR_ST_RAW_BMI,ST,423,-0.07259630503325577,0.1360574062651097,-0.16678948645904357,0.022909954915642357,0.18638000858234205
MEMORY_ST_NORM_VisImm,MOTOR_ST_RAW_WHR,ST,423,0.0898069405073917,0.06499089481143776,-0.005588593747624081,0.18358262368388903,0.09328209214074643
MEMORY_ST_NORM_VisImm,MOTOR_ST_RAW_AerobicRating,ST,411,0.2849735628555072,4.050516014649093e-09,0.19357865887408524,0.37146489178641434,8.805469597063245e-09
MEMORY_ST_NORM_VisImm,MOTOR_ST_RAW_FunctionalReaching,ST,423,-0.4218136798369617,1.118045758555132e-19,-0.4971658676240973,-0.3401463302361022,4.300175994442815e-19
MEMORY_ST_NORM_VisImm,MOTOR_ST_RAW_WorseLegEyeOpen,ST,422,-0.284334793804664,2.7335985329145643e-09,-0.36975919481371455,-0.19414369670842144,6.074663406476809e-09
MEMORY_ST_NORM_VisImm,MOTOR_ST_RAW_BestLegEyeOpen,ST,422,-0.19977939198827624,3.571771597500252e-05,-0.2897149158022029,-0.10634684082342653,6.378163566964736e-05
MEMORY_ST_NORM_VisImm,MOTOR_ST_RAW_WorseLegEyeClose,ST,413,-0.31675791242171325,4.452593055536809e-11,-0.4009973464267254,-0.2272063894958451,1.0859983062284901e-10
MEMORY_ST_NORM_VisImm,MOTOR_ST_RAW_BestLegEyeClose,ST,413,-0.4318041089169626,3.454877493812125e-20,-0.5071679920997368,-0.349886707567795,1.5021206494835326e-19
MEMORY_ST_NORM_VisImm,MOTOR_ST_RAW_PegboardDominant,ST,423,-0.2879010960954112,1.6203244964717143e-09,-0.3730094060059621,-0.19798833500540328,3.682555673799351e-09
MEMORY_ST_NORM_VisImm,MOTOR_ST_RAW_PegboardNondominant,ST,423,-0.2688050435288512,1.9561629894074766e-08,-0.355052743776833,-0.17802000530926557,4.162048913632929e-08
MEMORY_ST_NORM_VisImm,MOTOR_ST_RAW_PegboardBoth,ST,423,-0.3147882733213593,3.4906746444650694e-11,-0.39818470536167694,-0.22623075852081406,8.726686611162674e-11
MEMORY_ST_NORM_VisImm,MOTOR_ST_RAW_PegboardSum,ST,423,-0.33827134538418063,8.776879021665851e-13,-0.42007033373576097,-0.25101990807611635,2.372129465315095e-12
MEMORY_ST_NORM_VisImm,MOTOR_ST_RAW_PegboardAssemble,ST,423,-0.45429796059961036,6.252107928641774e-23,-0.5268255305797891,-0.3752026552654115,3.126053964320887e-22
MEMORY_ST_NORM_VisImm,MOTOR_ST_RAW_SymbolSearch,ST,423,-0.49970516766808465,4.208341657250871e-28,-0.5679905251998812,-0.4245872569798522,4.208341657250871e-27
MEMORY_ST_NORM_VisImm,MOTOR_ST_RAW_SymbolCoding,ST,423,-0.4692164851228601,1.518034082245602e-24,-0.5403879105733008,-0.3913785752497891,1.012022721497068e-23
MEMORY_ST_NORM_VisImm,MOTOR_ST_RAW_GripMvcL,ST,423,-0.3302955537747791,3.177723753072794e-12,-0.4126477530673076,-0.2425876666891692,8.362430929138932e-12
MEMORY_ST_NORM_VisImm,MOTOR_ST_RAW_GripMvcR,ST,423,-0.3586443649224429,2.7622940011350958e-14,-0.43898070100858283,-0.27261914433957535,8.910625810113212e-14
MEMORY_ST_NORM_VisImm,MOTOR_ST_NORM_BMI,ST,422,-0.06746474253456096,0.16655158013672813,-0.16188287964785,0.028177426965772162,0.22206877351563753
MEMORY_ST_NORM_VisImm,MOTOR_ST_NORM_WHR,ST,422,-0.16658198765345644,0.0005905446799141537,-0.2579409031912298,-0.07227053576747326,0.0009681060326461535
MEMORY_ST_NORM_VisImm,MOTOR_ST_NORM_AerobicRating,ST,411,0.26208509230870813,6.981919809927576e-08,0.16965509556729805,0.3499444357052949,1.4248815938627706e-07
MEMORY_ST_NORM_VisImm,MOTOR_ST_NORM_FunctionalReaching,ST,422,-0.025689707937426434,0.5987104073855054,-0.12085403099234078,0.06994251646378745,0.6842145924051914
MEMORY_ST_NORM_VisImm,MOTOR_ST_NORM_BestLegEyeClose,ST,413,0.21638302557743022,9.1319985322222e-06,0.12244335650629064,0.30647998000541754,1.790587947494549e-05
MEMORY_ST_NORM_VisImm,MOTOR_ST_NORM_PegboardDominant,ST,422,0.03295918364185155,0.49952088412483536,-0.06269878631856343,0.1280171029120244,0.6018323905118498
MEMORY_ST_NORM_VisImm,MOTOR_ST_NORM_PegboardNondominant,ST,422,0.02754203126153992,0.5726079283356202,-0.06809771033059714,0.12268018312781297,0.6658231724832793
MEMORY_ST_NORM_VisImm,MOTOR_ST_NORM_PegboardSum,ST,422,0.018578139445751242,0.7035410152310242,-0.07701915299694796,0.11383695198300908,0.7484478885436427
MEMORY_ST_NORM_VisImm,MOTOR_ST_NORM_PegboardBoth,ST,422,0.032307453986848256,0.5080451892085883,-0.06334861934052405,0.12737531711251018,0.6048157014387956
MEMORY_ST_NORM_VisImm,MOTOR_ST_NORM_PegboardAssemble,ST,422,-0.08981134983261435,0.0652974644985225,-0.1836971312088328,0.0056982038031911705,0.09328209214074643
MEMORY_ST_NORM_VisImm,MOTOR_ST_NORM_WaisSpeed,ST,422,0.1766192425922657,0.000266180762190901,0.08255035750293634,0.2675686823514586,0.0004511538342218661
MEMORY_ST_NORM_WorMem,BASIC_Q_BFI_Agreeableness,Q,425,0.039968527508629004,0.41114860129853775,-0.0553648027544844,0.1345797039989086,0.47258459919372153
MEMORY_ST_NORM_WorMem,BASIC_Q_BFI_Conscientiousness,Q,425,0.1467416331374579,0.002423929673868993,0.05234951510041608,0.23853488629082603,0.004661403218978833
MEMORY_ST_NORM_WorMem,BASIC_Q_BFI_EmotionalStability,Q,425,0.2144113136686177,8.22859647457832e-06,0.12177206750236105,0.3033472588892223,2.420175433699506e-05
MEMORY_ST_NORM_WorMem,BASIC_Q_BFI_Extraversion,Q,423,0.06806900040047635,0.16227791892524038,-0.027456880607941752,0.1623629089762916,0.21929448503410862
MEMORY_ST_NORM_WorMem,BASIC_Q_BFI_Intellect,Q,425,0.033531649586942706,0.4905523017652205,-0.06178826958908518,0.12824543239042835,0.5511823615339556
MEMORY_ST_NORM_WorMem,BASIC_Q_Beck_Anxiety,Q,425,-0.10881817267620786,0.024870855872425875,-0.2018516253785059,-0.013838579377894735,0.039477549003850594
MEMORY_ST_NORM_WorMem,BASIC_Q_Beck_Depression,Q,425,-0.10079406574420209,0.03779275826270871,-0.19405632681217538,-0.005726129099616047,0.05726175494349805
MEMORY_ST_NORM_WorMem,BASIC_Q_CogFailure_Sum,Q,425,-0.13509443683719968,0.00527667135303652,-0.22729638729260168,-0.0404919435118632,0.009593947914611855
MEMORY_ST_NORM_WorMem,BASIC_Q_EHI_Sum,Q,425,0.05413855661099686,0.2654402185769566,-0.041196435057099426,0.14849666426454738,0.34030797253455974
MEMORY_ST_NORM_WorMem,BASIC_Q_IPAQ_MET,Q,425,0.07149893267401898,0.141147582706574,-0.023785675746463484,0.16549620072252277,0.19879941226278028
MEMORY_ST_NORM_WorMem,BASIC_Q_MOCA_SUM,Q,425,-0.17887329939600716,0.00021002418028692483,-0.2694121074019389,-0.08520013652615431,0.00043755037559776007
MEMORY_ST_NORM_WorMem,BASIC_Q_MSPSS_Sum,Q,425,-0.08368893114173485,0.08484615585181766,-0.17739953927857305,0.011525659229229856,0.12296544326350385
MEMORY_ST_NORM_WorMem,BASIC_Q_PSQI_DaytimeDysfunc,Q,425,-0.09100627031087397,0.06086041347538281,-0.1845316590424151,0.004152514799830492,0.08950060805203355
MEMORY_ST_NORM_WorMem,BASIC_Q_PSQI_SleepDisturbance,Q,425,0.006962146053186771,0.8862054099639859,-0.08821911558366854,0.1020174218140449,0.9136138247051401
MEMORY_ST_NORM_WorMem,BASIC_Q_PSQI_SleepDuration,Q,425,0.06466782894184586,0.183311382488883,-0.030643508878229104,0.15881374181743527,0.244415176651844
MEMORY_ST_NORM_WorMem,BASIC_Q_PSQI_SleepEfficiency,Q,425,-0.05028803987982065,0.3009885837112924,-0.14471861019196602,0.045050297795028726,0.3762357296391155
MEMORY_ST_NORM_WorMem,BASIC_Q_PSQI_SleepLatency,Q,425,-0.07739395809717202,0.1111133867641972,-0.17125602048841443,0.017860366448208542,0.15873340966313887
MEMORY_ST_NORM_WorMem,BASIC_Q_PSQI_SleepMedication,Q,425,0.055128454636829145,0.25678717942623774,-0.040205218250047636,0.14946748858245568,0.33348984341069837
MEMORY_ST_NORM_WorMem,BASIC_Q_PSQI_SleepQuality,Q,423,-0.11292956741339794,0.02016939928952037,-0.20605849743674173,-0.017773262523044744,0.033615665482533946
MEMORY_ST_NORM_WorMem,BASIC_Q_PSQI_Sum,Q,425,-0.044675826104215374,0.35822006746023916,-0.1392070767191954,0.05066231080584572,0.4264524612621895
MEMORY_ST_NORM_WorMem,BASIC_Q_SF36_EmotionalLimit,Q,425,0.10937474592650329,0.024136703234431758,0.01440174447173106,0.20239189108911013,0.03893016650714799
MEMORY_ST_NORM_WorMem,BASIC_Q_SF36_EmotionalWell,Q,425,0.18073462249577166,0.00017977788199804475,0.08710936817111503,0.27119507712223995,0.0003825061319107335
MEMORY_ST_NORM_WorMem,BASIC_Q_SF36_Energy,Q,425,0.2125650089784419,9.877191718284849e-06,0.11986583284405702,0.30158976591954784,2.8220547766528138e-05
MEMORY_ST_NORM_WorMem,BASIC_Q_SF36_GeneralHealth,Q,425,0.007985066862000742,0.8696255267579531,-0.08720400773336415,0.10302964716026088,0.9058599237062012
MEMORY_ST_NORM_WorMem,BASIC_Q_SF36_Mental,Q,425,0.18345545018833717,0.00014282812546867992,0.08990146522327754,0.27380025362177574,0.0003173958343748442
MEMORY_ST_NORM_WorMem,BASIC_Q_SF36_Pain,Q,425,-0.02079555156739661,0.6690189094231899,-0.11568954012593458,0.0744746067519739,0.715826864588318
MEMORY_ST_NORM_WorMem,BASIC_Q_SF36_Physical,Q,425,-0.020733369452080194,0.6699502190003955,-0.11562816335552775,0.07453647036297609,0.715826864588318
MEMORY_ST_NORM_WorMem,BASIC_Q_SF36_PhysicalFunct,Q,424,-0.12129691473929644,0.012436225216804781,-0.21405922246169823,-0.026366432666697893,0.02107834782509285
MEMORY_ST_NORM_WorMem,BASIC_Q_SF36_PhysicalLimit,Q,425,0.020538154957857425,0.672877252713019,-0.07473068018043696,0.11543547245202733,0.715826864588318
MEMORY_ST_NORM_WorMem,BASIC_Q_SF36_SocialFunc,Q,425,0.06844099261833622,0.15899973652624147,-0.02685669025648505,0.16250586815745174,0.2178078582551253
MEMORY_ST_NORM_WorMem,LANGUAGE_ST_RAW_SIMILARITY,ST,425,-0.17775485391846527,0.00023042413220206759,-0.26834044485534375,-0.08405323417977051,0.00046084826493004804
MEMORY_ST_NORM_WorMem,LANGUAGE_ST_RAW_VOCABULARY,ST,425,0.02980199354143119,0.5400677902506426,-0.06550654542739842,0.12457168918968782,0.5934810881875193
MEMORY_ST_NORM_WorMem,LANGUAGE_ST_RAW_INFORMATION,ST,425,-0.0027264687313722376,0.9553082240140457,-0.0978239358738361,0.09242033815753824,0.9553082241141788
MEMORY_ST_NORM_WorMem,LANGUAGE_ST_RAW_SUM,ST,425,-0.03745451678672574,0.441216369736454,-0.1321066874587484,0.0578745150994043,0.5013822383368796
MEMORY_ST_NORM_WorMem,LANGUAGE_ST_SCALED_SIMILARITY,ST,425,-0.17775485390465512,0.00023042413246502405,-0.2683404448421099,-0.08405323416561053,0.00046084826493004804
MEMORY_ST_NORM_WorMem,LANGUAGE_ST_SCALED_VOCABULARY,ST,425,0.02980199355938217,0.5400677900064621,-0.06550654540950858,0.12457168920737595,0.5934810881875193
MEMORY_ST_NORM_WorMem,LANGUAGE_ST_SCALED_INFORMATION,ST,425,-0.0027264687252571587,0.9553082241141788,-0.09782393586777949,0.09242033816360114,0.9553082241141788
MEMORY_ST_NORM_WorMem,LANGUAGE_ST_SCALED_SUM,ST,425,-0.04695467866583544,0.3342056782805379,-0.14144575426557152,0.048384265556896226,0.4026574437114915
MEMORY_ST_NORM_WorMem,LANGUAGE_ST_NORM_SIMILARITY,ST,425,0.06203997931919416,0.20179649599649013,-0.03327925321996167,0.15624077478593595,0.2655217052585397
MEMORY_ST_NORM_WorMem,LANGUAGE_ST_NORM_VOCABULARY,ST,425,0.1886687778226642,9.106189928263169e-05,0.09525546220900119,0.2787882832074113,0.00021681404591102787
MEMORY_ST_NORM_WorMem,LANGUAGE_ST_NORM_INFORMATION,ST,425,0.22880678284359862,1.8749357849401395e-06,0.13665827844865794,0.31702955148798484,6.465295810138412e-06
MEMORY_ST_NORM_WorMem,LANGUAGE_ST_NORM_PR,ST,425,0.19466246568360332,5.345989597985317e-05,0.10141756133649296,0.2845169468812581,0.00014068393678908728
MEMORY_ST_NORM_WorMem,MEMORY_ST_NORM_ImmMem,ST,425,0.049787548594486954,0.3058310883776785,-0.0455510156853011,0.14422733533687682,0.37756924491071414
MEMORY_ST_NORM_WorMem,MEMORY_ST_SCALED_AudImm,ST,425,-0.36336297789983335,1.0355280964638613e-14,-0.4431681012647112,-0.27784355756736046,1.4793258520912305e-13
MEMORY_ST_NORM_WorMem,MEMORY_ST_SCALED_VisImm,ST,425,-0.32575413802349773,5.799549944034178e-12,-0.4082273737292704,-0.23800632076342307,4.142535674310127e-11
MEMORY_ST_NORM_WorMem,MEMORY_ST_SCALED_ImmMem,ST,425,-0.3856753563971361,1.60028316101979e-16,-0.4637835818213961,-0.30161783160870376,8.001415805098949e-15
MEMORY_ST_NORM_WorMem,MEMORY_ST_SCALED_WorMem,ST,425,-0.36616853553106016,6.238464849348565e-15,-0.44576493903999603,-0.28082718679235447,1.247692969869713e-13
MEMORY_ST_NORM_WorMem,MEMORY_ST_RAW_AudImm,ST,425,-0.36397006878451954,9.283695624100563e-15,-0.44373014111748427,-0.27848904126962915,1.4793258520912305e-13
MEMORY_ST_NORM_WorMem,MEMORY_ST_RAW_VisImm,ST,425,-0.3327692063294777,1.899244930468619e-12,-0.4147631514925678,-0.24541471398746892,1.4609576388220146e-11
MEMORY_ST_NORM_WorMem,MEMORY_ST_RAW_ImmMem,ST,425,-0.3868543382269334,1.2722709897870076e-16,-0.46487055212974643,-0.30287697408868675,8.001415805098949e-15
MEMORY_ST_NORM_WorMem,MEMORY_ST_RAW_WorMem,ST,425,-0.3592133866615274,2.171418451193466e-14,-0.43932476230891243,-0.2734336104388125,2.7142730639918326e-13
MEMORY_ST_NORM_WorMem,MEMORY_ST_RAW_LogMemI,ST,425,-0.3157028649804748,2.7326563388567024e-11,-0.3988480747011985,-0.2274092527341176,1.5181424108230476e-10
MEMORY_ST_NORM_WorMem,MEMORY_ST_RAW_FacI,ST,425,-0.2508520449601453,1.6037035812078992e-07,-0.33791171499367206,-0.15953601712574378,6.168090697428759e-07
MEMORY_ST_NORM_WorMem,MEMORY_ST_RAW_VerPairI,ST,425,-0.32342303396260697,8.351364701201317e-12,-0.4060536644934361,-0.235546773108521,5.219602938250823e-11
MEMORY_ST_NORM_WorMem,MEMORY_ST_RAW_FamPicI,ST,425,-0.3032460196040892,1.7240263613432924e-10,-0.3871998372202756,-0.21430494118608004,8.209649339729963e-10
MEMORY_ST_NORM_WorMem,MEMORY_ST_RAW_LetNumSeq,ST,425,-0.3520174376125061,7.645366881229231e-14,-0.4326529360795779,-0.2657947084814897,7.645366896536831e-13
MEMORY_ST_NORM_WorMem,MEMORY_ST_RAW_SpaForward,ST,425,-0.19359797738044807,5.883353340994846e-05,-0.2834999957075703,-0.10032264016198507,0.00014708383352487114
MEMORY_ST_NORM_WorMem,MEMORY_ST_RAW_SpaBackward,ST,425,-0.19650874310554342,4.522210003055337e-05,-0.2862802952070272,-0.10331715818552627,0.00012222189197446856
MEMORY_ST_NORM_WorMem,MEMORY_ST_RAW_SpaTotal,ST,425,-0.25586477096664945,8.866633250721002e-08,-0.34264804087934936,-0.16475175758179664,3.6944305211337505e-07
MEMORY_ST_NORM_WorMem,MEMORY_ST_SCALED_LogMemI,ST,425,-0.3157028649789641,2.7326563394814858e-11,-0.3988480746997875,-0.22740925273252646,1.5181424108230476e-10
MEMORY_ST_NORM_WorMem,MEMORY_ST_SCALED_FacI,ST,425,-0.2508520449594864,1.6037035813314773e-07,-0.3379117149930493,-0.15953601712505852,6.168090697428759e-07
MEMORY_ST_NORM_WorMem,MEMORY_ST_SCALED_VerPairI,ST,425,-0.32342303396260697,8.351364701201317e-12,-0.4060536644934361,-0.235546773108521,5.219602938250823e-11
MEMORY_ST_NORM_WorMem,MEMORY_ST_SCALED_FamPicI,ST,425,-0.30324601960408915,1.7240263613432924e-10,-0.3871998372202755,-0.21430494118607998,8.209649339729963e-10
MEMORY_ST_NORM_WorMem,MEMORY_ST_SCALED_LetNumSeq,ST,425,-0.3520174376009129,7.645366896536831e-14,-0.43265293606882205,-0.2657947084691916,7.645366896536831e-13
MEMORY_ST_NORM_WorMem,MEMORY_ST_SCALED_SpaForward,ST,425,-0.19359797738044807,5.883353340994846e-05,-0.2834999957075703,-0.10032264016198507,0.00014708383352487114
MEMORY_ST_NORM_WorMem,MEMORY_ST_SCALED_SpaBackward,ST,425,-0.19650874310554342,4.522210003055337e-05,-0.2862802952070272,-0.10331715818552627,0.00012222189197446856
MEMORY_ST_NORM_WorMem,MEMORY_ST_SCALED_SpaTotal,ST,425,-0.25586477096664945,8.866633250721002e-08,-0.34264804087934936,-0.16475175758179664,3.6944305211337505e-07
MEMORY_ST_NORM_WorMem,MOTOR_ST_RAW_BPrestHigh,ST,423,0.31034663719633016,6.762893735434772e-11,0.22155495275581483,0.39403450812771085,3.559417755491985e-10
MEMORY_ST_NORM_WorMem,MOTOR_ST_RAW_BPrestLow,ST,423,0.14204463862328923,0.003415447806692866,0.047338088241607526,0.23422012841265472,0.006444241144703521
MEMORY_ST_NORM_WorMem,MOTOR_ST_RAW_HRrest,ST,423,-0.09417462637875502,0.052934117100180485,-0.18783566731644255,0.0011836820740664536,0.07900614492564252
MEMORY_ST_NORM_WorMem,MOTOR_ST_RAW_HEIGHT,ST,423,0.1280323743683751,0.008381480400479452,0.033088626976268375,0.22068600985662085,0.01496692928657045
MEMORY_ST_NORM_WorMem,MOTOR_ST_RAW_WEIGHT,ST,423,0.10396423025872378,0.03254133265165503,0.008702819336517183,0.19735557393955538,0.05084583226821098
MEMORY_ST_NORM_WorMem,MOTOR_ST_RAW_BMI,ST,423,0.049125502519690084,0.31346341452988385,-0.04643970094248632,0.14379962447117908,0.3822724567437608
MEMORY_ST_NORM_WorMem,MOTOR_ST_RAW_WHR,ST,423,0.34329910799481583,3.8259168410849497e-13,0.2563422200217155,0.4247437469440429,3.188264034237458e-12
MEMORY_ST_NORM_WorMem,MOTOR_ST_RAW_AerobicRating,ST,411,0.2299623609481525,2.463284732491575e-06,0.13626239682540206,0.3195844181171531,8.21094910830525e-06
MEMORY_ST_NORM_WorMem,MOTOR_ST_RAW_FunctionalReaching,ST,423,-0.18654265640278195,0.0001137633545547091,-0.27696413860405733,-0.0928463803631597,0.0002645659408249049
MEMORY_ST_NORM_WorMem,MOTOR_ST_RAW_WorseLegEyeOpen,ST,422,-0.24642226896198616,2.953139110607306e-07,-0.33402547352397893,-0.15459828334573447,1.093755226150854e-06
MEMORY_ST_NORM_WorMem,MOTOR_ST_RAW_BestLegEyeOpen,ST,422,-0.1254466343754065,0.009892665085693423,-0.21829322455241568,-0.0303493745756662,0.017056319113264523
MEMORY_ST_NORM_WorMem,MOTOR_ST_RAW_WorseLegEyeClose,ST,413,-0.18822024045080063,0.00011911518655359678,-0.2796376123829251,-0.09342069292397112,0.0002707163330763563
MEMORY_ST_NORM_WorMem,MOTOR_ST_RAW_BestLegEyeClose,ST,413,-0.292750854499022,1.321643838812323e-09,-0.37855326715192783,-0.2019597861820724,6.007471994601468e-09
MEMORY_ST_NORM_WorMem,MOTOR_ST_RAW_PegboardDominant,ST,423,-0.21811992027029414,5.970907413367581e-06,-0.30708116299183524,-0.1253797926656186,1.8659085666773692e-05
MEMORY_ST_NORM_WorMem,MOTOR_ST_RAW_PegboardNondominant,ST,423,-0.19357280273084468,6.139347047139885e-05,-0.2836845960303633,-0.10007212592110584,0.0001497401718814606
MEMORY_ST_NORM_WorMem,MOTOR_ST_RAW_PegboardBoth,ST,423,-0.21653606689779126,6.998434296606977e-06,-0.3055747850151717,-0.12374321573141238,2.1207376656384778e-05
MEMORY_ST_NORM_WorMem,MOTOR_ST_RAW_PegboardSum,ST,423,-0.24431361675702307,3.633614984371567e-07,-0.3319290957153206,-0.152518822765681,1.2977196372755596e-06
MEMORY_ST_NORM_WorMem,MOTOR_ST_RAW_PegboardAssemble,ST,423,-0.3435345668771878,3.6786431637043435e-13,-0.4249625046762215,-0.25659160248270196,3.188264034237458e-12
MEMORY_ST_NORM_WorMem,MOTOR_ST_RAW_SymbolSearch,ST,423,-0.37346424151348256,1.9003350483415656e-15,-0.45269203378935036,-0.2883856724099139,6.334450161138552e-14
MEMORY_ST_NORM_WorMem,MOTOR_ST_RAW_SymbolCoding,ST,423,-0.36712348592225647,6.074986191067515e-15,-0.44683015642735907,-0.2816342358659816,1.247692969869713e-13
MEMORY_ST_NORM_WorMem,MOTOR_ST_RAW_GripMvcL,ST,423,0.2256172854956111,2.7710211356273257e-06,0.1331335867096234,0.3142057446842658,8.938777856862341e-06
MEMORY_ST_NORM_WorMem,MOTOR_ST_RAW_GripMvcR,ST,423,0.18259974017108177,0.00015923632165805115,0.08879807587883508,0.2731910378875502,0.0003461659166479373
MEMORY_ST_NORM_WorMem,MOTOR_ST_NORM_BMI,ST,422,-0.004057769566689399,0.9337637666493576,-0.09947993561067524,0.09143835011186956,0.9528201700503649
MEMORY_ST_NORM_WorMem,MOTOR_ST_NORM_WHR,ST,422,-0.0405406461892276,0.4061526414307199,-0.13547704515722486,0.0551334226233303,0.47227051329153474
MEMORY_ST_NORM_WorMem,MOTOR_ST_NORM_AerobicRating,ST,411,0.16266550111923792,0.0009337398923262597,0.06698849890739635,0.2553782276399079,0.0018308625339730582
MEMORY_ST_NORM_WorMem,MOTOR_ST_NORM_FunctionalReaching,ST,422,-0.12770638893726766,0.008629163129107846,-0.22047923980665934,-0.032643645356899564,0.015138882682645344
MEMORY_ST_NORM_WorMem,MOTOR_ST_NORM_BestLegEyeClose,ST,413,0.14056982770010848,0.004206011629430091,0.044679576154689246,0.2338934929094957,0.007788910424870539
MEMORY_ST_NORM_WorMem,MOTOR_ST_NORM_PegboardDominant,ST,422,-0.05114222454926005,0.29456210219196227,-0.1458906760268153,0.04453590330838146,0.3728634204961548
MEMORY_ST_NORM_WorMem,MOTOR_ST_NORM_PegboardNondominant,ST,422,0.012704401695258414,0.7946953671869609,-0.0828567849631993,0.10803408143088708,0.8365214391441694
MEMORY_ST_NORM_WorMem,MOTOR_ST_NORM_PegboardSum,ST,422,-0.07087945987212792,0.14606806462008115,-0.1652222330685791,0.024748695165967234,0.20287231197233493
MEMORY_ST_NORM_WorMem,MOTOR_ST_NORM_PegboardBoth,ST,422,-0.04401756898977785,0.3670610258726196,-0.13889464128033915,0.05166020484836615,0.4318365010266113
MEMORY_ST_NORM_WorMem,MOTOR_ST_NORM_PegboardAssemble,ST,422,-0.10238563634850595,0.03550418167044647,-0.19593134205144802,-0.006993287023444204,0.05462181795453303
MEMORY_ST_NORM_WorMem,MOTOR_ST_NORM_WaisSpeed,ST,422,0.11125297398427882,0.022268848682977183,0.0159617924525607,0.20454138614408926,0.03650630931635604
MOTOR_ST_SCALED_FineMotor,BASIC_Q_BFI_Agreeableness,Q,423,-0.04148146704706549,0.3947751262026572,-0.13629009746047713,0.054080108300952064,0.42910339804636655
MOTOR_ST_SCALED_FineMotor,BASIC_Q_BFI_Conscientiousness,Q,423,-0.247694352884954,2.471220272067274e-07,-0.3351273037043087,-0.15603168620972538,5.14837556680682e-07
MOTOR_ST_SCALED_FineMotor,BASIC_Q_BFI_EmotionalStability,Q,423,-0.28388300949368717,2.780489579651356e-09,-0.36923635244319974,-0.19378050012250042,7.72358216569821e-09
MOTOR_ST_SCALED_FineMotor,BASIC_Q_BFI_Extraversion,Q,423,-0.046975734146064985,0.3351354484934459,-0.1416887859900002,0.04858957968408711,0.38083573692437034
MOTOR_ST_SCALED_FineMotor,BASIC_Q_BFI_Intellect,Q,423,0.0896172115454442,0.06556201392029488,-0.0057798559062925345,0.18339779509339568,0.08298989103834796
MOTOR_ST_SCALED_FineMotor,BASIC_Q_Beck_Anxiety,Q,423,0.13081262659425483,0.007059111253316686,0.03591287664972696,0.2233742309730564,0.010230596019299544
MOTOR_ST_SCALED_FineMotor,BASIC_Q_Beck_Depression,Q,423,0.1559387868085,0.001293577825041694,0.06150559694054739,0.24760497638221868,0.002053298134986816
MOTOR_ST_SCALED_FineMotor,BASIC_Q_CogFailure_Sum,Q,423,0.06517029289092321,0.1809579508627703,-0.03036607671470871,0.1595266998838615,0.2128917068973768
MOTOR_ST_SCALED_FineMotor,BASIC_Q_EHI_Sum,Q,423,-0.12181512032267001,0.012165832244412918,-0.21466945960479134,-0.026778466788069877,0.017062715876008515
MOTOR_ST_SCALED_FineMotor,BASIC_Q_IPAQ_MET,Q,423,-0.1478971451893051,0.002291604387032782,-0.2398623698660742,-0.05330109883208831,0.003525545210819665
MOTOR_ST_SCALED_FineMotor,BASIC_Q_MOCA_SUM,Q,423,0.22186804845192762,4.081379348118529e-06,0.12925470063367697,0.31064417386017595,7.84880643868948e-06
MOTOR_ST_SCALED_FineMotor,BASIC_Q_MSPSS_Sum,Q,423,-0.00931406814503631,0.8485260691481304,-0.10456888293495956,0.08611008382766606,0.8628548873420332
MOTOR_ST_SCALED_FineMotor,BASIC_Q_PSQI_DaytimeDysfunc,Q,423,0.23883036816613679,6.709908551721492e-07,0.14682620315507022,0.3267376048667223,1.3156683434748024e-06
MOTOR_ST_SCALED_FineMotor,BASIC_Q_PSQI_SleepDisturbance,Q,423,-0.00910580776299183,0.8518735001997392,-0.10436287784955385,0.08631681379596313,0.8628548873420332
MOTOR_ST_SCALED_FineMotor,BASIC_Q_PSQI_SleepDuration,Q,423,0.029371872543731675,0.5468861758027854,-0.06616109401810237,0.1243712456864039,0.5817938040455164
MOTOR_ST_SCALED_FineMotor,BASIC_Q_PSQI_SleepEfficiency,Q,423,0.01711916593783021,0.7255334897120733,-0.07835641287820339,0.11228356830714979,0.7557640517834097
MOTOR_ST_SCALED_FineMotor,BASIC_Q_PSQI_SleepLatency,Q,423,0.10769072012330717,0.0267764365239752,0.012471094293128916,0.20097477875514408,0.03668005003284274
MOTOR_ST_SCALED_FineMotor,BASIC_Q_PSQI_SleepMedication,Q,423,-0.18751122569230946,0.00010463268106259428,-0.27789056663948636,-0.09384131224196864,0.0001804011742458522
MOTOR_ST_SCALED_FineMotor,BASIC_Q_PSQI_SleepQuality,Q,423,0.12164867909506952,0.01228515543072613,0.02660964241164427,0.21450829447664846,0.017062715876008515
MOTOR_ST_SCALED_FineMotor,BASIC_Q_PSQI_Sum,Q,423,0.08212598709148497,0.09161591605220785,-0.013326042560560062,0.17609475297645524,0.1131060692002566
MOTOR_ST_SCALED_FineMotor,BASIC_Q_SF36_EmotionalLimit,Q,423,-0.09195471173216407,0.05880637775120764,-0.18567445941843855,0.0034229795962593614,0.07539279198872774
MOTOR_ST_SCALED_FineMotor,BASIC_Q_SF36_EmotionalWell,Q,423,-0.29176237933988003,9.565827846533846e-10,-0.3766325682035299,-0.20203508654457134,2.8134787783923075e-09
MOTOR_ST_SCALED_FineMotor,BASIC_Q_SF36_Energy,Q,423,-0.3970492557403367,2.003394154734433e-17,-0.4744358725854152,-0.3135727260853618,1.669495128945361e-16
MOTOR_ST_SCALED_FineMotor,BASIC_Q_SF36_GeneralHealth,Q,423,-0.09400172083708415,0.05337325076320882,-0.18766736691090954,0.0013581316662114595,0.06931591008208937
MOTOR_ST_SCALED_FineMotor,BASIC_Q_SF36_Mental,Q,423,-0.2650551503042382,3.120376539467737e-08,-0.35151910100587797,-0.17410758596626538,7.610674486506676e-08
MOTOR_ST_SCALED_FineMotor,BASIC_Q_SF36_Pain,Q,423,-0.04557084499307209,0.349805675064504,-0.14030887229137276,0.049994062704072056,0.39304008434213933
MOTOR_ST_SCALED_FineMotor,BASIC_Q_SF36_Physical,Q,423,0.027704298109202222,0.5698881100990668,-0.06782253765219863,0.1227277874610297,0.5998822211569125
MOTOR_ST_SCALED_FineMotor,BASIC_Q_SF36_PhysicalFunct,Q,423,0.21097836943069948,1.2104650648401932e-05,0.11800450340928713,0.3002854182479306,2.161544758643202e-05
MOTOR_ST_SCALED_FineMotor,BASIC_Q_SF36_PhysicalLimit,Q,423,0.030634878298231742,0.5297750159991427,-0.06490237902951933,0.12561563924541172,0.5696505548377878
MOTOR_ST_SCALED_FineMotor,BASIC_Q_SF36_SocialFunc,Q,423,-0.08141613767048504,0.094464202021561,-0.17540219827892908,0.014040536544096196,0.11520024636775732
MOTOR_ST_SCALED_FineMotor,LANGUAGE_ST_RAW_SIMILARITY,ST,423,0.262213411651361,4.4240634559873606e-08,0.17114459322153855,0.3488395989838664,1.0054689685568714e-07
MOTOR_ST_SCALED_FineMotor,LANGUAGE_ST_RAW_VOCABULARY,ST,423,0.09479357637167374,0.051386737398251656,-0.0005591572643800725,0.18843808722323416,0.06761412816293247
MOTOR_ST_SCALED_FineMotor,LANGUAGE_ST_RAW_INFORMATION,ST,423,0.21779174490761533,6.171219489851734e-06,0.125040651489531,0.30676907718629015,1.1220399078044788e-05
MOTOR_ST_SCALED_FineMotor,LANGUAGE_ST_RAW_SUM,ST,423,0.19781375050361477,4.186415046803788e-05,0.10443584375250811,0.28773444723845043,7.344587801410154e-05
MOTOR_ST_SCALED_FineMotor,LANGUAGE_ST_SCALED_SIMILARITY,ST,423,0.2622134116408802,4.4240634616502344e-08,0.1711445932106136,0.34883959897398137,1.0054689685568714e-07
MOTOR_ST_SCALED_FineMotor,LANGUAGE_ST_SCALED_VOCABULARY,ST,423,0.09479357636941503,0.051386737403828674,-0.0005591572666592486,0.1884380872210359,0.06761412816293247
MOTOR_ST_SCALED_FineMotor,LANGUAGE_ST_SCALED_INFORMATION,ST,423,0.21779174490265918,6.171219492924633e-06,0.1250406514844094,0.3067690771815768,1.1220399078044788e-05
MOTOR_ST_SCALED_FineMotor,LANGUAGE_ST_SCALED_SUM,ST,423,0.22111266349167485,4.40898856151927e-06,0.12847353726787833,0.30992629748476325,8.31884634248919e-06
MOTOR_ST_SCALED_FineMotor,LANGUAGE_ST_NORM_SIMILARITY,ST,423,-0.12926084051011782,0.007772133349371039,-0.22187398527206284,-0.0343363466320194,0.011103047641958626
MOTOR_ST_SCALED_FineMotor,LANGUAGE_ST_NORM_VOCABULARY,ST,423,-0.15567787337629,0.0013183695368873378,-0.247353948873286,-0.061239199121007885,0.002059952401386465
MOTOR_ST_SCALED_FineMotor,LANGUAGE_ST_NORM_INFORMATION,ST,423,-0.1434643908062855,0.0031043919439100276,-0.23558944334438647,-0.04878402758487199,0.004703624157439436
MOTOR_ST_SCALED_FineMotor,LANGUAGE_ST_NORM_PR,ST,423,-0.1587941948705901,0.00104891588943531,-0.250351389864373,-0.06442190512827277,0.001691799821669855
MOTOR_ST_SCALED_FineMotor,MEMORY_ST_NORM_ImmMem,ST,423,-0.2606472641031476,5.3532728495702275e-08,-0.34736225818080085,-0.16951232355356607,1.189616188793384e-07
MOTOR_ST_SCALED_FineMotor,MEMORY_ST_SCALED_AudImm,ST,423,0.42865306088447114,2.468902562470832e-20,0.3475084238873099,0.5034252112068246,3.527003660672617e-19
MOTOR_ST_SCALED_FineMotor,MEMORY_ST_SCALED_VisImm,ST,423,0.3664436467643815,6.870717082107995e-15,0.28091086667593024,0.44620125482552536,3.6161668853199975e-14
MOTOR_ST_SCALED_FineMotor,MEMORY_ST_SCALED_ImmMem,ST,423,0.4472605929270733,3.393168025144925e-22,0.3675888344922371,0.520415038201711,1.1310560083816417e-20
MOTOR_ST_SCALED_FineMotor,MEMORY_ST_SCALED_WorMem,ST,423,0.40004699897926427,1.0936938008390236e-17,0.3167825304912679,0.47719284799495365,9.942670916718396e-17
MOTOR_ST_SCALED_FineMotor,MEMORY_ST_RAW_AudImm,ST,423,0.4228445883535412,8.923618792570148e-20,0.3412553874849301,0.4981098486346278,1.1154523490712684e-18
MOTOR_ST_SCALED_FineMotor,MEMORY_ST_RAW_VisImm,ST,423,0.3778018446107365,8.455189075763199e-16,0.29300909348759246,0.4566981035720867,4.973640632801882e-15
MOTOR_ST_SCALED_FineMotor,MEMORY_ST_RAW_ImmMem,ST,423,0.44464366111445486,6.301479731789666e-22,0.36476026313039545,0.5180291125897951,1.5753699329474167e-20
MOTOR_ST_SCALED_FineMotor,MEMORY_ST_RAW_WorMem,ST,423,0.4086623898141312,1.855355840105364e-18,0.3260180050863111,0.485107837521792,1.855355840105364e-17
MOTOR_ST_SCALED_FineMotor,MEMORY_ST_RAW_LogMemI,ST,423,0.35568516487088514,4.637103445560693e-14,0.26947644322062575,0.4362383635771544,2.0161319359286202e-13
MOTOR_ST_SCALED_FineMotor,MEMORY_ST_RAW_FacI,ST,423,0.3155354410248212,3.1197636404029215e-11,0.2270177192265656,0.3988825121876042,1.0063753711533574e-10
MOTOR_ST_SCALED_FineMotor,MEMORY_ST_RAW_VerPairI,ST,423,0.391722052842108,5.78576751208592e-17,0.3078733787547844,0.46953278233889584,3.6161046950537e-16
MOTOR_ST_SCALED_FineMotor,MEMORY_ST_RAW_FamPicI,ST,423,0.3339460317069832,1.7716315963749142e-12,0.2464454152942238,0.4160463870885218,6.32725570133898e-12
MOTOR_ST_SCALED_FineMotor,MEMORY_ST_RAW_LetNumSeq,ST,423,0.33478801721020074,1.5465647296368352e-12,0.24733560164200924,0.4168299592102949,5.94832588965396e-12
MOTOR_ST_SCALED_FineMotor,MEMORY_ST_RAW_SpaForward,ST,423,0.2495284206102753,2.0001224739614744e-07,0.15793840439104959,0.3368615062721905,4.255579731832924e-07
MOTOR_ST_SCALED_FineMotor,MEMORY_ST_RAW_SpaBackward,ST,423,0.31047349739717206,6.637359132198209e-11,0.2216884445960549,0.39415309173387186,2.0113209491509726e-10
MOTOR_ST_SCALED_FineMotor,MEMORY_ST_RAW_SpaTotal,ST,423,0.3654420706187736,8.232410593468151e-15,0.2798453367327888,0.4452745791278314,3.9201955206991196e-14
MOTOR_ST_SCALED_FineMotor,MEMORY_ST_SCALED_LogMemI,ST,423,0.35568516486212376,4.637103452635827e-14,0.2694764432113238,0.43623836356903284,2.0161319359286202e-13
MOTOR_ST_SCALED_FineMotor,MEMORY_ST_SCALED_FacI,ST,423,0.31553544100316455,3.119763650575408e-11,0.22701771920375394,0.3988825121673797,1.0063753711533574e-10
MOTOR_ST_SCALED_FineMotor,MEMORY_ST_SCALED_VerPairI,ST,423,0.39172205284210804,5.785767512085666e-17,0.30787337875478443,0.46953278233889584,3.6161046950537e-16
MOTOR_ST_SCALED_FineMotor,MEMORY_ST_SCALED_FamPicI,ST,423,0.3339460317069832,1.7716315963749142e-12,0.2464454152942238,0.4160463870885218,6.32725570133898e-12
MOTOR_ST_SCALED_FineMotor,MEMORY_ST_SCALED_LetNumSeq,ST,423,0.33478801720350637,1.5465647313100295e-12,0.24733560163493107,0.41682995920406546,5.94832588965396e-12
MOTOR_ST_SCALED_FineMotor,MEMORY_ST_SCALED_SpaForward,ST,423,0.2495284206102753,2.0001224739614744e-07,0.15793840439104959,0.3368615062721905,4.255579731832924e-07
MOTOR_ST_SCALED_FineMotor,MEMORY_ST_SCALED_SpaBackward,ST,423,0.31047349739717206,6.637359132198209e-11,0.2216884445960549,0.39415309173387186,2.0113209491509726e-10
MOTOR_ST_SCALED_FineMotor,MEMORY_ST_SCALED_SpaTotal,ST,423,0.36544207061877365,8.232410593467821e-15,0.27984533673278883,0.44527457912783147,3.9201955206991196e-14
MOTOR_ST_SCALED_FineMotor,MOTOR_ST_RAW_BPrestHigh,ST,423,-0.2678973807482271,2.1916932498398092e-08,-0.3541976505017493,-0.1770727396679754,5.6540692310725134e-08
MOTOR_ST_SCALED_FineMotor,MOTOR_ST_RAW_BPrestLow,ST,423,-0.10498357225473735,0.030867804392549308,-0.19834582224732783,-0.009733322450397095,0.041713249179120684
MOTOR_ST_SCALED_FineMotor,MOTOR_ST_RAW_HRrest,ST,423,0.08493981633526015,0.08099543415572,-0.01049284303142234,0.17883911134189978,0.10124429269465
MOTOR_ST_SCALED_FineMotor,MOTOR_ST_RAW_HEIGHT,ST,423,0.26784864439972794,2.2050870001182804e-08,0.17702188163000748,0.3541517327552166,5.6540692310725134e-08
MOTOR_ST_SCALED_FineMotor,MOTOR_ST_RAW_WEIGHT,ST,423,0.1870021518470552,0.00010934212784291797,0.09331835906138765,0.27740366292814106,0.00018532564041172538
MOTOR_ST_SCALED_FineMotor,MOTOR_ST_RAW_BMI,ST,423,0.06317291424950999,0.1947255289057236,-0.03236974112971635,0.15757147942856445,0.2264250336113065
MOTOR_ST_SCALED_FineMotor,MOTOR_ST_RAW_WHR,ST,423,-0.24109665784540088,5.216664131438486e-07,-0.32888395107790985,-0.14917828962237364,1.0646253329466298e-06
MOTOR_ST_SCALED_FineMotor,MOTOR_ST_RAW_AerobicRating,ST,411,-0.29163009051960825,1.683511181399578e-09,-0.3777061712983478,-0.20055667820105555,4.810031946855937e-09
MOTOR_ST_SCALED_FineMotor,MOTOR_ST_RAW_FunctionalReaching,ST,423,0.32140175942134375,1.277371030236613e-11,0.23320048808753488,0.40435792612202087,4.4047276904710794e-11
MOTOR_ST_SCALED_FineMotor,MOTOR_ST_RAW_WorseLegEyeOpen,ST,422,0.26781044973141366,2.302227903631932e-08,0.1768715361979339,0.3542154986980995,5.7555697590798296e-08
MOTOR_ST_SCALED_FineMotor,MOTOR_ST_RAW_BestLegEyeOpen,ST,422,0.17157705065921425,0.0003993997647994639,0.07738380931195778,0.26273445866535733,0.0006656662746657732
MOTOR_ST_SCALED_FineMotor,MOTOR_ST_RAW_WorseLegEyeClose,ST,413,0.2664768917691557,3.824355475455514e-08,0.17446683184519138,0.3538736776439304,9.10560827489408e-08
MOTOR_ST_SCALED_FineMotor,MOTOR_ST_RAW_BestLegEyeClose,ST,413,0.46295466755495246,2.498252629871341e-23,0.3835948535108045,0.5355271471344314,1.2491263149356704e-21
MOTOR_ST_SCALED_FineMotor,MOTOR_ST_RAW_PegboardDominant,ST,423,-0.05884121318205793,0.22718168531321067,-0.15332866195192688,0.03671243706757465,0.26112837392323063
MOTOR_ST_SCALED_FineMotor,MOTOR_ST_RAW_PegboardNondominant,ST,423,-0.008959525161295464,0.8542263384686128,-0.10421817448639709,0.08646201651838092,0.8628548873420332
MOTOR_ST_SCALED_FineMotor,MOTOR_ST_RAW_PegboardBoth,ST,423,-0.04175315545129024,0.3916836066901513,-0.13655719196795388,0.05380874050104948,0.42910339804636655
MOTOR_ST_SCALED_FineMotor,MOTOR_ST_RAW_PegboardSum,ST,423,-0.04229434210160371,0.3855692734588666,-0.13708918678727203,0.05326815040968156,0.4284103038431851
MOTOR_ST_SCALED_FineMotor,MOTOR_ST_RAW_PegboardAssemble,ST,423,0.07336379959157978,0.13195520963037502,-0.02213874219543364,0.16753952896031063,0.15898218027756028
MOTOR_ST_SCALED_FineMotor,MOTOR_ST_RAW_SymbolSearch,ST,423,0.4429060625261009,9.476880813572064e-22,0.3628829536194917,0.5164442671174593,1.8953761627144126e-20
MOTOR_ST_SCALED_FineMotor,MOTOR_ST_RAW_SymbolCoding,ST,423,0.4120144719304264,9.174063775454354e-19,0.3296156177375558,0.48818402584310955,1.0193404194949282e-17
MOTOR_ST_SCALED_FineMotor,MOTOR_ST_RAW_GripMvcL,ST,423,0.14323281032080737,0.0031533048618839514,0.048548148535374765,0.23536611480885078,0.0047064251669909725
MOTOR_ST_SCALED_FineMotor,MOTOR_ST_RAW_GripMvcR,ST,423,0.13564831359738308,0.005197266412218944,0.040828702125468117,0.22804649655230566,0.007643038841498447
MOTOR_ST_SCALED_FineMotor,MOTOR_ST_NORM_BMI,ST,422,-0.06549545247965959,0.17930407561720937,-0.15995606881156404,0.030153776567109342,0.2128917068973768
MOTOR_ST_SCALED_FineMotor,MOTOR_ST_NORM_WHR,ST,422,0.1663369133142158,0.0006018180071136121,0.07201978914647224,0.25770559967066015,0.0009865868969075608
MOTOR_ST_SCALED_FineMotor,MOTOR_ST_NORM_AerobicRating,ST,411,-0.24330373325846155,5.953232035454499e-07,-0.3322160724306847,-0.15010541496144142,1.1906464070908997e-06
MOTOR_ST_SCALED_FineMotor,MOTOR_ST_NORM_FunctionalReaching,ST,422,-0.008054842273979176,0.8689600457043579,-0.10343600851240846,0.08747311797887906,0.8689600457043579
MOTOR_ST_SCALED_FineMotor,MOTOR_ST_NORM_BestLegEyeClose,ST,413,-0.27386259115889655,1.538705973172152e-08,-0.3608235124459608,-0.18218072544585842,4.158664792357168e-08
MOTOR_ST_SCALED_FineMotor,MOTOR_ST_NORM_PegboardDominant,ST,422,-0.39521020122037814,3.155707587380099e-17,-0.47283233589084334,-0.3115015324573397,2.254076848128642e-16
MOTOR_ST_SCALED_FineMotor,MOTOR_ST_NORM_PegboardNondominant,ST,422,-0.37008329589017774,3.817838872156092e-15,-0.44965828375233907,-0.28467988335674915,2.121021595642273e-14
MOTOR_ST_SCALED_FineMotor,MOTOR_ST_NORM_PegboardSum,ST,422,-0.39698908517593856,2.2118714779967474e-17,-0.4744689056788851,-0.3134054667030818,1.7014395984590363e-16
MOTOR_ST_SCALED_FineMotor,MOTOR_ST_NORM_PegboardBoth,ST,422,-0.4754651884363981,3.4448704833671906e-25,-0.5461376615912346,-0.3980722886152904,3.4448704833671906e-23
MOTOR_ST_SCALED_FineMotor,MOTOR_ST_NORM_PegboardAssemble,ST,422,-0.43570384563589354,5.580707243097918e-21,-0.5099542267436576,-0.3550088858330678,9.301178738496531e-20
MOTOR_ST_SCALED_FineMotor,MOTOR_ST_NORM_WaisSpeed,ST,422,-0.3554573549760748,5.167740131487227e-14,-0.436119555819369,-0.2691287886799416,2.1532250547863446e-13
MOTOR_ST_SCALED_Balance,BASIC_Q_BFI_Agreeableness,Q,413,0.008476158644394185,0.863644374307086,-0.08809219982923651,0.10488667622156592,0.8880885631169585
MOTOR_ST_SCALED_Balance,BASIC_Q_BFI_Conscientiousness,Q,413,-0.19674669282549495,5.6815352829024336e-05,-0.2877794122448629,-0.10219050695634642,0.00010521361635004507
MOTOR_ST_SCALED_Balance,BASIC_Q_BFI_EmotionalStability,Q,413,-0.29375019503416905,1.1547231564564018e-09,-0.379489562729247,-0.20300832388802653,3.6085098639262556e-09
MOTOR_ST_SCALED_Balance,BASIC_Q_BFI_Extraversion,Q,413,0.008056972010154278,0.8703267918546193,-0.0885081465226144,0.10447205460443272,0.8880885631169585
MOTOR_ST_SCALED_Balance,BASIC_Q_BFI_Intellect,Q,413,0.14139308059692393,0.003986651671231498,0.04551781529502131,0.23468733400870592,0.006430083340695965
MOTOR_ST_SCALED_Balance,BASIC_Q_Beck_Anxiety,Q,413,0.15268948036892482,0.0018590108440098567,0.05703350407855925,0.2455676007719173,0.003205191110361822
MOTOR_ST_SCALED_Balance,BASIC_Q_Beck_Depression,Q,413,0.17728489892231136,0.00029385759452315154,0.08219472558928348,0.2691763150229188,0.0005342865354966391
MOTOR_ST_SCALED_Balance,BASIC_Q_CogFailure_Sum,Q,413,0.13333262898646753,0.006656604434125008,0.037316439988822496,0.22690949362064233,0.010240929898653857
MOTOR_ST_SCALED_Balance,BASIC_Q_EHI_Sum,Q,413,-0.12097675824870521,0.01388872583278211,-0.21496362000154748,-0.02476960767261085,0.020729441541465835
MOTOR_ST_SCALED_Balance,BASIC_Q_IPAQ_MET,Q,413,-0.21774467773269388,7.99290669561937e-06,-0.30777416947068453,-0.123850666814246,1.665188894920702e-05
MOTOR_ST_SCALED_Balance,BASIC_Q_MOCA_SUM,Q,413,0.25789902136464277,1.0640936520816402e-07,0.1655219443393828,0.34578989554328854,2.8002464528464214e-07
MOTOR_ST_SCALED_Balance,BASIC_Q_MSPSS_Sum,Q,413,0.02149618150175642,0.6631412499670585,-0.07515602106930426,0.11774824235140506,0.7208057064859331
MOTOR_ST_SCALED_Balance,BASIC_Q_PSQI_DaytimeDysfunc,Q,413,0.21308828969842852,1.2561726281274022e-05,0.11903970556703088,0.3033471022207358,2.5123452562548044e-05
MOTOR_ST_SCALED_Balance,BASIC_Q_PSQI_SleepDisturbance,Q,413,-0.0604739189171588,0.2200583143272218,-0.15605953822985605,0.03623383023198823,0.2546163546739515
MOTOR_ST_SCALED_Balance,BASIC_Q_PSQI_SleepDuration,Q,413,0.016677743542547915,0.7354174089192235,-0.07994722505417595,0.11299220686870219,0.7823589456587483
MOTOR_ST_SCALED_Balance,BASIC_Q_PSQI_SleepEfficiency,Q,413,0.0449413139682546,0.3622913410895941,-0.05177954314205927,0.1408269003397679,0.4116947057836296
MOTOR_ST_SCALED_Balance,BASIC_Q_PSQI_SleepLatency,Q,413,0.11566845328930193,0.018701216710524226,0.019388553877639724,0.20982280584939345,0.027034756927447567
MOTOR_ST_SCALED_Balance,BASIC_Q_PSQI_SleepMedication,Q,413,-0.14753766662546372,0.002649727692885646,-0.24060846866431915,-0.051778522886631005,0.004491063886246858
MOTOR_ST_SCALED_Balance,BASIC_Q_PSQI_SleepQuality,Q,413,0.12394686061054604,0.011702466545383532,0.027782848711774107,0.21783773731638068,0.017731009917247777
MOTOR_ST_SCALED_Balance,BASIC_Q_PSQI_Sum,Q,413,0.08126312376391442,0.09910974607699563,-0.015353579005002215,0.17637635872504984,0.1238318237923419
MOTOR_ST_SCALED_Balance,BASIC_Q_SF36_EmotionalLimit,Q,413,-0.09376554146856364,0.05691512294876666,-0.18855578960542774,0.002755698446945019,0.07588683059835555
MOTOR_ST_SCALED_Balance,BASIC_Q_SF36_EmotionalWell,Q,413,-0.27754954189247394,9.667240246443897e-09,-0.36428926878819745,-0.1860357388321833,2.6853445129010826e-08
MOTOR_ST_SCALED_Balance,BASIC_Q_SF36_Energy,Q,413,-0.33597692572505655,2.348916065892184e-12,-0.418892513720133,-0.24750485872062009,9.395664263568736e-12
MOTOR_ST_SCALED_Balance,BASIC_Q_SF36_GeneralHealth,Q,413,-0.10198791156110192,0.038287613008063305,-0.1965498806886422,-0.005546187851293991,0.05244878494255247
MOTOR_ST_SCALED_Balance,BASIC_Q_SF36_Mental,Q,413,-0.24312994708022712,5.696005519281735e-07,-0.33184088723460364,-0.15015648335658344,1.3246524463445896e-06
MOTOR_ST_SCALED_Balance,BASIC_Q_SF36_Pain,Q,413,-0.019956168859066457,0.6859418629616844,-0.1162286540149356,0.07668781488163652,0.7375718956577251
MOTOR_ST_SCALED_Balance,BASIC_Q_SF36_Physical,Q,413,0.024974680802267453,0.6127961824233631,-0.07169440644605685,0.12117895011832777,0.673402398267432
MOTOR_ST_SCALED_Balance,BASIC_Q_SF36_PhysicalFunct,Q,413,0.11810580426011913,0.016335643230041618,0.02185861568228866,0.21218389862817388,0.024023004750061205
MOTOR_ST_SCALED_Balance,BASIC_Q_SF36_PhysicalLimit,Q,413,0.06322185650549446,0.19976939431265875,-0.0334786924150835,0.15874968246428248,0.23782070751506995
MOTOR_ST_SCALED_Balance,BASIC_Q_SF36_SocialFunc,Q,413,-0.08152899523701179,0.09800593259481852,-0.17663566512669213,0.01508599629819897,0.1238318237923419
MOTOR_ST_SCALED_Balance,LANGUAGE_ST_RAW_SIMILARITY,ST,413,0.27932108265379657,7.71342883525756e-09,0.18788903459061732,0.3659536738770244,2.203836811174196e-08
MOTOR_ST_SCALED_Balance,LANGUAGE_ST_RAW_VOCABULARY,ST,413,0.14472157749837708,0.003201383446229418,0.048908280129445834,0.23789564781963418,0.005248169585388078
MOTOR_ST_SCALED_Balance,LANGUAGE_ST_RAW_INFORMATION,ST,413,0.20381890696132593,3.0005461000329366e-05,0.10947574463263117,0.2945226097974649,5.77028096818185e-05
MOTOR_ST_SCALED_Balance,LANGUAGE_ST_RAW_SUM,ST,413,0.2253973239170896,3.720784822645972e-06,0.1317669500148702,0.3150414752096701,7.916563452438238e-06
MOTOR_ST_SCALED_Balance,LANGUAGE_ST_SCALED_SIMILARITY,ST,413,0.2793210826498919,7.713428839109685e-09,0.18788903458653175,0.3659536738733565,2.203836811174196e-08
MOTOR_ST_SCALED_Balance,LANGUAGE_ST_SCALED_VOCABULARY,ST,413,0.1447215774943551,0.0032013834470867274,0.04890828012534764,0.23789564781575864,0.005248169585388078
MOTOR_ST_SCALED_Balance,LANGUAGE_ST_SCALED_INFORMATION,ST,413,0.2038189069489108,3.0005461034545618e-05,0.10947574461983318,0.2945226097856353,5.77028096818185e-05
MOTOR_ST_SCALED_Balance,LANGUAGE_ST_SCALED_SUM,ST,413,0.23809609678929794,9.851352792233908e-07,0.14492960527764603,0.3270776648870732,2.189189509385313e-06
MOTOR_ST_SCALED_Balance,LANGUAGE_ST_NORM_SIMILARITY,ST,413,-0.08509370379039792,0.08413156733854384,-0.18011107693146705,0.011497007034544753,0.10926177576434265
MOTOR_ST_SCALED_Balance,LANGUAGE_ST_NORM_VOCABULARY,ST,413,-0.08360897016986328,0.08970469251285065,-0.1786638244315418,0.012992156263194256,0.11500601604211622
MOTOR_ST_SCALED_Balance,LANGUAGE_ST_NORM_INFORMATION,ST,413,-0.13742754099490462,0.005147130615883533,-0.2308623242550088,-0.041481328994963755,0.008170048596640528
MOTOR_ST_SCALED_Balance,LANGUAGE_ST_NORM_PR,ST,413,-0.10680190263759021,0.029999034703958555,-0.20122439251772478,-0.010412911714626003,0.0422521615548712
MOTOR_ST_SCALED_Balance,MEMORY_ST_NORM_ImmMem,ST,413,-0.17323005926719712,0.00040538349876596515,-0.26529173279499946,-0.078038245042714,0.0007238991049392234
MOTOR_ST_SCALED_Balance,MEMORY_ST_SCALED_AudImm,ST,413,0.4570449875688705,1.043673238725015e-22,0.3771836704573726,0.5301595845213161,1.739455397875025e-21
MOTOR_ST_SCALED_Balance,MEMORY_ST_SCALED_VisImm,ST,413,0.40205477501909814,1.7754088496851558e-17,0.3178916476425892,0.47993128295708487,1.4795073747376299e-16
MOTOR_ST_SCALED_Balance,MEMORY_ST_SCALED_ImmMem,ST,413,0.4823673483400336,1.8657461238651604e-25,0.40470889225752155,0.5531178614946947,3.731492247730321e-24
MOTOR_ST_SCALED_Balance,MEMORY_ST_SCALED_WorMem,ST,413,0.3953962597892351,6.604261002770271e-17,0.31075664928055763,0.4738145150613282,4.71732928769305e-16
MOTOR_ST_SCALED_Balance,MEMORY_ST_RAW_AudImm,ST,413,0.4558867271359643,1.3767412702849934e-22,0.37592801499192935,0.5291068884457848,1.966773243264276e-21
MOTOR_ST_SCALED_Balance,MEMORY_ST_RAW_VisImm,ST,413,0.41912195005385794,5.334878293187589e-19,0.33622378438957834,0.4955753457781973,5.927642547986209e-18
MOTOR_ST_SCALED_Balance,MEMORY_ST_RAW_ImmMem,ST,413,0.48596794184776454,7.265025621164843e-26,0.4086341719332774,0.5563736024554266,1.8162564052912108e-24
MOTOR_ST_SCALED_Balance,MEMORY_ST_RAW_WorMem,ST,413,0.3972015505596164,4.638835085192847e-17,0.3126901845407677,0.4754736725122431,3.5683346809175744e-16
MOTOR_ST_SCALED_Balance,MEMORY_ST_RAW_LogMemI,ST,413,0.3932199457433735,1.0081484090647184e-16,0.30842666482628867,0.47181362726434367,6.30092755665449e-16
MOTOR_ST_SCALED_Balance,MEMORY_ST_RAW_FacI,ST,413,0.38734480832501655,3.1095672999663627e-16,0.30214175825871314,0.4664080218703998,1.7275373888702014e-15
MOTOR_ST_SCALED_Balance,MEMORY_ST_RAW_VerPairI,ST,413,0.4103094574175345,3.3417454158174864e-18,0.3267502887271745,0.48750385438962546,3.037950378016035e-17
MOTOR_ST_SCALED_Balance,MEMORY_ST_RAW_FamPicI,ST,413,0.35698667496051545,7.39034895175035e-14,0.26978385472445904,0.43838165576088617,3.519213786547785e-13
MOTOR_ST_SCALED_Balance,MEMORY_ST_RAW_LetNumSeq,ST,413,0.35202178149845226,1.7133871073484996e-13,0.26451058273852934,0.4337829991224481,7.139112947285415e-13
MOTOR_ST_SCALED_Balance,MEMORY_ST_RAW_SpaForward,ST,413,0.25362781622134706,1.7474735376168345e-07,0.16107365020666226,0.341759841744922,4.368683844042086e-07
MOTOR_ST_SCALED_Balance,MEMORY_ST_RAW_SpaBackward,ST,413,0.24909710701786522,2.9289703981986017e-07,0.1563591991055325,0.33748138975709263,6.973739043330004e-07
MOTOR_ST_SCALED_Balance,MEMORY_ST_RAW_SpaTotal,ST,413,0.32412435558071917,1.47738563086608e-11,0.2349773908880189,0.40786398045494904,5.276377253093142e-11
MOTOR_ST_SCALED_Balance,MEMORY_ST_SCALED_LogMemI,ST,413,0.393219945748989,1.0081484079684644e-16,0.30842666483229936,0.47181362726950754,6.30092755665449e-16
MOTOR_ST_SCALED_Balance,MEMORY_ST_SCALED_FacI,ST,413,0.38734480833804796,3.1095672922751464e-16,0.3021417582726453,0.46640802188239633,1.7275373888702014e-15
MOTOR_ST_SCALED_Balance,MEMORY_ST_SCALED_VerPairI,ST,413,0.41030945741753444,3.3417454158176386e-18,0.3267502887271745,0.48750385438962535,3.037950378016035e-17
MOTOR_ST_SCALED_Balance,MEMORY_ST_SCALED_FamPicI,ST,413,0.35698667496051545,7.39034895175035e-14,0.26978385472445904,0.43838165576088617,3.519213786547785e-13
MOTOR_ST_SCALED_Balance,MEMORY_ST_SCALED_LetNumSeq,ST,413,0.35202178150373403,1.713387105829197e-13,0.2645105827441365,0.43378299912734253,7.139112947285415e-13
MOTOR_ST_SCALED_Balance,MEMORY_ST_SCALED_SpaForward,ST,413,0.25362781622134706,1.7474735376168345e-07,0.16107365020666226,0.341759841744922,4.368683844042086e-07
MOTOR_ST_SCALED_Balance,MEMORY_ST_SCALED_SpaBackward,ST,413,0.24909710701786522,2.9289703981986017e-07,0.1563591991055325,0.33748138975709263,6.973739043330004e-07
MOTOR_ST_SCALED_Balance,MEMORY_ST_SCALED_SpaTotal,ST,413,0.3241243555807191,1.47738563086608e-11,0.23497739088801878,0.4078639804549489,5.276377253093142e-11
MOTOR_ST_SCALED_Balance,MOTOR_ST_RAW_BPrestHigh,ST,413,-0.24024631789882278,7.807393266466942e-07,-0.3291128399529919,-0.147161642658145,1.7744075605606687e-06
MOTOR_ST_SCALED_Balance,MOTOR_ST_RAW_BPrestLow,ST,413,-0.07834454231141037,0.11188711323018431,-0.17352897664897435,0.018290035886766063,0.13480375087974014
MOTOR_ST_SCALED_Balance,MOTOR_ST_RAW_HRrest,ST,413,0.07947707043173113,0.10678324836436112,-0.017150769275685766,0.1746340654974719,0.13022347361507453
MOTOR_ST_SCALED_Balance,MOTOR_ST_RAW_HEIGHT,ST,413,0.2944326156303774,1.0527031306223709e-09,0.2037244593974493,0.3801288308640829,3.3958165503947448e-09
MOTOR_ST_SCALED_Balance,MOTOR_ST_RAW_WEIGHT,ST,413,0.1982761979759057,4.958158292981565e-05,0.10376522349359828,0.289238526455582,9.355015647135028e-05
MOTOR_ST_SCALED_Balance,MOTOR_ST_RAW_BMI,ST,413,0.061498211479908055,0.21232997771039935,-0.035207025619070895,0.15706245414349557,0.24979997377694044
MOTOR_ST_SCALED_Balance,MOTOR_ST_RAW_WHR,ST,413,-0.2704866233963667,2.340815528989614e-08,-0.3576479741859676,-0.17865334083147233,6.326528456728687e-08
MOTOR_ST_SCALED_Balance,MOTOR_ST_RAW_AerobicRating,ST,404,-0.2997005390141931,7.890954212792408e-10,-0.3859805646657193,-0.20822275190541276,2.6303180709308027e-09
MOTOR_ST_SCALED_Balance,MOTOR_ST_RAW_FunctionalReaching,ST,413,0.37131780147246624,6.000000088748048e-15,0.28503450861049584,0.4516317813898053,3.157894783551604e-14
MOTOR_ST_SCALED_Balance,MOTOR_ST_RAW_WorseLegEyeOpen,ST,413,0.13692035708144767,0.00531566223709366,0.04096529695362423,0.23037290541378394,0.008305722245458844
MOTOR_ST_SCALED_Balance,MOTOR_ST_RAW_BestLegEyeOpen,ST,413,0.09324827450022334,0.05830302820717169,-0.003277523305982464,0.1880524632649238,0.07671451079891012
MOTOR_ST_SCALED_Balance,MOTOR_ST_RAW_WorseLegEyeClose,ST,413,0.10295451712183627,0.03648306394452245,0.0065230152434119885,0.1974888251220856,0.05067092214517007
MOTOR_ST_SCALED_Balance,MOTOR_ST_RAW_BestLegEyeClose,ST,413,0.06028359051128126,0.2215162285663378,-0.03642460291993067,0.1558731601994146,0.2546163546739515
MOTOR_ST_SCALED_Balance,MOTOR_ST_RAW_PegboardDominant,ST,413,0.299354210177421,5.363286072045838e-10,0.2088920807729539,0.3847367881568365,1.8494089903606338e-09
MOTOR_ST_SCALED_Balance,MOTOR_ST_RAW_PegboardNondominant,ST,413,0.29090249262129253,1.6942177518843731e-09,0.20002097843457317,0.37682104918866605,5.133993187528404e-09
MOTOR_ST_SCALED_Balance,MOTOR_ST_RAW_PegboardBoth,ST,413,0.32496606504421155,1.2999126687371408e-11,0.23586605231818336,0.40864797784013374,4.999664110527465e-11
MOTOR_ST_SCALED_Balance,MOTOR_ST_RAW_PegboardSum,ST,413,0.35615662287707145,8.514621711852171e-14,0.2689018823245981,0.4376131292787485,3.870282596296441e-13
MOTOR_ST_SCALED_Balance,MOTOR_ST_RAW_PegboardAssemble,ST,413,0.4364372785758168,1.2345739422464148e-20,0.35488688634661403,0.5113963400654261,1.5432174278080184e-19
MOTOR_ST_SCALED_Balance,MOTOR_ST_RAW_SymbolSearch,ST,413,0.5021787244680787,9.030608684607525e-28,0.4263422794974896,0.5710050444656869,3.010202894869175e-26
MOTOR_ST_SCALED_Balance,MOTOR_ST_RAW_SymbolCoding,ST,413,0.5039389694342142,5.528594394245294e-28,0.428268616119968,0.5725911696584994,2.764297197122647e-26
MOTOR_ST_SCALED_Balance,MOTOR_ST_RAW_GripMvcL,ST,413,0.11545270319267392,0.018924329849213297,0.01916996488159981,0.20961375307872127,0.027034756927447567
MOTOR_ST_SCALED_Balance,MOTOR_ST_RAW_GripMvcR,ST,413,0.09938536786207466,0.04352590440474221,0.002917036904378038,0.19402095095936128,0.05881878973613812
MOTOR_ST_SCALED_Balance,MOTOR_ST_NORM_BMI,ST,413,-0.009600073034227483,0.8457767930248213,-0.10599818560440258,0.08697680608540478,0.8877393151512957
MOTOR_ST_SCALED_Balance,MOTOR_ST_NORM_WHR,ST,413,0.15834313610974987,0.001244191230997969,0.06280648323612507,0.2510042164938792,0.00218279163332977
MOTOR_ST_SCALED_Balance,MOTOR_ST_NORM_AerobicRating,ST,404,-0.23866764875130328,1.2185375330935651e-06,-0.3285826588483127,-0.14446529369280836,2.6489946371599244e-06
MOTOR_ST_SCALED_Balance,MOTOR_ST_NORM_FunctionalReaching,ST,413,0.08097815983047486,0.10030377727179694,-0.015640361692916844,0.1760984166482258,0.1238318237923419
MOTOR_ST_SCALED_Balance,MOTOR_ST_NORM_BestLegEyeClose,ST,413,-0.6288994101444588,7.402625978597148e-47,-0.683892683531947,-0.5668002077250819,7.402625978597149e-45
MOTOR_ST_SCALED_Balance,MOTOR_ST_NORM_PegboardDominant,ST,413,0.0012934480763444687,0.9790927806175339,-0.09521474223531146,0.09777755044835963,0.979092780617534
MOTOR_ST_SCALED_Balance,MOTOR_ST_NORM_PegboardNondominant,ST,413,-0.029348705262605374,0.5520061904310257,-0.12548961971038503,0.06733830590215338,0.6202316746416019
MOTOR_ST_SCALED_Balance,MOTOR_ST_NORM_PegboardSum,ST,413,0.006499075721108025,0.8952390583897569,-0.09005370655004075,0.10293083028712324,0.9042818771613707
MOTOR_ST_SCALED_Balance,MOTOR_ST_NORM_PegboardBoth,ST,413,-0.009193624777355072,0.8522297425452439,-0.10559625125284373,0.08738020091829492,0.8877393151512957
MOTOR_ST_SCALED_Balance,MOTOR_ST_NORM_PegboardAssemble,ST,413,0.025733206939142245,0.6020450375072749,-0.07093925281228343,0.12192674966005765,0.6689389305636387
MOTOR_ST_SCALED_Balance,MOTOR_ST_NORM_WaisSpeed,ST,413,-0.21494308231851922,1.0503970456039721e-05,-0.3051110158736379,-0.12095554073569353,2.143667440008106e-05
MOTOR_ST_SCALED_ProcessingSpeed,BASIC_Q_BFI_Agreeableness,Q,423,-0.07325424773562945,0.13253484289939493,-0.1674324748734598,0.022248831734693105,0.16362326283875916
MOTOR_ST_SCALED_ProcessingSpeed,BASIC_Q_BFI_Conscientiousness,Q,423,-0.1436853520242268,0.003058365617175961,-0.23580252194047957,-0.049009100099575674,0.005560664758501747
MOTOR_ST_SCALED_ProcessingSpeed,BASIC_Q_BFI_EmotionalStability,Q,423,-0.1717663996758095,0.0003871842680568528,-0.2628099029951311,-0.07769110817147669,0.0008417049305583757
MOTOR_ST_SCALED_ProcessingSpeed,BASIC_Q_BFI_Extraversion,Q,423,-0.007221811422329004,0.8822692579214632,-0.10249891219602829,0.08818659214093173,0.8822692579214632
MOTOR_ST_SCALED_ProcessingSpeed,BASIC_Q_BFI_Intellect,Q,423,0.10847493291603827,0.02568211523793387,0.013264445080209538,0.20173608997191816,0.0361719932928646
MOTOR_ST_SCALED_ProcessingSpeed,BASIC_Q_Beck_Anxiety,Q,423,0.1284241711874043,0.008182669284537354,0.03348653221284378,0.22106492275825232,0.012988363943710085
MOTOR_ST_SCALED_ProcessingSpeed,BASIC_Q_Beck_Depression,Q,423,0.1512982806248432,0.0018053165220167627,0.056769555042034535,0.2431384595708114,0.0034062575887108732
MOTOR_ST_SCALED_ProcessingSpeed,BASIC_Q_CogFailure_Sum,Q,423,0.017264576721936122,0.7232972197011694,-0.07821185050339914,0.11242718591233997,0.772454837930158
MOTOR_ST_SCALED_ProcessingSpeed,BASIC_Q_EHI_Sum,Q,423,-0.1097298555684574,0.024011138738624635,-0.20295413036966348,-0.014534240090001075,0.034301626769463765
MOTOR_ST_SCALED_ProcessingSpeed,BASIC_Q_IPAQ_MET,Q,423,-0.13710682093399812,0.004729853219455347,-0.22945487901013303,-0.04231228188448142,0.008016700371958216
MOTOR_ST_SCALED_ProcessingSpeed,BASIC_Q_MOCA_SUM,Q,423,0.1895602286692206,8.753865199771148e-05,0.09594670185971603,0.2798498661510537,0.0002431629222158652
MOTOR_ST_SCALED_ProcessingSpeed,BASIC_Q_MSPSS_Sum,Q,423,0.03150146386261154,0.518193442152496,-0.0640385615943108,0.1264692815831931,0.575770491280551
MOTOR_ST_SCALED_ProcessingSpeed,BASIC_Q_PSQI_DaytimeDysfunc,Q,423,0.21433906314192613,8.705887461214002e-06,0.12147391321626251,0.303484511190748,2.8083507939400005e-05
MOTOR_ST_SCALED_ProcessingSpeed,BASIC_Q_PSQI_SleepDisturbance,Q,423,-0.054491282572842296,0.26346669067638556,-0.1490644803491172,0.04106978006786482,0.3099608125604536
MOTOR_ST_SCALED_ProcessingSpeed,BASIC_Q_PSQI_SleepDuration,Q,423,0.05752365963373889,0.23777601476836682,-0.03803261945828818,0.15203745237853267,0.28306668424805576
MOTOR_ST_SCALED_ProcessingSpeed,BASIC_Q_PSQI_SleepEfficiency,Q,423,-0.031846842924233745,0.5136142138200276,-0.12680946290498157,0.06369424586999094,0.575770491280551
MOTOR_ST_SCALED_ProcessingSpeed,BASIC_Q_PSQI_SleepLatency,Q,423,0.08614570539947738,0.07675979090856991,-0.00927818345845256,0.18001478100582036,0.097164292289329
MOTOR_ST_SCALED_ProcessingSpeed,BASIC_Q_PSQI_SleepMedication,Q,423,-0.10672120374584575,0.02818459862855125,-0.2000334196267425,-0.011490446373772445,0.03914527587298785
MOTOR_ST_SCALED_ProcessingSpeed,BASIC_Q_PSQI_SleepQuality,Q,423,0.1393226461017607,0.004092025294637596,0.04456699838765142,0.23159381258791853,0.007055216025237234
MOTOR_ST_SCALED_ProcessingSpeed,BASIC_Q_PSQI_Sum,Q,423,0.09444504124926136,0.05225337010956067,-0.0009108407553427555,0.18809886897770633,0.06786151962280608
MOTOR_ST_SCALED_ProcessingSpeed,BASIC_Q_SF36_EmotionalLimit,Q,423,-0.11925136790523534,0.01412203501276198,-0.2121864157302114,-0.02417860714078291,0.02076769854817938
MOTOR_ST_SCALED_ProcessingSpeed,BASIC_Q_SF36_EmotionalWell,Q,423,-0.18361395412230647,0.00014613835704254608,-0.274161837511589,-0.0898391022862535,0.0003551032939520335
MOTOR_ST_SCALED_ProcessingSpeed,BASIC_Q_SF36_Energy,Q,423,-0.30961514532376616,7.53315952597696e-11,-0.39335068578477633,-0.22078528692895324,6.277632938314133e-10
MOTOR_ST_SCALED_ProcessingSpeed,BASIC_Q_SF36_GeneralHealth,Q,423,-0.10604066075459759,0.029210620470643104,-0.1993725384350042,-0.01080219910522726,0.04001454858992206
MOTOR_ST_SCALED_ProcessingSpeed,BASIC_Q_SF36_Mental,Q,423,-0.2231727766800816,3.569548800355837e-06,-0.31188387742036183,-0.13060422504842512,1.2748388572699418e-05
MOTOR_ST_SCALED_ProcessingSpeed,BASIC_Q_SF36_Pain,Q,423,-0.013349129088117417,0.784276115079399,-0.10855863451527462,0.08210305215171095,0.8255538053467358
MOTOR_ST_SCALED_ProcessingSpeed,BASIC_Q_SF36_Physical,Q,423,0.017081863015981583,0.7261075476543485,-0.07839349750643942,0.11224672475723063,0.772454837930158
MOTOR_ST_SCALED_ProcessingSpeed,BASIC_Q_SF36_PhysicalFunct,Q,423,0.1406525073336752,0.0037476400388003913,0.04592066454681294,0.23287709791498037,0.006692214355000698
MOTOR_ST_SCALED_ProcessingSpeed,BASIC_Q_SF36_PhysicalLimit,Q,423,0.03190318062390284,0.5128692530908603,-0.06363807946245238,0.12686495063837938,0.575770491280551
MOTOR_ST_SCALED_ProcessingSpeed,BASIC_Q_SF36_SocialFunc,Q,423,-0.09051157148966768,0.06290551436482547,-0.1842689972299737,0.004878207553222027,0.08064809533951983
MOTOR_ST_SCALED_ProcessingSpeed,LANGUAGE_ST_RAW_SIMILARITY,ST,423,0.12991657463520428,0.007463339074195795,0.03500247910459038,0.22250799361444834,0.012234982092843535
MOTOR_ST_SCALED_ProcessingSpeed,LANGUAGE_ST_RAW_VOCABULARY,ST,423,0.00982297464789592,0.8403578252720262,-0.08560488247858446,0.10507224398936048,0.8663482734939592
MOTOR_ST_SCALED_ProcessingSpeed,LANGUAGE_ST_RAW_INFORMATION,ST,423,0.12429360752873138,0.010506231063591642,0.02929308321654706,0.2170687819267617,0.015918531922664084
MOTOR_ST_SCALED_ProcessingSpeed,LANGUAGE_ST_RAW_SUM,ST,423,0.08328397289796106,0.08711747796797001,-0.012160270782978565,0.17722432607445646,0.1088968474599625
MOTOR_ST_SCALED_ProcessingSpeed,LANGUAGE_ST_SCALED_SIMILARITY,ST,423,0.12991657462993048,0.007463339076634557,0.035002479099232604,0.22250799360934956,0.012234982092843535
MOTOR_ST_SCALED_ProcessingSpeed,LANGUAGE_ST_SCALED_VOCABULARY,ST,423,0.009822974646828554,0.8403578252891404,-0.08560488247964411,0.1050722439883048,0.8663482734939592
MOTOR_ST_SCALED_ProcessingSpeed,LANGUAGE_ST_SCALED_INFORMATION,ST,423,0.12429360752017142,0.010506231068958295,0.02929308320786025,0.21706878191847712,0.015918531922664084
MOTOR_ST_SCALED_ProcessingSpeed,LANGUAGE_ST_SCALED_SUM,ST,423,0.10377659120263047,0.032857687141652686,0.008513147806023564,0.197173269636937,0.04440227992115228
MOTOR_ST_SCALED_ProcessingSpeed,LANGUAGE_ST_NORM_SIMILARITY,ST,423,-0.15742268714045618,0.0011605484284282182,-0.24903241822206412,-0.06302094468110707,0.0022318239008234965
MOTOR_ST_SCALED_ProcessingSpeed,LANGUAGE_ST_NORM_VOCABULARY,ST,423,-0.19014652628015186,8.315397414961325e-05,-0.2804103578310354,-0.09654928799923368,0.00023758278328460926
MOTOR_ST_SCALED_ProcessingSpeed,LANGUAGE_ST_NORM_INFORMATION,ST,423,-0.16060009834848418,0.0009170086385194855,-0.2520875993504844,-0.06626715739587076,0.001834017277038971
MOTOR_ST_SCALED_ProcessingSpeed,LANGUAGE_ST_NORM_PR,ST,423,-0.19732354599516624,4.377673635909769e-05,-0.2872664956007815,-0.10393126460224426,0.00013265677684575058
MOTOR_ST_SCALED_ProcessingSpeed,MEMORY_ST_NORM_ImmMem,ST,423,-0.18812692689702248,9.919165239494242e-05,-0.27847939205332534,-0.09447386892890604,0.0002610306641972169
MOTOR_ST_SCALED_ProcessingSpeed,MEMORY_ST_SCALED_AudImm,ST,423,0.33427357282270986,1.6805101982075444e-12,0.24679168949449273,0.4163512192812983,3.3610203964150886e-11
MOTOR_ST_SCALED_ProcessingSpeed,MEMORY_ST_SCALED_VisImm,ST,423,0.31241081050427383,4.980189037365618e-11,0.22372744462894636,0.3959636648375559,4.527444579423289e-10
MOTOR_ST_SCALED_ProcessingSpeed,MEMORY_ST_SCALED_ImmMem,ST,423,0.3599415630846952,2.1973937692313482e-14,0.27399736119718404,0.44018236335281746,7.324645897437828e-13
MOTOR_ST_SCALED_ProcessingSpeed,MEMORY_ST_SCALED_WorMem,ST,423,0.29879818272870906,3.5870288754800605e-10,0.20941672544902298,0.3832278119601007,2.2418930471750377e-09
MOTOR_ST_SCALED_ProcessingSpeed,MEMORY_ST_RAW_AudImm,ST,423,0.3144138757519952,3.692369507243168e-11,0.22583646458613107,0.3978350056843332,3.692369507243168e-10
MOTOR_ST_SCALED_ProcessingSpeed,MEMORY_ST_RAW_VisImm,ST,423,0.32557469167420666,6.687840182750888e-12,0.23760286817965015,0.4082491773812416,8.35980022843861e-11
MOTOR_ST_SCALED_ProcessingSpeed,MEMORY_ST_RAW_ImmMem,ST,423,0.3536306022923469,6.623263418243276e-14,0.2672955559608018,0.4343334874645158,1.655815854560819e-12
MOTOR_ST_SCALED_ProcessingSpeed,MEMORY_ST_RAW_WorMem,ST,423,0.2964143018287203,5.01612712744204e-10,0.2069145264596419,0.3809941660191889,2.9506630161423767e-09
MOTOR_ST_SCALED_ProcessingSpeed,MEMORY_ST_RAW_LogMemI,ST,423,0.2368890970206392,8.30804998048228e-07,0.14481226667848854,0.3248983542793219,3.32321999359688e-06
MOTOR_ST_SCALED_ProcessingSpeed,MEMORY_ST_RAW_FacI,ST,423,0.30273901160010014,2.0466459635324126e-10,0.21355571630711742,0.38691812093216676,1.4618899780357045e-09
MOTOR_ST_SCALED_ProcessingSpeed,MEMORY_ST_RAW_VerPairI,ST,423,0.3292556385141747,3.7478693420549345e-12,0.24148921343134291,0.411679161025919,5.3540990600784775e-11
MOTOR_ST_SCALED_ProcessingSpeed,MEMORY_ST_RAW_FamPicI,ST,423,0.27751442824378614,6.430767023866635e-09,0.1871179563615672,0.36325037351731365,3.216622238301308e-08
MOTOR_ST_SCALED_ProcessingSpeed,MEMORY_ST_RAW_LetNumSeq,ST,423,0.2771358412272513,6.754906700432746e-09,0.18672215614694884,0.36289430766885367,3.216622238301308e-08
MOTOR_ST_SCALED_ProcessingSpeed,MEMORY_ST_RAW_SpaForward,ST,423,0.1770121235683274,0.00025343716122144187,0.08306641340296493,0.26783929337053536,0.0005759935482305497
MOTOR_ST_SCALED_ProcessingSpeed,MEMORY_ST_RAW_SpaBackward,ST,423,0.1662078980059556,0.0005987531936175003,0.07200126090521407,0.25747522944688417,0.0012474024867031258
MOTOR_ST_SCALED_ProcessingSpeed,MEMORY_ST_RAW_SpaTotal,ST,423,0.2261972544850283,2.6083583470799807e-06,0.13373386422836256,0.3147564609954392,9.660586470666597e-06
MOTOR_ST_SCALED_ProcessingSpeed,MEMORY_ST_SCALED_LogMemI,ST,423,0.23688909701678393,8.3080499839922e-07,0.1448122666744897,0.3248983542756686,3.32321999359688e-06
MOTOR_ST_SCALED_ProcessingSpeed,MEMORY_ST_SCALED_FacI,ST,423,0.30273901158062727,2.0466459692499863e-10,0.21355571628665743,0.3869181209139384,1.4618899780357045e-09
MOTOR_ST_SCALED_ProcessingSpeed,MEMORY_ST_SCALED_VerPairI,ST,423,0.3292556385141747,3.7478693420549345e-12,0.24148921343134291,0.411679161025919,5.3540990600784775e-11
MOTOR_ST_SCALED_ProcessingSpeed,MEMORY_ST_SCALED_FamPicI,ST,423,0.27751442824378614,6.430767023866635e-09,0.1871179563615672,0.36325037351731365,3.216622238301308e-08
MOTOR_ST_SCALED_ProcessingSpeed,MEMORY_ST_SCALED_LetNumSeq,ST,423,0.2771358412284827,6.754906699353075e-09,0.18672215614823615,0.3628943076700118,3.216622238301308e-08
MOTOR_ST_SCALED_ProcessingSpeed,MEMORY_ST_SCALED_SpaForward,ST,423,0.17701212356832746,0.00025343716122144187,0.08306641340296499,0.26783929337053536,0.0005759935482305497
MOTOR_ST_SCALED_ProcessingSpeed,MEMORY_ST_SCALED_SpaBackward,ST,423,0.1662078980059556,0.0005987531936175003,0.07200126090521407,0.25747522944688417,0.0012474024867031258
MOTOR_ST_SCALED_ProcessingSpeed,MEMORY_ST_SCALED_SpaTotal,ST,423,0.2261972544850283,2.6083583470799807e-06,0.13373386422836256,0.3147564609954392,9.660586470666597e-06
MOTOR_ST_SCALED_ProcessingSpeed,MOTOR_ST_RAW_BPrestHigh,ST,423,-0.24414929803259594,3.701812477053593e-07,-0.33177359731777367,-0.15234814115751089,1.6826420350243604e-06
MOTOR_ST_SCALED_ProcessingSpeed,MOTOR_ST_RAW_BPrestLow,ST,423,-0.12924244961415507,0.007780955963295459,-0.221856202574236,-0.034317665317026916,0.012549928973057192
MOTOR_ST_SCALED_ProcessingSpeed,MOTOR_ST_RAW_HRrest,ST,423,0.017248330355731638,0.7235469559145639,-0.07822800227829645,0.11241114009061169,0.772454837930158
MOTOR_ST_SCALED_ProcessingSpeed,MOTOR_ST_RAW_HEIGHT,ST,423,0.22193506995904144,4.053462704158867e-06,0.1293240148813237,0.31070786252826277,1.3977457600547817e-05
MOTOR_ST_SCALED_ProcessingSpeed,MOTOR_ST_RAW_WEIGHT,ST,423,0.10087156352090275,0.0381002348919399,0.0055775276760772425,0.1943500102560357,0.05013188801571039
MOTOR_ST_SCALED_ProcessingSpeed,MOTOR_ST_RAW_BMI,ST,423,-0.007794374978136487,0.8730112957021475,-0.10306545902528574,0.08761842066989736,0.8820083825671057
MOTOR_ST_SCALED_ProcessingSpeed,MOTOR_ST_RAW_WHR,ST,423,-0.17274780930408823,0.00035799970267823,-0.2637512156940821,-0.07869634511644047,0.0007955548948405111
MOTOR_ST_SCALED_ProcessingSpeed,MOTOR_ST_RAW_AerobicRating,ST,411,-0.2086497444100158,2.006881326994786e-05,-0.29933926039553466,-0.11422406518777303,6.271504146858707e-05
MOTOR_ST_SCALED_ProcessingSpeed,MOTOR_ST_RAW_FunctionalReaching,ST,423,0.31447208431793355,3.6602817926223464e-11,0.22589776458659305,0.3978893759960123,3.692369507243168e-10
MOTOR_ST_SCALED_ProcessingSpeed,MOTOR_ST_RAW_WorseLegEyeOpen,ST,422,0.21519224045404428,8.20126903734677e-06,0.12224269876594311,0.304399836984838,2.7337563457822564e-05
MOTOR_ST_SCALED_ProcessingSpeed,MOTOR_ST_RAW_BestLegEyeOpen,ST,422,0.18916669747547063,9.236751250349265e-05,0.09542925726652512,0.27957876849498664,0.0002496419256851153
MOTOR_ST_SCALED_ProcessingSpeed,MOTOR_ST_RAW_WorseLegEyeClose,ST,413,0.24560177834200136,4.3332754066647014e-07,0.15272500339410683,0.3341781740367704,1.8840327855063918e-06
MOTOR_ST_SCALED_ProcessingSpeed,MOTOR_ST_RAW_BestLegEyeClose,ST,413,0.40874406792112306,4.6033487823152714e-18,0.325069237685896,0.48606870984025685,2.3016743911576356e-16
MOTOR_ST_SCALED_ProcessingSpeed,MOTOR_ST_RAW_PegboardDominant,ST,423,0.1473257553641955,0.0023841554113287534,0.05271862298955266,0.2393117821086055,0.004415102613571765
MOTOR_ST_SCALED_ProcessingSpeed,MOTOR_ST_RAW_PegboardNondominant,ST,423,0.13937955475122568,0.004076720954703839,0.04462491859402505,0.231648734696118,0.007055216025237234
MOTOR_ST_SCALED_ProcessingSpeed,MOTOR_ST_RAW_PegboardBoth,ST,423,0.187713634849157,0.00010281373495914626,0.09404925422310928,0.2780841479881251,0.0002636249614337083
MOTOR_ST_SCALED_ProcessingSpeed,MOTOR_ST_RAW_PegboardSum,ST,423,0.1833739397496513,0.00014914338345985408,0.08959272421946488,0.2739321138344879,0.0003551032939520335
MOTOR_ST_SCALED_ProcessingSpeed,MOTOR_ST_RAW_PegboardAssemble,ST,423,0.30153402249659295,2.431908184698407e-10,0.21228979521250071,0.3857900195369827,1.6212721231322714e-09
MOTOR_ST_SCALED_ProcessingSpeed,MOTOR_ST_RAW_SymbolSearch,ST,423,-0.007783418337004387,0.8731882987414346,-0.10305461810102463,0.08762929384623433,0.8820083825671057
MOTOR_ST_SCALED_ProcessingSpeed,MOTOR_ST_RAW_SymbolCoding,ST,423,0.03336147594289333,0.49378297084652967,-0.06218400738996285,0.12830103790432257,0.5675666331569306
MOTOR_ST_SCALED_ProcessingSpeed,MOTOR_ST_RAW_GripMvcL,ST,423,0.19569167845903793,5.0755990986111894e-05,0.10225189089354766,0.28570839739379206,0.00014928232642974086
MOTOR_ST_SCALED_ProcessingSpeed,MOTOR_ST_RAW_GripMvcR,ST,423,0.1854579454081813,0.00012487582760840895,0.09173236769258891,0.27592642245479687,0.0003121895690210224
MOTOR_ST_SCALED_ProcessingSpeed,MOTOR_ST_NORM_BMI,ST,422,0.0415401852074754,0.3946686306190055,-0.054135185790625456,0.136459760490016,0.4589170123476808
MOTOR_ST_SCALED_ProcessingSpeed,MOTOR_ST_NORM_WHR,ST,422,0.12546113083132135,0.009884062167706553,0.03036408926234074,0.21830725093653816,0.015443847137041488
MOTOR_ST_SCALED_ProcessingSpeed,MOTOR_ST_NORM_AerobicRating,ST,411,-0.16385411959283766,0.0008551995247819863,-0.25651939639009097,-0.06820408626596718,0.0017453051526162987
MOTOR_ST_SCALED_ProcessingSpeed,MOTOR_ST_NORM_FunctionalReaching,ST,422,0.0670438272655251,0.16921854046269127,-0.02859991397969163,0.16147110435591588,0.20636407373498938
MOTOR_ST_SCALED_ProcessingSpeed,MOTOR_ST_NORM_BestLegEyeClose,ST,413,-0.16070497899273,0.0010479056575411255,-0.2532736599766672,-0.0652200688150702,0.0020547169755708345
MOTOR_ST_SCALED_ProcessingSpeed,MOTOR_ST_NORM_PegboardDominant,ST,422,-0.10226991888110283,0.035713723095058034,-0.19581888680717582,-0.006876350683706724,0.047618297460077376
MOTOR_ST_SCALED_ProcessingSpeed,MOTOR_ST_NORM_PegboardNondominant,ST,422,-0.12177095575435694,0.01230066163948541,-0.21473549751260648,-0.026619691775769283,0.018359196476843895
MOTOR_ST_SCALED_ProcessingSpeed,MOTOR_ST_NORM_PegboardSum,ST,422,-0.06440513821494406,0.18666865993403642,-0.15888896385212486,0.03124767784114716,0.2249019999205258
MOTOR_ST_SCALED_ProcessingSpeed,MOTOR_ST_NORM_PegboardBoth,ST,422,-0.11829109886110009,0.01504286019828257,-0.21136503330450537,-0.023091147240177724,0.02180124666417764
MOTOR_ST_SCALED_ProcessingSpeed,MOTOR_ST_NORM_PegboardAssemble,ST,422,-0.026104109483741887,0.5928242351911269,-0.12126263346330189,0.06952985345601749,0.6514552035067328
MOTOR_ST_SCALED_ProcessingSpeed,MOTOR_ST_NORM_WaisSpeed,ST,422,-0.7134563308254217,7.229572977862525e-67,-0.7573370459281761,-0.6631616051132725,7.229572977862525e-65
