level,target,feature,category,n,pearson_r,p_raw,ci_lo,ci_hi,q_fdr
RAW,LANGUAGE_ST_RAW_SIMILARITY,BASIC_Q_BFI_Agreeableness,Q,425,-0.08304552117353771,0.08727700868149327,-0.17677194439307053,0.012173481279606208,0.15628673647616237
RAW,LANGUAGE_ST_RAW_SIMILARITY,BASIC_Q_BFI_Conscientiousness,Q,425,0.001298598077605548,0.9787050345462027,-0.09383583084431124,0.09640952668790648,0.9787050345462027
RAW,LANGUAGE_ST_RAW_SIMILARITY,BASIC_Q_BFI_EmotionalStability,Q,425,-0.01215457689814753,0.8027077804963285,-0.10715352609088573,0.08306429792861868,0.8466917684687301
RAW,LANGUAGE_ST_RAW_SIMILARITY,BASIC_Q_BFI_Extraversion,Q,423,0.06802044513377936,0.16257839818582867,-0.027505624894924325,0.1623154134268544,0.25037073320617614
RAW,LANGUAGE_ST_RAW_SIMILARITY,BASIC_Q_BFI_Intellect,Q,425,-0.16928824215359273,0.0004565758673571907,-0.26022069963708594,-0.0753792499056534,0.0015285365994132036
RAW,LANGUAGE_ST_RAW_SIMILARITY,BASIC_Q_Beck_Anxiety,Q,425,-0.06466613961527831,0.18332284996772313,-0.15881208818308934,0.030645203705851762,0.2767815577944055
RAW,LANGUAGE_ST_RAW_SIMILARITY,BASIC_Q_Beck_Depression,Q,425,-0.013309121345403838,0.7844084777200737,-0.10829485763082751,0.08191742395290194,0.8466917684687301
RAW,LANGUAGE_ST_RAW_SIMILARITY,BASIC_Q_CogFailure_Sum,Q,425,-0.0785330379496625,0.1059366634995823,-0.17236823575607738,0.01671466308004334,0.1773287628145182
RAW,LANGUAGE_ST_RAW_SIMILARITY,BASIC_Q_EHI_Sum,Q,425,0.09524411788752599,0.04974064530664456,0.00012238899271615003,0.18865773712197365,0.09341535825882026
RAW,LANGUAGE_ST_RAW_SIMILARITY,BASIC_Q_IPAQ_MET,Q,425,0.018320358011143192,0.7064685657120509,-0.07693655585349223,0.11324584396643766,0.8237852822095424
RAW,LANGUAGE_ST_RAW_SIMILARITY,BASIC_Q_MOCA_SUM,Q,427,-0.24838692870670465,2.0001929940686144e-07,-0.33538096938502365,-0.1571926663282593,1.1847296964867947e-06
RAW,LANGUAGE_ST_RAW_SIMILARITY,BASIC_Q_MSPSS_Sum,Q,425,0.0923200653019183,0.05721241126456325,-0.002827603723152205,0.18581115653722818,0.1048894206516993
RAW,LANGUAGE_ST_RAW_SIMILARITY,BASIC_Q_PSQI_DaytimeDysfunc,Q,425,-0.05850997696316525,0.22870826050298726,-0.15278248314657028,0.03681777506167553,0.31122389170616466
RAW,LANGUAGE_ST_RAW_SIMILARITY,BASIC_Q_PSQI_SleepDisturbance,Q,425,0.012273802188238732,0.8008128976388833,-0.08294587641535675,0.10727139852940347,0.8466917684687301
RAW,LANGUAGE_ST_RAW_SIMILARITY,BASIC_Q_PSQI_SleepDuration,Q,425,0.02423985074568564,0.6182593583139588,-0.07104680409982692,0.11908809949153049,0.7556503268281719
RAW,LANGUAGE_ST_RAW_SIMILARITY,BASIC_Q_PSQI_SleepEfficiency,Q,425,-0.07617337966404959,0.11687918257756742,-0.1700639631581441,0.019087764722374646,0.19148291613771684
RAW,LANGUAGE_ST_RAW_SIMILARITY,BASIC_Q_PSQI_SleepLatency,Q,425,-0.004230035325410544,0.9307128694512838,-0.09931291222028889,0.0909293899284298,0.9429590914177481
RAW,LANGUAGE_ST_RAW_SIMILARITY,BASIC_Q_PSQI_SleepMedication,Q,425,0.06050039327026939,0.21323665574728096,-0.03482284887439219,0.15473274880916218,0.2985313180461933
RAW,LANGUAGE_ST_RAW_SIMILARITY,BASIC_Q_PSQI_SleepQuality,Q,423,-0.04654344898713876,0.3396068254073245,-0.1412642249935667,0.049021780130916556,0.44321568739599976
RAW,LANGUAGE_ST_RAW_SIMILARITY,BASIC_Q_PSQI_Sum,Q,425,-0.00574372137804867,0.9060184635202008,-0.10081147983673115,0.08942797613412821,0.9301789558807394
RAW,LANGUAGE_ST_RAW_SIMILARITY,BASIC_Q_SF36_EmotionalLimit,Q,425,0.07097259747878536,0.1441057896375795,-0.024314389483397945,0.16498162530017368,0.2311697042102838
RAW,LANGUAGE_ST_RAW_SIMILARITY,BASIC_Q_SF36_EmotionalWell,Q,425,0.02282052053604042,0.6389748521155914,-0.07245960907967974,0.11768788696668829,0.7687666189515708
RAW,LANGUAGE_ST_RAW_SIMILARITY,BASIC_Q_SF36_Energy,Q,425,0.12271895361421098,0.011340033489676812,0.027922060575451404,0.21532818466842568,0.026460078142579228
RAW,LANGUAGE_ST_RAW_SIMILARITY,BASIC_Q_SF36_GeneralHealth,Q,425,0.02043040982616953,0.6744948975025437,-0.07483786770376734,0.11532911711192899,0.7990170324260901
RAW,LANGUAGE_ST_RAW_SIMILARITY,BASIC_Q_SF36_Mental,Q,425,0.10109633067828726,0.03721875868558213,0.0060314952479709,0.19435018626095232,0.07348319022538011
RAW,LANGUAGE_ST_RAW_SIMILARITY,BASIC_Q_SF36_Pain,Q,425,0.1059935988977533,0.02890084373694165,0.010981480986704881,0.19910893829305035,0.060144999128229924
RAW,LANGUAGE_ST_RAW_SIMILARITY,BASIC_Q_SF36_Physical,Q,425,0.09781965321824962,0.043852235681242656,0.002722144730761651,0.19116373475829812,0.08441555368639211
RAW,LANGUAGE_ST_RAW_SIMILARITY,BASIC_Q_SF36_PhysicalFunct,Q,424,0.006628038806504114,0.891759411644558,-0.08866298688383717,0.10179884086360144,0.9279118202247428
RAW,LANGUAGE_ST_RAW_SIMILARITY,BASIC_Q_SF36_PhysicalLimit,Q,425,0.05829989902925986,0.23038651723703096,-0.03702828467128172,0.15257660005294615,0.31122389170616466
RAW,LANGUAGE_ST_RAW_SIMILARITY,BASIC_Q_SF36_SocialFunc,Q,425,0.07961759154490541,0.10118669876743472,-0.01562357053042676,0.17342698842993587,0.1731416845576105
RAW,LANGUAGE_ST_RAW_SIMILARITY,LANGUAGE_ST_RAW_SUM,ST,427,-0.7330079070084695,3.958544859735455e-73,-0.7740620704392033,-0.6858150949705712,7.620198854990751e-72
RAW,LANGUAGE_ST_RAW_SIMILARITY,LANGUAGE_ST_SCALED_SIMILARITY,ST,427,-0.917906452539649,1.0375189664240015e-172,-0.9316509119369492,-0.9015389743019531,3.994448020732406e-171
RAW,LANGUAGE_ST_RAW_SIMILARITY,LANGUAGE_ST_SCALED_VOCABULARY,ST,427,-0.5541874971182968,9.56962544552228e-36,-0.6166558146281368,-0.4847837424825531,1.0526587990074506e-34
RAW,LANGUAGE_ST_RAW_SIMILARITY,LANGUAGE_ST_SCALED_INFORMATION,ST,427,-0.5164359184199235,1.7511218045243227e-30,-0.5827740048402713,-0.4432603293872776,1.498181988315254e-29
RAW,LANGUAGE_ST_RAW_SIMILARITY,LANGUAGE_ST_SCALED_SUM,ST,427,-0.7381586165452719,1.1766022273443277e-74,-0.7785219963007555,-0.6917142740928103,3.0199457168504415e-73
RAW,LANGUAGE_ST_RAW_SIMILARITY,LANGUAGE_ST_NORM_SIMILARITY,ST,427,-0.9223061268477463,1.3864928771691565e-177,-0.935338808104888,-0.9067731988497215,1.0675995154202506e-175
RAW,LANGUAGE_ST_RAW_SIMILARITY,LANGUAGE_ST_NORM_VOCABULARY,ST,427,-0.5302064371136604,2.512538469819419e-32,-0.5951597397048997,-0.4583703913934829,2.418318277201191e-31
RAW,LANGUAGE_ST_RAW_SIMILARITY,LANGUAGE_ST_NORM_INFORMATION,ST,427,-0.49359159765449173,1.3235258696220703e-27,-0.5621587420192856,-0.4182851804732761,1.0191149196089941e-26
RAW,LANGUAGE_ST_RAW_SIMILARITY,LANGUAGE_ST_NORM_VCI,ST,427,-0.731295541820165,1.2511502882790081e-72,-0.7725784548412935,-0.6838552719430968,1.9267714439496726e-71
RAW,LANGUAGE_ST_RAW_SIMILARITY,LANGUAGE_ST_NORM_PR,ST,427,-0.6895920075845721,1.5387421815672734e-61,-0.7363062400131851,-0.6363354902417205,1.974719133011334e-60
RAW,LANGUAGE_ST_RAW_SIMILARITY,MEMORY_ST_NORM_AudImm,ST,425,-0.24960823618980912,1.8541260871970632e-07,-0.336735806242708,-0.15824262328837427,1.1847296964867947e-06
RAW,LANGUAGE_ST_RAW_SIMILARITY,MEMORY_ST_NORM_VisImm,ST,425,-0.12820236018287334,0.008142504744197827,-0.2206345654931543,-0.0334879065500457,0.019592902040726022
RAW,LANGUAGE_ST_RAW_SIMILARITY,MEMORY_ST_NORM_ImmMem,ST,425,-0.21027483559918198,1.2360768767816562e-05,-0.29940891446245055,-0.11750227114076489,5.9486199695117206e-05
RAW,LANGUAGE_ST_RAW_SIMILARITY,MEMORY_ST_NORM_WorMem,ST,425,-0.20285745612014836,2.5134775121221535e-05,-0.29233920634346927,-0.1098544105013947,0.00010186198338600306
RAW,LANGUAGE_ST_RAW_SIMILARITY,MEMORY_ST_SCALED_AudImm,ST,425,-0.20741654029922837,1.629797347289713e-05,-0.29668575330625335,-0.11455385586651373,7.382023278900465e-05
RAW,LANGUAGE_ST_RAW_SIMILARITY,MEMORY_ST_SCALED_VisImm,ST,425,-0.13954104474789564,0.003947155888462551,-0.2315898650995746,-0.04501572505635062,0.011256703830059868
RAW,LANGUAGE_ST_RAW_SIMILARITY,MEMORY_ST_SCALED_ImmMem,ST,425,-0.20071973419345998,3.06944345216734e-05,-0.29029986763308013,-0.10765230523699457,0.00011817357290844258
RAW,LANGUAGE_ST_RAW_SIMILARITY,MEMORY_ST_SCALED_WorMem,ST,425,-0.2000066076672005,3.279499006339346e-05,-0.28961937990024034,-0.10691790403068738,0.00012024829689910937
RAW,LANGUAGE_ST_RAW_SIMILARITY,MEMORY_ST_RAW_AudImm,ST,425,-0.24394958690563073,3.5531398119488795e-07,-0.3313826320112446,-0.15236234434374443,1.9542268965718836e-06
RAW,LANGUAGE_ST_RAW_SIMILARITY,MEMORY_ST_RAW_VisImm,ST,425,-0.14679004991003744,0.002415817313085339,-0.2385815528717667,-0.052398862005913455,0.0074407173243028445
RAW,LANGUAGE_ST_RAW_SIMILARITY,MEMORY_ST_RAW_ImmMem,ST,425,-0.21996994778425974,4.702767742303344e-06,-0.3086348586039181,-0.12751526049167106,2.41408744104905e-05
RAW,LANGUAGE_ST_RAW_SIMILARITY,MEMORY_ST_RAW_WorMem,ST,425,-0.1925982487913573,6.434099452290158e-05,-0.28254472809594466,-0.09929453581124327,0.00022519348083015555
RAW,LANGUAGE_ST_RAW_SIMILARITY,MEMORY_ST_SCALED_LogMemI,ST,425,-0.27582214887756556,7.381325051949122e-09,-0.3614613309023893,-0.18556805758973552,5.166927536364385e-08
RAW,LANGUAGE_ST_RAW_SIMILARITY,MEMORY_ST_SCALED_FacI,ST,425,-0.14861076371296442,0.002128148637176087,-0.24033614301311504,-0.054254888145107344,0.006827810210939945
RAW,LANGUAGE_ST_RAW_SIMILARITY,MEMORY_ST_SCALED_VerPairI,ST,425,-0.12863065784058336,0.007930440871771917,-0.22104880577730235,-0.033922890878309464,0.019592902040726022
RAW,LANGUAGE_ST_RAW_SIMILARITY,MEMORY_ST_SCALED_FamPicI,ST,425,-0.12113031099448396,0.012453767951194517,-0.21378980720786436,-0.02631063117340233,0.027398289492627934
RAW,LANGUAGE_ST_RAW_SIMILARITY,MEMORY_ST_SCALED_LetNumSeq,ST,425,-0.20336251973640293,2.3968324540230642e-05,-0.2928209068653645,-0.11037481886021176,0.00010186198338600306
RAW,LANGUAGE_ST_RAW_SIMILARITY,MEMORY_ST_SCALED_SpaForward,ST,425,-0.12196703595105787,0.011855691224826645,-0.21460011520811167,-0.027159296322829964,0.026849653656225048
RAW,LANGUAGE_ST_RAW_SIMILARITY,MEMORY_ST_SCALED_SpaBackward,ST,425,-0.10442825600934028,0.03136655618714012,-0.19758834750411355,-0.00939878118983282,0.0635585480634155
RAW,LANGUAGE_ST_RAW_SIMILARITY,MEMORY_ST_SCALED_SpaTotal,ST,425,-0.1206224657693979,0.012829613035588919,-0.21329793340813766,-0.025795605564065377,0.02744111677056519
RAW,LANGUAGE_ST_RAW_SIMILARITY,MOTOR_ST_RAW_HEIGHT,ST,423,-0.07031735348139626,0.148817043044358,-0.1645617133718157,0.025199277283300427,0.2338553533554197
RAW,LANGUAGE_ST_RAW_SIMILARITY,MOTOR_ST_RAW_WEIGHT,ST,423,-0.04850684625533218,0.31960379982134407,-0.14319225965000998,0.04705847970902754,0.424301596314543
RAW,LANGUAGE_ST_RAW_SIMILARITY,MOTOR_ST_RAW_PegboardSum,ST,423,-0.06252559395058659,0.19934764330853882,-0.15693766312219265,0.03301893382522037,0.28961827424070735
RAW,LANGUAGE_ST_RAW_SIMILARITY,MOTOR_ST_NORM_BMI,ST,422,-0.015803672689824744,0.74616032366133,-0.11109676915401422,0.07977738218096926,0.8326716655351074
RAW,LANGUAGE_ST_RAW_SIMILARITY,MOTOR_ST_NORM_WHR,ST,422,-0.016171160406561122,0.7404672711421298,-0.11145979911247825,0.07941212926074886,0.8326716655351074
RAW,LANGUAGE_ST_RAW_SIMILARITY,MOTOR_ST_NORM_AerobicRating,ST,411,0.08168682187321036,0.09817445704765004,-0.015164052392025838,0.17701913143959655,0.17180529983338758
RAW,LANGUAGE_ST_RAW_SIMILARITY,MOTOR_ST_NORM_FunctionalReaching,ST,422,-0.13337496035652532,0.006069250797583348,-0.22595873887151258,-0.03840321228755636,0.01597025710379052
RAW,LANGUAGE_ST_RAW_SIMILARITY,MOTOR_ST_NORM_BestLegEyeClose,ST,413,-0.017902026408720503,0.7168001806238875,-0.11420105271770564,0.07873028481596901,0.8237852822095424
RAW,LANGUAGE_ST_RAW_SIMILARITY,MOTOR_ST_NORM_PegboardDominant,ST,422,0.014400485699881704,0.7680230488545573,-0.08117179993219391,0.10971036934555417,0.844825353740013
RAW,LANGUAGE_ST_RAW_SIMILARITY,MOTOR_ST_NORM_PegboardNondominant,ST,422,-0.028897398420496594,0.5538561647372322,-0.12401599247925593,0.06674742910637302,0.6878536239478529
RAW,LANGUAGE_ST_RAW_SIMILARITY,MOTOR_ST_NORM_PegboardSum,ST,422,-0.1330401870808195,0.006198968446569206,-0.22563529449442718,-0.038062889598451055,0.01597025710379052
RAW,LANGUAGE_ST_RAW_SIMILARITY,MOTOR_ST_NORM_PegboardBoth,ST,422,-0.06088405716385643,0.2119696989842243,-0.1554413271167276,0.03477877865136585,0.2985313180461933
RAW,LANGUAGE_ST_RAW_SIMILARITY,MOTOR_ST_NORM_PegboardAssemble,ST,422,-0.03335940849771333,0.49432388984062486,-0.1284111818298529,0.06229968597651851,0.6239826150447232
RAW,LANGUAGE_ST_RAW_SIMILARITY,MOTOR_ST_NORM_WaisSpeed,ST,422,-0.13298095194296022,0.006222178092385917,-0.2255780617782928,-0.03800267483553374,0.01597025710379052
RAW,LANGUAGE_ST_RAW_SIMILARITY,MOTOR_ST_SCALED_FineMotor,ST,423,-0.06364040767660371,0.1914365031488181,-0.15802917193714502,0.031900845321398405,0.28347328350882683
RAW,LANGUAGE_ST_RAW_SIMILARITY,MOTOR_ST_SCALED_Balance,ST,413,-0.04280516613000414,0.3855777739170825,-0.1387284489417643,0.05391383341585633,0.49482480986025584
RAW,LANGUAGE_ST_RAW_SIMILARITY,MOTOR_ST_SCALED_ProcessingSpeed,ST,423,-0.143039229032109,0.003194727824820013,-0.23517942397176053,-0.04835098212195955,0.009461309327351577
RAW,LANGUAGE_ST_RAW_VOCABULARY,BASIC_Q_BFI_Agreeableness,Q,425,-0.1131815811441468,0.01959937856126104,-0.20608566898999015,-0.018255282587047842,0.05030507164056999
RAW,LANGUAGE_ST_RAW_VOCABULARY,BASIC_Q_BFI_Conscientiousness,Q,425,-0.07440455119787771,0.12564709737168026,-0.16833597890434907,0.020865966912043208,0.22004062404907365
RAW,LANGUAGE_ST_RAW_VOCABULARY,BASIC_Q_BFI_EmotionalStability,Q,425,0.05224415470432482,0.28255260854976794,-0.043092837715591595,0.14663825715097567,0.42414605401253164
RAW,LANGUAGE_ST_RAW_VOCABULARY,BASIC_Q_BFI_Extraversion,Q,423,0.09471146223049967,0.05158982718472339,-0.0006420152784944145,0.18835817013062764,0.1103449081451028
RAW,LANGUAGE_ST_RAW_VOCABULARY,BASIC_Q_BFI_Intellect,Q,425,-0.19440130637144012,5.473360854661429e-05,-0.28426746894715915,-0.10114891477419632,0.0002479110504758412
RAW,LANGUAGE_ST_RAW_VOCABULARY,BASIC_Q_Beck_Anxiety,Q,425,-0.11621884663179455,0.01653063780861796,-0.20903083458298022,-0.021331833746475102,0.04714293004679937
RAW,LANGUAGE_ST_RAW_VOCABULARY,BASIC_Q_Beck_Depression,Q,425,-0.050069036675456556,0.303101251557079,-0.1445036456092612,0.04526940605112721,0.43469311387969295
RAW,LANGUAGE_ST_RAW_VOCABULARY,BASIC_Q_CogFailure_Sum,Q,425,-0.033311512296310304,0.49340578100537097,-0.12802866742989824,0.06200780867852276,0.6127781473776381
RAW,LANGUAGE_ST_RAW_VOCABULARY,BASIC_Q_EHI_Sum,Q,425,0.0719348688432593,0.13873285439187,-0.023347729194917104,0.1659223581349313,0.23738732862608863
RAW,LANGUAGE_ST_RAW_VOCABULARY,BASIC_Q_IPAQ_MET,Q,425,-0.02060042374990865,0.6719430592491535,-0.11549693705427415,0.07466873264138343,0.7287269797490821
RAW,LANGUAGE_ST_RAW_VOCABULARY,BASIC_Q_MOCA_SUM,Q,427,-0.2280391442740993,1.923883497954995e-06,-0.3160981013721757,-0.1360845464625691,1.1395309949425741e-05
RAW,LANGUAGE_ST_RAW_VOCABULARY,BASIC_Q_MSPSS_Sum,Q,425,0.05182511747600067,0.2864362962162551,-0.04351222473707027,0.14622709186806204,0.42414605401253164
RAW,LANGUAGE_ST_RAW_VOCABULARY,BASIC_Q_PSQI_DaytimeDysfunc,Q,425,-0.04702634212525594,0.33346766337330436,-0.14151613866404225,0.04831261139580514,0.4599123097687555
RAW,LANGUAGE_ST_RAW_VOCABULARY,BASIC_Q_PSQI_SleepDisturbance,Q,425,0.019013819703177334,0.6959001111520526,-0.076246921902412,0.11393059702705108,0.744226507759834
RAW,LANGUAGE_ST_RAW_VOCABULARY,BASIC_Q_PSQI_SleepDuration,Q,425,-0.020906961252147,0.6673515811515931,-0.11579950508803186,0.07436376588721987,0.7287269797490821
RAW,LANGUAGE_ST_RAW_VOCABULARY,BASIC_Q_PSQI_SleepEfficiency,Q,425,-0.02233471350152043,0.6461313962630404,-0.117208536846704,0.07294309484378678,0.7287269797490821
RAW,LANGUAGE_ST_RAW_VOCABULARY,BASIC_Q_PSQI_SleepLatency,Q,425,-0.002029838290839288,0.9667195286039311,-0.09713392101265285,0.09311097767287306,0.9667195286039311
RAW,LANGUAGE_ST_RAW_VOCABULARY,BASIC_Q_PSQI_SleepMedication,Q,425,-0.005168477832806076,0.9153936807708313,-0.1002420325377593,0.08999860683300834,0.9304654010717518
RAW,LANGUAGE_ST_RAW_VOCABULARY,BASIC_Q_PSQI_SleepQuality,Q,423,-0.05265709952055745,0.2799010134130045,-0.14726539915811454,0.042905999795251865,0.42414605401253164
RAW,LANGUAGE_ST_RAW_VOCABULARY,BASIC_Q_PSQI_Sum,Q,425,-0.03034227503844773,0.5327435657703435,-0.12510403208915336,0.06496807636268938,0.6438290241490527
RAW,LANGUAGE_ST_RAW_VOCABULARY,BASIC_Q_SF36_EmotionalLimit,Q,425,0.09279766623039916,0.0559319998287441,-0.0023458789851507106,0.18627621080794218,0.1163990266706296
RAW,LANGUAGE_ST_RAW_VOCABULARY,BASIC_Q_SF36_EmotionalWell,Q,425,0.08133409275836037,0.09401620792862758,-0.013896256548207855,0.1751022119987398,0.18270653023319922
RAW,LANGUAGE_ST_RAW_VOCABULARY,BASIC_Q_SF36_Energy,Q,425,0.11028308945582459,0.022978743325236715,0.015320975510916475,0.2032734986544934,0.05707623342074926
RAW,LANGUAGE_ST_RAW_VOCABULARY,BASIC_Q_SF36_GeneralHealth,Q,425,0.07136064542380306,0.14192026785878414,-0.023924593088022236,0.16536100814582577,0.23756218750274738
RAW,LANGUAGE_ST_RAW_VOCABULARY,BASIC_Q_SF36_Mental,Q,425,0.12816433163676783,0.008161576176896277,0.033449286028868055,0.2205977834892876,0.026185056900875556
RAW,LANGUAGE_ST_RAW_VOCABULARY,BASIC_Q_SF36_Pain,Q,425,0.08053904095821458,0.0972852953189762,-0.014696387291388818,0.17432634673872122,0.18270653023319922
RAW,LANGUAGE_ST_RAW_VOCABULARY,BASIC_Q_SF36_Physical,Q,425,0.1140265769616111,0.018699445751018753,0.019111027600225542,0.2069052107851536,0.049650252511325654
RAW,LANGUAGE_ST_RAW_VOCABULARY,BASIC_Q_SF36_PhysicalFunct,Q,424,0.01480887801514507,0.7610898479727021,-0.08053976887617184,0.10988895862907806,0.8027934012862749
RAW,LANGUAGE_ST_RAW_VOCABULARY,BASIC_Q_SF36_PhysicalLimit,Q,425,0.0805584986289688,0.09720422237106278,-0.014676806777160057,0.17434533623862405,0.18270653023319922
RAW,LANGUAGE_ST_RAW_VOCABULARY,BASIC_Q_SF36_SocialFunc,Q,425,0.10787052202246618,0.026165229468177533,0.012879843731369332,0.20093161050685424,0.06105220209241425
RAW,LANGUAGE_ST_RAW_VOCABULARY,LANGUAGE_ST_RAW_SUM,ST,427,-0.8586171802493489,2.067656346534695e-125,-0.88167569932999,-0.8314675829024121,5.306984622772384e-124
RAW,LANGUAGE_ST_RAW_VOCABULARY,LANGUAGE_ST_SCALED_SIMILARITY,ST,427,-0.5082537234075786,1.9921750739805213e-29,-0.5753999971712244,-0.4343018538257668,1.5339748069650014e-28
RAW,LANGUAGE_ST_RAW_VOCABULARY,LANGUAGE_ST_SCALED_VOCABULARY,ST,427,-0.9673116366977232,2.2827084276178685e-255,-0.9729013372081129,-0.9605919672015201,1.7576854892657586e-253
RAW,LANGUAGE_ST_RAW_VOCABULARY,LANGUAGE_ST_SCALED_INFORMATION,ST,427,-0.5929779627122156,6.698542195122387e-42,-0.6512306078028016,-0.5277782381140569,6.447346862805297e-41
RAW,LANGUAGE_ST_RAW_VOCABULARY,LANGUAGE_ST_SCALED_SUM,ST,427,-0.7952394579637584,2.124429544178294e-94,-0.8276760704545565,-0.7575073610575301,3.2716214980345732e-93
RAW,LANGUAGE_ST_RAW_VOCABULARY,LANGUAGE_ST_NORM_SIMILARITY,ST,427,-0.5432842817695711,3.7118804494557122e-34,-0.6068939560822031,-0.472758948579133,3.175719940089887e-33
RAW,LANGUAGE_ST_RAW_VOCABULARY,LANGUAGE_ST_NORM_VOCABULARY,ST,427,-0.9481669132156707,1.0234198535553866e-213,-0.9569587321760269,-0.9376364642031233,3.9401664361882387e-212
RAW,LANGUAGE_ST_RAW_VOCABULARY,LANGUAGE_ST_NORM_INFORMATION,ST,427,-0.601601388391291,2.19664539821484e-43,-0.6588841394753456,-0.5373818635907324,2.4163099380363236e-42
RAW,LANGUAGE_ST_RAW_VOCABULARY,LANGUAGE_ST_NORM_VCI,ST,427,-0.802641772064368,2.017903391332466e-97,-0.8340141850637757,-0.7660960065414841,3.884464028314997e-96
RAW,LANGUAGE_ST_RAW_VOCABULARY,LANGUAGE_ST_NORM_PR,ST,427,-0.7917128712011189,5.2920498143628055e-93,-0.8246535733028617,-0.7534201746263185,6.791463928432266e-92
RAW,LANGUAGE_ST_RAW_VOCABULARY,MEMORY_ST_NORM_AudImm,ST,425,-0.25009675349851007,1.751577698676464e-07,-0.3371976876064034,-0.15875057820082122,1.2261043890735247e-06
RAW,LANGUAGE_ST_RAW_VOCABULARY,MEMORY_ST_NORM_VisImm,ST,425,-0.11426643234036593,0.018450651551730514,-0.20713781719185012,-0.019353959522348703,0.049650252511325654
RAW,LANGUAGE_ST_RAW_VOCABULARY,MEMORY_ST_NORM_ImmMem,ST,425,-0.20621918338739367,1.8278881411238772e-05,-0.29554457327434014,-0.11331923318155689,9.383159124435903e-05
RAW,LANGUAGE_ST_RAW_VOCABULARY,MEMORY_ST_NORM_WorMem,ST,425,-0.20915533818214144,1.3780865926723582e-05,-0.2983425174792921,-0.11634728190396758,7.57947625969797e-05
RAW,LANGUAGE_ST_RAW_VOCABULARY,MEMORY_ST_SCALED_AudImm,ST,425,-0.15118001922703309,0.0017752760689449996,-0.24281107048420678,-0.0568750834461442,0.007194539858356051
RAW,LANGUAGE_ST_RAW_VOCABULARY,MEMORY_ST_SCALED_VisImm,ST,425,-0.05399424774047708,0.2667181910719299,-0.14835512079745383,0.04134092051102804,0.41912858597017555
RAW,LANGUAGE_ST_RAW_VOCABULARY,MEMORY_ST_SCALED_ImmMem,ST,425,-0.1263188344041911,0.009136336479806578,-0.2188124640148256,-0.03157540056562566,0.028139916357804263
RAW,LANGUAGE_ST_RAW_VOCABULARY,MEMORY_ST_SCALED_WorMem,ST,425,-0.1497515837957618,0.001964223798328154,-0.24143522607430473,-0.05541816652497496,0.0075622616235633934
RAW,LANGUAGE_ST_RAW_VOCABULARY,MEMORY_ST_RAW_AudImm,ST,425,-0.19032640916293164,7.871745391533274e-05,-0.28037326055720174,-0.09695895397298306,0.00033673577508225674
RAW,LANGUAGE_ST_RAW_VOCABULARY,MEMORY_ST_RAW_VisImm,ST,425,-0.05677134368833514,0.24286067059426272,-0.15107832051530126,0.03855972624969426,0.3895889924116298
RAW,LANGUAGE_ST_RAW_VOCABULARY,MEMORY_ST_RAW_ImmMem,ST,425,-0.14183713616167282,0.003386745717860245,-0.23380548180979555,-0.04735318528616184,0.01133823566414082
RAW,LANGUAGE_ST_RAW_VOCABULARY,MEMORY_ST_RAW_WorMem,ST,425,-0.14645256105055196,0.002472883633123555,-0.23825625489222904,-0.05205489925175552,0.0090672399881197
RAW,LANGUAGE_ST_RAW_VOCABULARY,MEMORY_ST_SCALED_LogMemI,ST,425,-0.23411500037957186,1.059916629999313e-06,-0.3220655405507222,-0.14215797573647682,6.801131709162258e-06
RAW,LANGUAGE_ST_RAW_VOCABULARY,MEMORY_ST_SCALED_FacI,ST,425,-0.057233668324798065,0.23903884247486815,-0.15153153368879924,0.03809657588202076,0.3895889924116298
RAW,LANGUAGE_ST_RAW_VOCABULARY,MEMORY_ST_SCALED_VerPairI,ST,425,-0.07438682120270225,0.1257374994566135,-0.16831865539161645,0.020883787814860857,0.22004062404907365
RAW,LANGUAGE_ST_RAW_VOCABULARY,MEMORY_ST_SCALED_FamPicI,ST,425,-0.046927904215083395,0.3344816798318222,-0.141419457444384,0.048411036281865716,0.4599123097687555
RAW,LANGUAGE_ST_RAW_VOCABULARY,MEMORY_ST_SCALED_LetNumSeq,ST,425,-0.14536038681746108,0.002666087032478757,-0.2372033913132615,-0.050941927839447086,0.009331304613675649
RAW,LANGUAGE_ST_RAW_VOCABULARY,MEMORY_ST_SCALED_SpaForward,ST,425,-0.10874238457984745,0.024972300462192506,-0.20177805348574152,-0.013761898336933134,0.06008959798715072
RAW,LANGUAGE_ST_RAW_VOCABULARY,MEMORY_ST_SCALED_SpaBackward,ST,425,-0.08770606966735181,0.0708771294216425,-0.18131621338010784,0.007479165616970158,0.143619446459644
RAW,LANGUAGE_ST_RAW_VOCABULARY,MEMORY_ST_SCALED_SpaTotal,ST,425,-0.10223084186994562,0.03512984959709174,-0.19545299929213658,-0.00717780461753336,0.07955877702870777
RAW,LANGUAGE_ST_RAW_VOCABULARY,MOTOR_ST_RAW_HEIGHT,ST,423,-0.05000690300556051,0.30484971622731716,-0.14466481484556817,0.0455579992345296,0.43469311387969295
RAW,LANGUAGE_ST_RAW_VOCABULARY,MOTOR_ST_RAW_WEIGHT,ST,423,-0.010330218872154056,0.83223326991031,-0.10557391231634428,0.0851012824697157,0.8659724565282956
RAW,LANGUAGE_ST_RAW_VOCABULARY,MOTOR_ST_RAW_PegboardSum,ST,423,-0.03488323329225457,0.47427728627076904,-0.1297991963541496,0.060666224493777725,0.5986778859483478
RAW,LANGUAGE_ST_RAW_VOCABULARY,MOTOR_ST_NORM_BMI,ST,422,0.028155859034262373,0.5640783518023628,-0.06748622931529434,0.12328519613921057,0.6682158936735682
RAW,LANGUAGE_ST_RAW_VOCABULARY,MOTOR_ST_NORM_WHR,ST,422,-0.03771259698257972,0.4397039439938643,-0.13269558381569688,0.057956751779708,0.5738509099580941
RAW,LANGUAGE_ST_RAW_VOCABULARY,MOTOR_ST_NORM_AerobicRating,ST,411,0.07736796227284184,0.11733405263293756,-0.01950909473393763,0.1728057571454735,0.2151124298270522
RAW,LANGUAGE_ST_RAW_VOCABULARY,MOTOR_ST_NORM_FunctionalReaching,ST,422,-0.0050031044624590385,0.9183814348240668,-0.10041584621437717,0.09050081906128146,0.9304654010717518
RAW,LANGUAGE_ST_RAW_VOCABULARY,MOTOR_ST_NORM_BestLegEyeClose,ST,413,-0.035734604793644736,0.46891639480272407,-0.1317765117436567,0.060971948454585964,0.5986778859483478
RAW,LANGUAGE_ST_RAW_VOCABULARY,MOTOR_ST_NORM_PegboardDominant,ST,422,0.030273405578816994,0.5351306174745374,-0.065376226864907,0.12537179141448615,0.6438290241490527
RAW,LANGUAGE_ST_RAW_VOCABULARY,MOTOR_ST_NORM_PegboardNondominant,ST,422,-0.04186586916305211,0.3909694356876372,-0.13677992236770325,0.05380988481894201,0.5190456301370356
RAW,LANGUAGE_ST_RAW_VOCABULARY,MOTOR_ST_NORM_PegboardSum,ST,422,-0.09736047726703805,0.04562354185471184,-0.19104558100319943,-0.0019175992796496804,0.10037179208036605
RAW,LANGUAGE_ST_RAW_VOCABULARY,MOTOR_ST_NORM_PegboardBoth,ST,422,-0.045419849721194526,0.3519795664030737,-0.1402723556911268,0.05025876310543536,0.47548116864976625
RAW,LANGUAGE_ST_RAW_VOCABULARY,MOTOR_ST_NORM_PegboardAssemble,ST,422,-0.020800534310862782,0.6700520749952069,-0.11603083992521712,0.07480870871831097,0.7287269797490821
RAW,LANGUAGE_ST_RAW_VOCABULARY,MOTOR_ST_NORM_WaisSpeed,ST,422,-0.200455764539275,3.3561011568991234e-05,-0.2903602337540206,-0.10704340915682851,0.0001615123681757703
RAW,LANGUAGE_ST_RAW_VOCABULARY,MOTOR_ST_SCALED_FineMotor,ST,423,-0.023425785158403406,0.6309163203899066,-0.11850876444052619,0.07208289856857103,0.7250829353734748
RAW,LANGUAGE_ST_RAW_VOCABULARY,MOTOR_ST_SCALED_Balance,ST,413,0.027601300178465803,0.575935710646498,-0.06907899271284254,0.12376795996109452,0.6719249957542477
RAW,LANGUAGE_ST_RAW_VOCABULARY,MOTOR_ST_SCALED_ProcessingSpeed,ST,423,-0.11819743511377735,0.015003247979373044,-0.21116531323467444,-0.023110203894371604,0.04443269593891248
RAW,LANGUAGE_ST_RAW_INFORMATION,BASIC_Q_BFI_Agreeableness,Q,425,-0.07441407793831117,0.12559854306773774,-0.1683452872083095,0.02085639129980678,0.30115572803627383
RAW,LANGUAGE_ST_RAW_INFORMATION,BASIC_Q_BFI_Conscientiousness,Q,425,-0.051881389453529735,0.2859126825247521,-0.14628230862799033,0.04345590773931366,0.45865159488345647
RAW,LANGUAGE_ST_RAW_INFORMATION,BASIC_Q_BFI_EmotionalStability,Q,425,0.012838671771632835,0.7918513025169793,-0.08238477843820002,0.10782982223081344,0.8587683139972875
RAW,LANGUAGE_ST_RAW_INFORMATION,BASIC_Q_BFI_Extraversion,Q,423,0.1210479728250502,0.012724444135130734,0.026000380161503092,0.21392658821894106,0.03768393070788718
RAW,LANGUAGE_ST_RAW_INFORMATION,BASIC_Q_BFI_Intellect,Q,425,-0.22083406264814037,4.3053976052845785e-06,-0.30945634808444666,-0.1284086230323683,2.0926248782492646e-05
RAW,LANGUAGE_ST_RAW_INFORMATION,BASIC_Q_Beck_Anxiety,Q,425,-0.06680161581182753,0.16924602349529907,-0.16090202426956274,0.028502335996578768,0.36199843914272306
RAW,LANGUAGE_ST_RAW_INFORMATION,BASIC_Q_Beck_Depression,Q,425,-0.0018161165537637384,0.9702219134447048,-0.09692221056438492,0.0933228430813388,0.9702219134447048
RAW,LANGUAGE_ST_RAW_INFORMATION,BASIC_Q_CogFailure_Sum,Q,425,0.025081666782842918,0.6061128040702611,-0.07020867756636452,0.11991839847836408,0.7180105525140017
RAW,LANGUAGE_ST_RAW_INFORMATION,BASIC_Q_EHI_Sum,Q,425,0.06174214806701294,0.20397406071182667,-0.03357789560557698,0.15594908305275615,0.3830732359709915
RAW,LANGUAGE_ST_RAW_INFORMATION,BASIC_Q_IPAQ_MET,Q,425,0.04587944210706525,0.3454046480669875,-0.04945924480047386,0.1403895939917021,0.4977174086956117
RAW,LANGUAGE_ST_RAW_INFORMATION,BASIC_Q_MOCA_SUM,Q,427,-0.16815760856920217,0.00048392706642773353,-0.2589252361398487,-0.07444604617789997,0.0017743992435683563
RAW,LANGUAGE_ST_RAW_INFORMATION,BASIC_Q_MSPSS_Sum,Q,425,0.04327937473897996,0.37345702944479936,-0.05205777740895103,0.13783476644984002,0.504494583635957
RAW,LANGUAGE_ST_RAW_INFORMATION,BASIC_Q_PSQI_DaytimeDysfunc,Q,425,-0.016231733182568302,0.738634470969194,-0.11118290355774173,0.07901310144509095,0.824273250211999
RAW,LANGUAGE_ST_RAW_INFORMATION,BASIC_Q_PSQI_SleepDisturbance,Q,425,-0.00340528377575104,0.9441975034092803,-0.09849621658177508,0.09174727275004177,0.9702219134447048
RAW,LANGUAGE_ST_RAW_INFORMATION,BASIC_Q_PSQI_SleepDuration,Q,425,-0.06501000946645252,0.18099949788977965,-0.1591486818367358,0.030300202791718966,0.3667621404608693
RAW,LANGUAGE_ST_RAW_INFORMATION,BASIC_Q_PSQI_SleepEfficiency,Q,425,-0.018053397702940052,0.7105522938258505,-0.11298221215807522,0.07720201830922967,0.8166048749938879
RAW,LANGUAGE_ST_RAW_INFORMATION,BASIC_Q_PSQI_SleepLatency,Q,425,-0.001973917931224338,0.9676358696451306,-0.0970785277387239,0.09316641315578328,0.9702219134447048
RAW,LANGUAGE_ST_RAW_INFORMATION,BASIC_Q_PSQI_SleepMedication,Q,425,0.029173187136052114,0.5486548320700434,-0.0661331725471502,0.12395205340841206,0.6813939043450539
RAW,LANGUAGE_ST_RAW_INFORMATION,BASIC_Q_PSQI_SleepQuality,Q,423,-0.04136055208533452,0.3961557225436337,-0.1361712225808312,0.054200876038817986,0.5170167904383016
RAW,LANGUAGE_ST_RAW_INFORMATION,BASIC_Q_PSQI_Sum,Q,425,-0.025843687912541092,0.5952102857385102,-0.1206698798641007,0.0694498801851257,0.7180105525140017
RAW,LANGUAGE_ST_RAW_INFORMATION,BASIC_Q_SF36_EmotionalLimit,Q,425,0.09802734866644927,0.043404074980435206,0.0029318493795002943,0.19136576956306248,0.11936120619619682
RAW,LANGUAGE_ST_RAW_INFORMATION,BASIC_Q_SF36_EmotionalWell,Q,425,0.017311664460884134,0.7219419090134963,-0.07793951897126898,0.11224965678739844,0.8174930440299885
RAW,LANGUAGE_ST_RAW_INFORMATION,BASIC_Q_SF36_Energy,Q,425,0.06524777476123522,0.17940582550747114,-0.03006164215452674,0.15938140328207712,0.3667621404608693
RAW,LANGUAGE_ST_RAW_INFORMATION,BASIC_Q_SF36_GeneralHealth,Q,425,-0.0256708345552381,0.5976755325332948,-0.12049942682370603,0.06962201195210654,0.7180105525140017
RAW,LANGUAGE_ST_RAW_INFORMATION,BASIC_Q_SF36_Mental,Q,425,0.08618974093018864,0.075911417333204,-0.009006941218550637,0.17983815526498806,0.19483930448855694
RAW,LANGUAGE_ST_RAW_INFORMATION,BASIC_Q_SF36_Pain,Q,425,0.041356794578663585,0.39507770575376616,-0.05397839283058954,0.13594482865739738,0.5170167904383016
RAW,LANGUAGE_ST_RAW_INFORMATION,BASIC_Q_SF36_Physical,Q,425,0.05884004008458344,0.22608902471913636,-0.03648701662561841,0.15310593903371572,0.3956557932584886
RAW,LANGUAGE_ST_RAW_INFORMATION,BASIC_Q_SF36_PhysicalFunct,Q,424,-0.03604986851910104,0.4590806663807835,-0.1308357414541633,0.05938908645996968,0.5891535218553389
RAW,LANGUAGE_ST_RAW_INFORMATION,BASIC_Q_SF36_PhysicalLimit,Q,425,0.07147634489302866,0.14127357214008054,-0.023808366697743052,0.16547411866558587,0.31080185870817717
RAW,LANGUAGE_ST_RAW_INFORMATION,BASIC_Q_SF36_SocialFunc,Q,425,0.04835869782052178,0.31993769379462694,-0.046980249832670844,0.14282454029493355,0.4977174086956117
RAW,LANGUAGE_ST_RAW_INFORMATION,LANGUAGE_ST_RAW_SUM,ST,427,-0.7313594118395613,1.1987743177691564e-72,-0.77263380075683,-0.6839283596773829,1.5384270411370842e-71
RAW,LANGUAGE_ST_RAW_INFORMATION,LANGUAGE_ST_SCALED_SIMILARITY,ST,427,-0.4588837139515373,1.2609609996409122e-23,-0.5306735877303272,-0.38055656333244753,9.709399697235024e-23
RAW,LANGUAGE_ST_RAW_INFORMATION,LANGUAGE_ST_SCALED_VOCABULARY,ST,427,-0.5883385855506239,4.0378714546774756e-41,-0.6471081222396851,-0.5226184039679342,3.88645127512707e-40
RAW,LANGUAGE_ST_RAW_INFORMATION,LANGUAGE_ST_SCALED_INFORMATION,ST,427,-0.880469756640325,7.728845219934414e-140,-0.9001557346965136,-0.8571940642680336,2.97560540967475e-138
RAW,LANGUAGE_ST_RAW_INFORMATION,LANGUAGE_ST_SCALED_SUM,ST,427,-0.7768899658117978,2.0400372107934047e-87,-0.8119288476439408,-0.7362732599855168,3.1416573046218432e-86
RAW,LANGUAGE_ST_RAW_INFORMATION,LANGUAGE_ST_NORM_SIMILARITY,ST,427,-0.5373923657673219,2.5363014230399052e-33,-0.6016108104704655,-0.46627186360941597,2.1699467730452524e-32
RAW,LANGUAGE_ST_RAW_INFORMATION,LANGUAGE_ST_NORM_VOCABULARY,ST,427,-0.6105801215178458,5.593050797543237e-45,-0.6668404340166484,-0.5473989138998478,6.152355877297561e-44
RAW,LANGUAGE_ST_RAW_INFORMATION,LANGUAGE_ST_NORM_INFORMATION,ST,427,-0.9051168593647791,5.842235951922549e-160,-0.9209143111953866,-0.8863505456807051,4.498521682980363e-158
RAW,LANGUAGE_ST_RAW_INFORMATION,LANGUAGE_ST_NORM_VCI,ST,427,-0.8012381834646747,7.722977883771512e-97,-0.8328130202913274,-0.7644664685262469,1.9822309901680216e-95
RAW,LANGUAGE_ST_RAW_INFORMATION,LANGUAGE_ST_NORM_PR,ST,427,-0.7948127007596908,3.1454035709828593e-94,-0.8273104138895226,-0.7570126075359714,6.054901874142004e-93
RAW,LANGUAGE_ST_RAW_INFORMATION,MEMORY_ST_NORM_AudImm,ST,425,-0.3198398737102296,1.4539123537752334e-11,-0.40271061297755056,-0.23176837472545941,1.0177386476426634e-10
RAW,LANGUAGE_ST_RAW_INFORMATION,MEMORY_ST_NORM_VisImm,ST,425,-0.1582421515358161,0.0010630535251310734,-0.24960778246790416,-0.06408393353493153,0.003410630059795527
RAW,LANGUAGE_ST_RAW_INFORMATION,MEMORY_ST_NORM_ImmMem,ST,425,-0.2680541826372107,1.9902455912813385e-08,-0.35414695491660064,-0.17745613465640986,1.1788377732974082e-07
RAW,LANGUAGE_ST_RAW_INFORMATION,MEMORY_ST_NORM_WorMem,ST,425,-0.2885371773340123,1.359578097839688e-09,-0.3734111940219223,-0.1988726940531762,8.723959461137997e-09
RAW,LANGUAGE_ST_RAW_INFORMATION,MEMORY_ST_SCALED_AudImm,ST,425,-0.17943188740257535,0.00020048072473395252,-0.269947246544756,-0.08577302977968829,0.0008124745160270708
RAW,LANGUAGE_ST_RAW_INFORMATION,MEMORY_ST_SCALED_VisImm,ST,425,-0.05947430306764644,0.22111582344420222,-0.15372744858619777,0.03585135886223984,0.3956557932584886
RAW,LANGUAGE_ST_RAW_INFORMATION,MEMORY_ST_SCALED_ImmMem,ST,425,-0.14799423462679953,0.002221852248703476,-0.23974207179521284,-0.053626328597246274,0.006843304926006706
RAW,LANGUAGE_ST_RAW_INFORMATION,MEMORY_ST_SCALED_WorMem,ST,425,-0.18315216499262502,0.00014656251404193013,-0.273509925468621,-0.08959016293482165,0.0006269618656238122
RAW,LANGUAGE_ST_RAW_INFORMATION,MEMORY_ST_RAW_AudImm,ST,425,-0.22073715519874954,4.348311435323147e-06,-0.3093642275072813,-0.12830842809027546,2.0926248782492646e-05
RAW,LANGUAGE_ST_RAW_INFORMATION,MEMORY_ST_RAW_VisImm,ST,425,-0.05941895207864159,0.2215466883024307,-0.1536732135361057,0.03590683464333385,0.3956557932584886
RAW,LANGUAGE_ST_RAW_INFORMATION,MEMORY_ST_RAW_ImmMem,ST,425,-0.16118785268287614,0.0008529356946478245,-0.2524401154931209,-0.06709373951081746,0.002855480369038369
RAW,LANGUAGE_ST_RAW_INFORMATION,MEMORY_ST_RAW_WorMem,ST,425,-0.16617423962515535,0.0005825219193357136,-0.2572310353194838,-0.07219254697941292,0.0020388267176749976
RAW,LANGUAGE_ST_RAW_INFORMATION,MEMORY_ST_SCALED_LogMemI,ST,425,-0.2642406657218691,3.202122098400137e-08,-0.35055225953818464,-0.17347825991317217,1.761167154120075e-07
RAW,LANGUAGE_ST_RAW_INFORMATION,MEMORY_ST_SCALED_FacI,ST,425,-0.03284247323904387,0.4995150120103318,-0.12756678349879935,0.06247554240773625,0.6305353430294353
RAW,LANGUAGE_ST_RAW_INFORMATION,MEMORY_ST_SCALED_VerPairI,ST,425,-0.0962661641309172,0.04732932054626414,-0.18965233443398086,-0.0011538927286646947,0.12566750627801168
RAW,LANGUAGE_ST_RAW_INFORMATION,MEMORY_ST_SCALED_FamPicI,ST,425,-0.05812563190931646,0.23178529629489894,-0.15240580649260183,0.037202903461784474,0.39661039588238267
RAW,LANGUAGE_ST_RAW_INFORMATION,MEMORY_ST_SCALED_LetNumSeq,ST,425,-0.21753379727066027,6.020301210852724e-06,-0.3063181671229125,-0.12499746101946713,2.7268423131509398e-05
RAW,LANGUAGE_ST_RAW_INFORMATION,MEMORY_ST_SCALED_SpaForward,ST,425,-0.056936619578299055,0.24148952346081504,-0.1512403437124547,0.038394159873924354,0.40273820291967527
RAW,LANGUAGE_ST_RAW_INFORMATION,MEMORY_ST_SCALED_SpaBackward,ST,425,-0.06337800831138637,0.1922218731003282,-0.15755101884002756,0.031937370109759625,0.3700271057181318
RAW,LANGUAGE_ST_RAW_INFORMATION,MEMORY_ST_SCALED_SpaTotal,ST,425,-0.05641598456735259,0.24582721476915242,-0.15072993783745156,0.03891569221825034,0.40273820291967527
RAW,LANGUAGE_ST_RAW_INFORMATION,MOTOR_ST_RAW_HEIGHT,ST,423,-0.0477978098764272,0.32673701465511534,-0.1424960765719493,0.047767566299162144,0.4977174086956117
RAW,LANGUAGE_ST_RAW_INFORMATION,MOTOR_ST_RAW_WEIGHT,ST,423,-0.0137996865021867,0.7771835204929713,-0.10900394237152285,0.08165543288911041,0.8549018725422685
RAW,LANGUAGE_ST_RAW_INFORMATION,MOTOR_ST_RAW_PegboardSum,ST,423,0.0452264387536566,0.35346312000704155,-0.05033831170459996,0.13997053256258407,0.4977174086956117
RAW,LANGUAGE_ST_RAW_INFORMATION,MOTOR_ST_NORM_BMI,ST,422,-0.008490172138006737,0.8619469230603439,-0.10386669083877033,0.0870410730631136,0.9218043482728677
RAW,LANGUAGE_ST_RAW_INFORMATION,MOTOR_ST_NORM_WHR,ST,422,0.003898672198532115,0.9363551548865738,-0.09159611747213628,0.0993224077257843,0.9702219134447048
RAW,LANGUAGE_ST_RAW_INFORMATION,MOTOR_ST_NORM_AerobicRating,ST,411,0.04571281102493789,0.3552766427023094,-0.05124483907803369,0.14181677196072923,0.4977174086956117
RAW,LANGUAGE_ST_RAW_INFORMATION,MOTOR_ST_NORM_FunctionalReaching,ST,422,-0.06449454613565661,0.18605649506955743,-0.1589764768736886,0.031157984402470962,0.367342310778357
RAW,LANGUAGE_ST_RAW_INFORMATION,MOTOR_ST_NORM_BestLegEyeClose,ST,413,-0.020979320612404987,0.6707603087277089,-0.11723828654354677,0.07567017440544645,0.7825536935156604
RAW,LANGUAGE_ST_RAW_INFORMATION,MOTOR_ST_NORM_PegboardDominant,ST,422,0.10005699625493383,0.0399276869269985,0.004640620850139247,0.19366787576700403,0.11386784790292166
RAW,LANGUAGE_ST_RAW_INFORMATION,MOTOR_ST_NORM_PegboardNondominant,ST,422,-0.0435456113837812,0.37222585719318957,-0.13843086920230235,0.052131795338245385,0.504494583635957
RAW,LANGUAGE_ST_RAW_INFORMATION,MOTOR_ST_NORM_PegboardSum,ST,422,-0.04721023197764786,0.3333013094996314,-0.14203083884440912,0.048468904235683126,0.4977174086956117
RAW,LANGUAGE_ST_RAW_INFORMATION,MOTOR_ST_NORM_PegboardBoth,ST,422,0.002169070750768973,0.9645645799642024,-0.09331095065479361,0.09760955996200697,0.9702219134447048
RAW,LANGUAGE_ST_RAW_INFORMATION,MOTOR_ST_NORM_PegboardAssemble,ST,422,0.07400314193568827,0.1290667405869745,-0.021610221480402914,0.16827508118486392,0.30115572803627383
RAW,LANGUAGE_ST_RAW_INFORMATION,MOTOR_ST_NORM_WaisSpeed,ST,422,-0.17150938604930155,0.00040155034724160903,-0.26266955378804663,-0.07731451026379092,0.001545968836880195
RAW,LANGUAGE_ST_RAW_INFORMATION,MOTOR_ST_SCALED_FineMotor,ST,423,0.08526539426496291,0.07983363885252685,-0.010164924904450267,0.17915655676509498,0.19829645779498606
RAW,LANGUAGE_ST_RAW_INFORMATION,MOTOR_ST_SCALED_Balance,ST,413,0.07311619523014425,0.13797370143411847,-0.02354624019766775,0.1684241942444508,0.31080185870817717
RAW,LANGUAGE_ST_RAW_INFORMATION,MOTOR_ST_SCALED_ProcessingSpeed,ST,423,-0.0450344445290726,0.3555124347825798,-0.13978191059658143,0.05053020841679894,0.4977174086956117
RAW,MEMORY_ST_RAW_LogMemI,BASIC_Q_BFI_Agreeableness,Q,425,0.004662413101617824,0.9236511859382863,-0.0905005618010786,0.09974101549098421,0.97324456458274
RAW,MEMORY_ST_RAW_LogMemI,BASIC_Q_BFI_Conscientiousness,Q,425,0.018785724547540038,0.6993699433422358,-0.07647376808724003,0.11370537628875949,0.8276629523276839
RAW,MEMORY_ST_RAW_LogMemI,BASIC_Q_BFI_EmotionalStability,Q,425,0.07040231639445137,0.14736419760562344,-0.024887187544072136,0.16442402808864254,0.290949826041872
RAW,MEMORY_ST_RAW_LogMemI,BASIC_Q_BFI_Extraversion,Q,423,0.06443905058163309,0.1859122195195858,-0.031099709355125005,0.15881097761540738,0.3491522171465392
RAW,MEMORY_ST_RAW_LogMemI,BASIC_Q_BFI_Intellect,Q,425,-0.08624742532627315,0.07571472053009481,-0.1798943915028009,0.008948829490061726,0.17147157296521473
RAW,MEMORY_ST_RAW_LogMemI,BASIC_Q_Beck_Anxiety,Q,425,-0.033863948223525814,0.48626175505418157,-0.12857262333399366,0.061456856470121966,0.6933732433179997
RAW,MEMORY_ST_RAW_LogMemI,BASIC_Q_Beck_Depression,Q,425,-0.020745450184166278,0.6697692446847896,-0.11564008768204155,0.07452445156725318,0.8276629523276839
RAW,MEMORY_ST_RAW_LogMemI,BASIC_Q_CogFailure_Sum,Q,425,-0.050711112745143304,0.29693505087420813,-0.14513385596094963,0.04462699601223468,0.5080888648292006
RAW,MEMORY_ST_RAW_LogMemI,BASIC_Q_EHI_Sum,Q,425,0.12783638722250315,0.008327701481781021,0.03311624837285979,0.22028057789436797,0.022901179074897807
RAW,MEMORY_ST_RAW_LogMemI,BASIC_Q_IPAQ_MET,Q,425,0.029236044850458023,0.54779342836916,-0.06607053606345001,0.12401399772008967,0.766910799716824
RAW,MEMORY_ST_RAW_LogMemI,BASIC_Q_MOCA_SUM,Q,425,-0.214425849828659,8.216722383698736e-06,-0.3033610934245166,-0.12178707820949303,2.5307504941792107e-05
RAW,MEMORY_ST_RAW_LogMemI,BASIC_Q_MSPSS_Sum,Q,425,0.0016316972413126546,0.9732445645827399,-0.09350565365323854,0.09673951986441073,0.97324456458274
RAW,MEMORY_ST_RAW_LogMemI,BASIC_Q_PSQI_DaytimeDysfunc,Q,425,-0.04444887266137496,0.36066952372653405,-0.13898407143144223,0.05088912954059348,0.5703209877536516
RAW,MEMORY_ST_RAW_LogMemI,BASIC_Q_PSQI_SleepDisturbance,Q,425,-0.0719918755627528,0.13841944245761884,-0.16597808350573137,0.023290456876846565,0.2804815018220171
RAW,MEMORY_ST_RAW_LogMemI,BASIC_Q_PSQI_SleepDuration,Q,425,-0.04424014102718885,0.36293153766141467,-0.1387789624954178,0.051097728600239596,0.5703209877536516
RAW,MEMORY_ST_RAW_LogMemI,BASIC_Q_PSQI_SleepEfficiency,Q,425,-0.09151665677196337,0.0594210444809587,-0.1850287591827779,0.0036378496136341113,0.14298188828230687
RAW,MEMORY_ST_RAW_LogMemI,BASIC_Q_PSQI_SleepLatency,Q,425,0.012734533367872348,0.7935014259763458,-0.08248822605399578,0.10772687668542079,0.8985236735320387
RAW,MEMORY_ST_RAW_LogMemI,BASIC_Q_PSQI_SleepMedication,Q,425,-0.07367393905075184,0.1294143581412611,-0.16762206888869663,0.02160027500382777,0.278317698056844
RAW,MEMORY_ST_RAW_LogMemI,BASIC_Q_PSQI_SleepQuality,Q,423,-0.02360640034874969,0.6282845485086594,-0.11868693772787998,0.0719031200868794,0.8199645802570641
RAW,MEMORY_ST_RAW_LogMemI,BASIC_Q_PSQI_Sum,Q,425,-0.07272018650767313,0.13446301225633,-0.16668997127713736,0.022558697636429363,0.2798284309118219
RAW,MEMORY_ST_RAW_LogMemI,BASIC_Q_SF36_EmotionalLimit,Q,425,-0.006571951677060794,0.892543333525221,-0.10163125536611187,0.08860627761565265,0.97324456458274
RAW,MEMORY_ST_RAW_LogMemI,BASIC_Q_SF36_EmotionalWell,Q,425,0.0018847292840952373,0.9690974503378565,-0.09325482724145108,0.09699017853321971,0.97324456458274
RAW,MEMORY_ST_RAW_LogMemI,BASIC_Q_SF36_Energy,Q,425,0.0341058369122364,0.4831513179617186,-0.06121559915313199,0.1288107810357162,0.6933732433179997
RAW,MEMORY_ST_RAW_LogMemI,BASIC_Q_SF36_GeneralHealth,Q,425,0.019424638965253427,0.6896666564331281,-0.0758383272687198,0.11433621460529898,0.8276629523276839
RAW,MEMORY_ST_RAW_LogMemI,BASIC_Q_SF36_Mental,Q,425,0.0021308612482721645,0.9650642240042436,-0.09301082917433955,0.09723399026949736,0.97324456458274
RAW,MEMORY_ST_RAW_LogMemI,BASIC_Q_SF36_Pain,Q,425,0.022807069940486823,0.6391725499554713,-0.07247299600873151,0.11767461573951132,0.8202714391095216
RAW,MEMORY_ST_RAW_LogMemI,BASIC_Q_SF36_Physical,Q,425,0.027533001237603317,0.5713645611969407,-0.06776732026608492,0.12233544033981929,0.7823322141494091
RAW,MEMORY_ST_RAW_LogMemI,BASIC_Q_SF36_PhysicalFunct,Q,424,-0.057723883444125414,0.2355876367594547,-0.1521226734604984,0.037718527723797204,0.4218662332669305
RAW,MEMORY_ST_RAW_LogMemI,BASIC_Q_SF36_PhysicalLimit,Q,425,0.016143265204544673,0.7400075056053244,-0.07910103953931656,0.1110955054279725,0.8504563870389549
RAW,MEMORY_ST_RAW_LogMemI,BASIC_Q_SF36_SocialFunc,Q,425,-0.0432561848883988,0.37371338666868686,-0.13781197442803567,0.05208094776401938,0.5755186154697778
RAW,MEMORY_ST_RAW_LogMemI,LANGUAGE_ST_RAW_SUM,ST,425,-0.30793610956755557,8.704846205692551e-11,-0.3915886285074246,-0.2192350516073896,6.702731578383264e-10
RAW,MEMORY_ST_RAW_LogMemI,LANGUAGE_ST_SCALED_SIMILARITY,ST,425,-0.2595189766782753,5.710630997497318e-08,-0.3460979769269508,-0.1685571718919055,2.442881037818297e-07
RAW,MEMORY_ST_RAW_LogMemI,LANGUAGE_ST_SCALED_VOCABULARY,ST,425,-0.25825131994514555,6.657335305354202e-08,-0.3449014472307515,-0.16723675313458652,2.697972729011966e-07
RAW,MEMORY_ST_RAW_LogMemI,LANGUAGE_ST_SCALED_INFORMATION,ST,425,-0.291498634421435,9.0556459494673e-10,-0.376190398090586,-0.20197622939462556,5.8107061509081844e-09
RAW,MEMORY_ST_RAW_LogMemI,LANGUAGE_ST_SCALED_SUM,ST,425,-0.3144497558078225,3.301900688450267e-11,-0.3976775207913628,-0.22608956282682363,2.9920354518394014e-10
RAW,MEMORY_ST_RAW_LogMemI,LANGUAGE_ST_NORM_SIMILARITY,ST,425,-0.2707809347945034,1.4100700139394988e-08,-0.3567156857521787,-0.18030222272123872,7.755385076667242e-08
RAW,MEMORY_ST_RAW_LogMemI,LANGUAGE_ST_NORM_VOCABULARY,ST,425,-0.2711224576980937,1.3501364325061122e-08,-0.35703732510719893,-0.18065879911904922,7.755385076667242e-08
RAW,MEMORY_ST_RAW_LogMemI,LANGUAGE_ST_NORM_INFORMATION,ST,425,-0.2686642638524852,1.8431688360362007e-08,-0.3547217934091874,-0.17809278441196474,9.46160002498583e-08
RAW,MEMORY_ST_RAW_LogMemI,LANGUAGE_ST_NORM_VCI,ST,425,-0.31406807101634715,3.4971842943577417e-11,-0.39732092768934685,-0.22568766262805978,2.9920354518394014e-10
RAW,MEMORY_ST_RAW_LogMemI,LANGUAGE_ST_NORM_PR,ST,425,-0.29784360904869733,3.7315059729377604e-10,-0.38213976636243707,-0.2086316672408165,2.6120541810564324e-09
RAW,MEMORY_ST_RAW_LogMemI,MEMORY_ST_NORM_AudImm,ST,425,-0.6571477069273955,6.911254926116962e-54,-0.7080128359612994,-0.5994994316069548,2.6608331465550303e-52
RAW,MEMORY_ST_RAW_LogMemI,MEMORY_ST_NORM_VisImm,ST,425,-0.2286170222282525,1.9130779450607148e-06,-0.31684943047382746,-0.1364617778338317,7.014619131889288e-06
RAW,MEMORY_ST_RAW_LogMemI,MEMORY_ST_NORM_ImmMem,ST,425,-0.4930320009078879,2.048876658222585e-27,-0.5618068807611588,-0.41748880490711293,2.629391711385651e-26
RAW,MEMORY_ST_RAW_LogMemI,MEMORY_ST_NORM_WorMem,ST,425,-0.22442675641820545,2.9713689992843358e-06,-0.31287040239901326,-0.13212452763312593,9.533142206037244e-06
RAW,MEMORY_ST_RAW_LogMemI,MEMORY_ST_SCALED_AudImm,ST,425,-0.50331644603904,1.1239456254735718e-28,-0.5710969392140637,-0.4287193572291615,1.7308762632293008e-27
RAW,MEMORY_ST_RAW_LogMemI,MEMORY_ST_SCALED_VisImm,ST,425,-0.2600297797976345,5.367117472047379e-08,-0.3465800397634424,-0.16908932779701683,2.430988502044989e-07
RAW,MEMORY_ST_RAW_LogMemI,MEMORY_ST_SCALED_ImmMem,ST,425,-0.4541603055037886,5.1194903516054077e-23,-0.5265362420629648,-0.37524858844231807,5.631439386765949e-22
RAW,MEMORY_ST_RAW_LogMemI,MEMORY_ST_SCALED_WorMem,ST,425,-0.19468384354244364,5.3356881675220275e-05,-0.2845373679923587,-0.10143955268537957,0.00015801845726892157
RAW,MEMORY_ST_RAW_LogMemI,MEMORY_ST_RAW_AudImm,ST,425,-0.6473818877037443,7.635993938813293e-52,-0.6994330755184233,-0.5884993095862827,1.9599051109620783e-50
RAW,MEMORY_ST_RAW_LogMemI,MEMORY_ST_RAW_VisImm,ST,425,-0.25474852815170557,1.0128450521136157e-07,-0.34159372900657203,-0.16358986596920663,3.89945345063742e-07
RAW,MEMORY_ST_RAW_LogMemI,MEMORY_ST_RAW_ImmMem,ST,425,-0.5142368473851461,4.616783333227149e-30,-0.580942494799852,-0.4406696605549506,8.887307916462262e-29
RAW,MEMORY_ST_RAW_LogMemI,MEMORY_ST_RAW_WorMem,ST,425,-0.1779749053286515,0.00022626958823228878,-0.2685513095569247,-0.08427886479359666,0.0006452873442180087
RAW,MEMORY_ST_RAW_LogMemI,MEMORY_ST_SCALED_LogMemI,ST,425,-0.8157241310305614,1.2944492705573515e-102,-0.8452598786790744,-0.7812192122891486,9.967259383291607e-101
RAW,MEMORY_ST_RAW_LogMemI,MEMORY_ST_SCALED_FacI,ST,425,-0.09472516202110438,0.0510038014486843,-0.18815264540290572,0.00040129155266627826,0.1283063138053639
RAW,MEMORY_ST_RAW_LogMemI,MEMORY_ST_SCALED_VerPairI,ST,425,-0.22639848655551698,2.4178576539097746e-06,-0.31474312138652266,-0.1341649811188841,8.094566928306637e-06
RAW,MEMORY_ST_RAW_LogMemI,MEMORY_ST_SCALED_FamPicI,ST,425,-0.2645454399871189,3.083549901270233e-08,-0.3508396392327678,-0.1737960607245118,1.4839583899862998e-07
RAW,MEMORY_ST_RAW_LogMemI,MEMORY_ST_SCALED_LetNumSeq,ST,425,-0.22712094363888222,2.240916425761048e-06,-0.3154291278891432,-0.13491281480011552,7.843207490163668e-06
RAW,MEMORY_ST_RAW_LogMemI,MEMORY_ST_SCALED_SpaForward,ST,425,-0.0944614843188612,0.05165578867488676,-0.18789599303784837,0.0006673498417822966,0.1283063138053639
RAW,MEMORY_ST_RAW_LogMemI,MEMORY_ST_SCALED_SpaBackward,ST,425,-0.03546669989003812,0.46585437593797085,-0.1301504499358573,0.05985808063157616,0.6933732433179997
RAW,MEMORY_ST_RAW_LogMemI,MEMORY_ST_SCALED_SpaTotal,ST,425,-0.06706109646754656,0.16759216037444222,-0.1611559138827714,0.02824189750276523,0.3226149087208013
RAW,MEMORY_ST_RAW_LogMemI,MOTOR_ST_RAW_HEIGHT,ST,423,0.03514228506532919,0.47099932675283357,-0.06040780528117976,0.1300541876805063,0.6933732433179997
RAW,MEMORY_ST_RAW_LogMemI,MOTOR_ST_RAW_WEIGHT,ST,423,0.021018324704906517,0.6664308720000122,-0.07447861382728249,0.11613326778292267,0.8276629523276839
RAW,MEMORY_ST_RAW_LogMemI,MOTOR_ST_RAW_PegboardSum,ST,423,0.0026106161211627904,0.9573067149491592,-0.09276015316109565,0.09793391856164294,0.97324456458274
RAW,MEMORY_ST_RAW_LogMemI,MOTOR_ST_NORM_BMI,ST,422,0.018191701267589722,0.7094253877094434,-0.07740341727528961,0.1134553758534637,0.8276629523276839
RAW,MEMORY_ST_RAW_LogMemI,MOTOR_ST_NORM_WHR,ST,422,0.04925510455828761,0.3127629970397982,-0.046423877459819386,0.1440385462065966,0.5235380602622709
RAW,MEMORY_ST_RAW_LogMemI,MOTOR_ST_NORM_AerobicRating,ST,411,0.0481032153473154,0.3306546475217882,-0.048855164577690784,0.14416346517295098,0.541710805514419
RAW,MEMORY_ST_RAW_LogMemI,MOTOR_ST_NORM_FunctionalReaching,ST,422,-0.05200903111402578,0.2864438690133997,-0.1467411880892335,0.04366847528704918,0.5012767707734495
RAW,MEMORY_ST_RAW_LogMemI,MOTOR_ST_NORM_BestLegEyeClose,ST,413,0.019149689857563296,0.6979984531836412,-0.07748980784746222,0.11543269102776815,0.8276629523276839
RAW,MEMORY_ST_RAW_LogMemI,MOTOR_ST_NORM_PegboardDominant,ST,422,-0.005927765045915961,0.9033648629046217,-0.10133112528923076,0.08958362786201218,0.97324456458274
RAW,MEMORY_ST_RAW_LogMemI,MOTOR_ST_NORM_PegboardNondominant,ST,422,0.06051344128071478,0.2147699365596195,-0.035150310297663995,0.15507830766971226,0.3937448836926358
RAW,MEMORY_ST_RAW_LogMemI,MOTOR_ST_NORM_PegboardSum,ST,422,-0.07380020326888721,0.1301225601304725,-0.16807679935449887,0.021814178379823714,0.278317698056844
RAW,MEMORY_ST_RAW_LogMemI,MOTOR_ST_NORM_PegboardBoth,ST,422,-0.007106332239022948,0.884275340159729,-0.1024975007961469,0.08841434622869991,0.97324456458274
RAW,MEMORY_ST_RAW_LogMemI,MOTOR_ST_NORM_PegboardAssemble,ST,422,-0.02667643208186176,0.5847387035933267,-0.12182689404210255,0.06895987810264258,0.7823322141494091
RAW,MEMORY_ST_RAW_LogMemI,MOTOR_ST_NORM_WaisSpeed,ST,422,-0.10179141553057655,0.0365913921728715,-0.19535384695302535,-0.0063928348716742805,0.09715645507969331
RAW,MEMORY_ST_RAW_LogMemI,MOTOR_ST_SCALED_FineMotor,ST,423,-0.02632254316656276,0.589289200268386,-0.12136562031003799,0.0691988113329257,0.7823322141494091
RAW,MEMORY_ST_RAW_LogMemI,MOTOR_ST_SCALED_Balance,ST,413,-0.005351039798019369,0.9136647885368618,-0.10179478377156442,0.09119235416014898,0.97324456458274
RAW,MEMORY_ST_RAW_LogMemI,MOTOR_ST_SCALED_ProcessingSpeed,ST,423,-0.08927413659492982,0.06660519855910212,-0.18306356434111107,0.006125685519578604,0.15541212997123827
RAW,MEMORY_ST_RAW_FacI,BASIC_Q_BFI_Agreeableness,Q,425,-0.0023061949852848356,0.9621916655658882,-0.09740766421526197,0.09283700856315921,0.9815339396161236
RAW,MEMORY_ST_RAW_FacI,BASIC_Q_BFI_Conscientiousness,Q,425,-0.04414790608086491,0.36393389590723213,-0.1386883257736808,0.05118990231411026,0.8456972040333386
RAW,MEMORY_ST_RAW_FacI,BASIC_Q_BFI_EmotionalStability,Q,425,-0.06648367259988504,0.17128910487155552,-0.16059091481597376,0.028821435213884493,0.5995118670504443
RAW,MEMORY_ST_RAW_FacI,BASIC_Q_BFI_Extraversion,Q,423,0.023716934382926026,0.6266762565546915,-0.07179309504581599,0.11879597433056101,0.8496667998264383
RAW,MEMORY_ST_RAW_FacI,BASIC_Q_BFI_Intellect,Q,425,-0.005564860149030926,0.9089321762862255,-0.10063442751463794,0.08960540977821246,0.9815339396161236
RAW,MEMORY_ST_RAW_FacI,BASIC_Q_Beck_Anxiety,Q,425,0.06713222022744891,0.1671409549358161,-0.02817050893964047,0.16122550296088364,0.5995118670504443
RAW,MEMORY_ST_RAW_FacI,BASIC_Q_Beck_Depression,Q,425,0.04847792814215201,0.31874460677254834,-0.04686100244639112,0.1429416109137048,0.7669792100464444
RAW,MEMORY_ST_RAW_FacI,BASIC_Q_CogFailure_Sum,Q,425,0.03060528662490835,0.5291963114939736,-0.06470592698866426,0.1253631593844656,0.8496667998264383
RAW,MEMORY_ST_RAW_FacI,BASIC_Q_EHI_Sum,Q,425,-0.11457264487010976,0.018137225988889682,-0.2074347600275898,-0.019664116023352232,0.10742818470342351
RAW,MEMORY_ST_RAW_FacI,BASIC_Q_IPAQ_MET,Q,425,-0.03319477602209605,0.494922534101581,-0.1279137157917232,0.062124223991129046,0.8496667998264383
RAW,MEMORY_ST_RAW_FacI,BASIC_Q_MOCA_SUM,Q,425,-0.0432822963604548,0.37342473944329235,-0.13783763794292744,0.05205485823637826,0.8456972040333386
RAW,MEMORY_ST_RAW_FacI,BASIC_Q_MSPSS_Sum,Q,425,0.008498033667059948,0.8613321535775142,-0.08669488448210946,0.1035371763834614,0.9792025230792047
RAW,MEMORY_ST_RAW_FacI,BASIC_Q_PSQI_DaytimeDysfunc,Q,425,0.027122903104967386,0.5771115681532198,-0.06817582877102565,0.1219311575284704,0.8496667998264383
RAW,MEMORY_ST_RAW_FacI,BASIC_Q_PSQI_SleepDisturbance,Q,425,0.0030698561292510926,0.9496865046105346,-0.09207987015485282,0.09816402864061148,0.9815339396161236
RAW,MEMORY_ST_RAW_FacI,BASIC_Q_PSQI_SleepDuration,Q,425,-0.04115762620521019,0.39735979048594006,-0.13574900248674732,0.05417731735403036,0.8496667998264383
RAW,MEMORY_ST_RAW_FacI,BASIC_Q_PSQI_SleepEfficiency,Q,425,-0.05838342473694728,0.22971821079519875,-0.15265845889763674,0.03694458834513937,0.6817997235511992
RAW,MEMORY_ST_RAW_FacI,BASIC_Q_PSQI_SleepLatency,Q,425,-0.020630047469287982,0.6714988036357051,-0.11552617793375924,0.07463926149660699,0.8763628454228695
RAW,MEMORY_ST_RAW_FacI,BASIC_Q_PSQI_SleepMedication,Q,425,-0.023503232818923723,0.628974124546844,-0.11836145053599881,0.07178008322263305,0.8496667998264383
RAW,MEMORY_ST_RAW_FacI,BASIC_Q_PSQI_SleepQuality,Q,423,-0.02504164028818401,0.6075407537581492,-0.12010255572218874,0.07047430833926337,0.8496667998264383
RAW,MEMORY_ST_RAW_FacI,BASIC_Q_PSQI_Sum,Q,425,-0.03360001620055801,0.4896679175821878,-0.12831274983973137,0.06172008687783613,0.8496667998264383
RAW,MEMORY_ST_RAW_FacI,BASIC_Q_SF36_EmotionalLimit,Q,425,-0.004029852390712232,0.9339841743453571,-0.0991146963812426,0.09112791749028876,0.9815339396161236
RAW,MEMORY_ST_RAW_FacI,BASIC_Q_SF36_EmotionalWell,Q,425,-0.0013553365577231766,0.9777748475388901,-0.09646573758683098,0.09377959155736096,0.9815339396161236
RAW,MEMORY_ST_RAW_FacI,BASIC_Q_SF36_Energy,Q,425,0.02434788463321465,0.6166946160142506,-0.07093925122732456,0.11919466276660692,0.8496667998264383
RAW,MEMORY_ST_RAW_FacI,BASIC_Q_SF36_GeneralHealth,Q,425,-0.011459285194311563,0.8137809544639948,-0.10646607067352255,0.08375484864366972,0.9733281609478909
RAW,MEMORY_ST_RAW_FacI,BASIC_Q_SF36_Mental,Q,425,0.01017807685968032,0.8342812808124779,-0.0850270813273435,0.10519906426471774,0.9733281609478909
RAW,MEMORY_ST_RAW_FacI,BASIC_Q_SF36_Pain,Q,425,-0.004043828359962148,0.9337557482470006,-0.09912853526079027,0.09111405733812541,0.9815339396161236
RAW,MEMORY_ST_RAW_FacI,BASIC_Q_SF36_Physical,Q,425,0.01657287862014867,0.7333476564285683,-0.07867398543714242,0.11151990975328437,0.9375875453311973
RAW,MEMORY_ST_RAW_FacI,BASIC_Q_SF36_PhysicalFunct,Q,424,0.008296326388483658,0.8647502801218951,-0.08700747801055037,0.10344965039346776,0.9792025230792047
RAW,MEMORY_ST_RAW_FacI,BASIC_Q_SF36_PhysicalLimit,Q,425,0.023535789882149168,0.628498882574673,-0.07174767590338169,0.11839356913641477,0.8496667998264383
RAW,MEMORY_ST_RAW_FacI,BASIC_Q_SF36_SocialFunc,Q,425,0.014705371502278254,0.7624367232800615,-0.08053011308782837,0.10967479429776826,0.9375875453311973
RAW,MEMORY_ST_RAW_FacI,LANGUAGE_ST_RAW_SUM,ST,425,-0.032863863618325315,0.4992355341258686,-0.1275878484649402,0.06245421246868213,0.8496667998264383
RAW,MEMORY_ST_RAW_FacI,LANGUAGE_ST_SCALED_SIMILARITY,ST,425,-0.08579567286162507,0.0772662800387813,-0.17945396384215143,0.009403911387374283,0.37184397268663505
RAW,MEMORY_ST_RAW_FacI,LANGUAGE_ST_SCALED_VOCABULARY,ST,425,-0.014620656523221233,0.7637645951433146,-0.10959107954130483,0.08061429620709819,0.9375875453311973
RAW,MEMORY_ST_RAW_FacI,LANGUAGE_ST_SCALED_INFORMATION,ST,425,0.0011260542641767244,0.9815339396161235,-0.09400685286241442,0.09623858354058346,0.9815339396161236
RAW,MEMORY_ST_RAW_FacI,LANGUAGE_ST_SCALED_SUM,ST,425,-0.032074126570553085,0.5096085593762791,-0.1268100690661224,0.0632416603184575,0.8496667998264383
RAW,MEMORY_ST_RAW_FacI,LANGUAGE_ST_NORM_SIMILARITY,ST,425,-0.117964681788481,0.014964246203376311,-0.21072296857653597,-0.023101064229671134,0.096020579804998
RAW,MEMORY_ST_RAW_FacI,LANGUAGE_ST_NORM_VOCABULARY,ST,425,-0.02464850736174211,0.6123495915207207,-0.11949118176507692,0.07063995534390577,0.8496667998264383
RAW,MEMORY_ST_RAW_FacI,LANGUAGE_ST_NORM_INFORMATION,ST,425,-0.02940964111926331,0.5454179269809849,-0.12418506757670457,0.06589754687321198,0.8496667998264383
RAW,MEMORY_ST_RAW_FacI,LANGUAGE_ST_NORM_VCI,ST,425,-0.05703119708457436,0.24070734504097904,-0.1513330576177937,0.038299413785348145,0.6817997235511992
RAW,MEMORY_ST_RAW_FacI,LANGUAGE_ST_NORM_PR,ST,425,-0.0692344818067556,0.15421157711047892,-0.16328198027073468,0.026059981232006642,0.5937145718753438
RAW,MEMORY_ST_RAW_FacI,MEMORY_ST_NORM_AudImm,ST,425,-0.17817888496213347,0.0002224811454811595,-0.26874676569386113,-0.08448802472699307,0.00214138102525616
RAW,MEMORY_ST_RAW_FacI,MEMORY_ST_NORM_VisImm,ST,425,-0.5478384536210639,1.1724176453969015e-34,-0.611114903096756,-0.47760451784864427,4.513807934778071e-33
RAW,MEMORY_ST_RAW_FacI,MEMORY_ST_NORM_ImmMem,ST,425,-0.42851557761917347,2.073573060974909e-20,-0.5031300217195919,-0.3475598412903632,5.322170856502267e-19
RAW,MEMORY_ST_RAW_FacI,MEMORY_ST_NORM_WorMem,ST,425,-0.08170836059137039,0.09250798298962269,-0.17546740752409867,0.0135195555971135,0.41900674648240865
RAW,MEMORY_ST_RAW_FacI,MEMORY_ST_SCALED_AudImm,ST,425,-0.1233433294029515,0.01092702599753837,-0.21593267920630085,-0.028555527037011183,0.07648918198276859
RAW,MEMORY_ST_RAW_FacI,MEMORY_ST_SCALED_VisImm,ST,425,-0.21002335755164198,1.2667102579371393e-05,-0.29916938401064513,-0.11724279853721745,0.00019507337972231943
RAW,MEMORY_ST_RAW_FacI,MEMORY_ST_SCALED_ImmMem,ST,425,-0.1725607104030173,0.0003518410915168636,-0.263360624519112,-0.0787301865254413,0.0030101960051998333
RAW,MEMORY_ST_RAW_FacI,MEMORY_ST_SCALED_WorMem,ST,425,-0.03813957293267569,0.43290098708636315,-0.1327806896978437,0.05719074965337691,0.8496667998264383
RAW,MEMORY_ST_RAW_FacI,MEMORY_ST_RAW_AudImm,ST,425,-0.10523609042525783,0.03007248565133266,-0.19837314246287083,-0.010215513623059835,0.16539867108232964
RAW,MEMORY_ST_RAW_FacI,MEMORY_ST_RAW_VisImm,ST,425,-0.28080075540550764,3.844714393279373e-09,-0.36614368845502104,-0.19077358794159172,7.401075207062794e-08
RAW,MEMORY_ST_RAW_FacI,MEMORY_ST_RAW_ImmMem,ST,425,-0.2070364298913518,1.6903605907012637e-05,-0.2963235043115943,-0.11416188406353828,0.0002169296091399955
RAW,MEMORY_ST_RAW_FacI,MEMORY_ST_RAW_WorMem,ST,425,-0.031065849597779523,0.5230136404116958,-0.1258168893854699,0.0642468421575136,0.8496667998264383
RAW,MEMORY_ST_RAW_FacI,MEMORY_ST_SCALED_LogMemI,ST,425,-0.058778100171614396,0.22657891968891153,-0.15304524057921104,0.036549088613880475,0.6817997235511992
RAW,MEMORY_ST_RAW_FacI,MEMORY_ST_SCALED_FacI,ST,425,-0.8042157267423756,1.2548732775839804e-97,-0.8354288567081973,-0.7678314431710822,9.662524237396649e-96
RAW,MEMORY_ST_RAW_FacI,MEMORY_ST_SCALED_VerPairI,ST,425,-0.13811980900296494,0.004334799138831186,-0.2302179629741814,-0.04356940124067826,0.03337795336900014
RAW,MEMORY_ST_RAW_FacI,MEMORY_ST_SCALED_FamPicI,ST,425,-0.05861469681739481,0.22787492855301505,-0.15288510889658394,0.03671283686547899,0.6817997235511992
RAW,MEMORY_ST_RAW_FacI,MEMORY_ST_SCALED_LetNumSeq,ST,425,-0.05616624056900263,0.24792717220043609,-0.15048508281843737,0.03916584822805001,0.6817997235511992
RAW,MEMORY_ST_RAW_FacI,MEMORY_ST_SCALED_SpaForward,ST,425,-0.01068223632193459,0.8262001190664365,-0.10569767203952443,0.08452649085321003,0.9733281609478909
RAW,MEMORY_ST_RAW_FacI,MEMORY_ST_SCALED_SpaBackward,ST,425,0.014406971830240636,0.7671170825437068,-0.0808266333037245,0.10937991181987984,0.9375875453311973
RAW,MEMORY_ST_RAW_FacI,MEMORY_ST_SCALED_SpaTotal,ST,425,0.007009568260522628,0.8854356173111185,-0.08817205995173809,0.10206435253543068,0.9815339396161236
RAW,MEMORY_ST_RAW_FacI,MOTOR_ST_RAW_HEIGHT,ST,423,0.07052452526474012,0.14762077448212008,-0.024991204113281786,0.16476427243223887,0.5937145718753438
RAW,MEMORY_ST_RAW_FacI,MOTOR_ST_RAW_WEIGHT,ST,423,0.029508628458531857,0.5450203287735523,-0.06602481737643812,0.12450600073584898,0.8496667998264383
RAW,MEMORY_ST_RAW_FacI,MOTOR_ST_RAW_PegboardSum,ST,423,-0.030889370766789517,0.5263602769860254,-0.12586634523027368,0.06464871433364887,0.8496667998264383
RAW,MEMORY_ST_RAW_FacI,MOTOR_ST_NORM_BMI,ST,422,-0.022173823194295457,0.6496751041335952,-0.11738604912174057,0.0734423346482218,0.8624997072118419
RAW,MEMORY_ST_RAW_FacI,MOTOR_ST_NORM_WHR,ST,422,0.1028936096604198,0.03459666416797603,0.007506641772571714,0.196424965842015,0.1775962093956103
RAW,MEMORY_ST_RAW_FacI,MOTOR_ST_NORM_AerobicRating,ST,411,0.02611733970754341,0.597528612106006,-0.07079256082461322,0.12253881601237143,0.8496667998264383
RAW,MEMORY_ST_RAW_FacI,MOTOR_ST_NORM_FunctionalReaching,ST,422,-0.18019915922661292,0.00019820551285269498,-0.2709981659394715,-0.08622163814967566,0.00214138102525616
RAW,MEMORY_ST_RAW_FacI,MOTOR_ST_NORM_BestLegEyeClose,ST,413,-0.03945345942245638,0.42390183202189213,-0.13543415256316185,0.05726084536998326,0.8496667998264383
RAW,MEMORY_ST_RAW_FacI,MOTOR_ST_NORM_PegboardDominant,ST,422,-0.03191446879328658,0.5132217552629393,-0.12698828946807425,0.06374042168956,0.8496667998264383
RAW,MEMORY_ST_RAW_FacI,MOTOR_ST_NORM_PegboardNondominant,ST,422,-0.05416848798438555,0.266879086559661,-0.14885944184269853,0.041506842659027474,0.6990409518708688
RAW,MEMORY_ST_RAW_FacI,MOTOR_ST_NORM_PegboardSum,ST,422,-0.05355367796521748,0.2723536176120268,-0.14825645106582766,0.04212236334241743,0.6990409518708688
RAW,MEMORY_ST_RAW_FacI,MOTOR_ST_NORM_PegboardBoth,ST,422,-0.05741071042203487,0.2392593114637386,-0.15203817064779035,0.03825967077228556,0.6817997235511992
RAW,MEMORY_ST_RAW_FacI,MOTOR_ST_NORM_PegboardAssemble,ST,422,-0.05220007186374084,0.2846750892926847,-0.14692861875954102,0.04347727816840399,0.7070961895334426
RAW,MEMORY_ST_RAW_FacI,MOTOR_ST_NORM_WaisSpeed,ST,422,-0.0031950040888058025,0.9478242320159577,-0.09862562388265575,0.09229384563309521,0.9815339396161236
RAW,MEMORY_ST_RAW_FacI,MOTOR_ST_SCALED_FineMotor,ST,423,-0.032325294640960345,0.5073054842692538,-0.12728067731805387,0.06321722960590881,0.8496667998264383
RAW,MEMORY_ST_RAW_FacI,MOTOR_ST_SCALED_Balance,ST,413,0.08107098577504421,0.09991357765005311,-0.015546945041512186,0.17618895691465258,0.42740808216967163
RAW,MEMORY_ST_RAW_FacI,MOTOR_ST_SCALED_ProcessingSpeed,ST,423,0.04066285837811212,0.40417851332355087,-0.05489766564474557,0.135485247058698,0.8496667998264383
RAW,MEMORY_ST_RAW_VerPairI,BASIC_Q_BFI_Agreeableness,Q,425,-0.09456160960720802,0.05140739835332732,-0.1879934521254488,0.000566322168657763,0.13194565577354012
RAW,MEMORY_ST_RAW_VerPairI,BASIC_Q_BFI_Conscientiousness,Q,425,-0.10731117521861487,0.026956134557459682,-0.20038849854948915,-0.012314036014060602,0.09024445047497372
RAW,MEMORY_ST_RAW_VerPairI,BASIC_Q_BFI_EmotionalStability,Q,425,-0.011331634559800102,0.8158180167549786,-0.10633984885642034,0.0838816189310618,0.9517876862141417
RAW,MEMORY_ST_RAW_VerPairI,BASIC_Q_BFI_Extraversion,Q,423,-0.0669286514222314,0.169445757137509,-0.1612473326976157,0.028601548900862167,0.3433506131470577
RAW,MEMORY_ST_RAW_VerPairI,BASIC_Q_BFI_Intellect,Q,425,-0.18744828505759306,0.0001012919227142364,-0.2776209707483194,-0.09400155261937333,0.0005199652032664135
RAW,MEMORY_ST_RAW_VerPairI,BASIC_Q_Beck_Anxiety,Q,425,0.028622117577129864,0.556235106779725,-0.06668227043471402,0.12340895996485822,0.7726586259572299
RAW,MEMORY_ST_RAW_VerPairI,BASIC_Q_Beck_Depression,Q,425,0.04806430623013933,0.3228959922929745,-0.04727467191970974,0.14253546990570265,0.6064144245502204
RAW,MEMORY_ST_RAW_VerPairI,BASIC_Q_CogFailure_Sum,Q,425,0.06702212893729811,0.16783975461526038,-0.028281009702091124,0.16111778678252064,0.3433506131470577
RAW,MEMORY_ST_RAW_VerPairI,BASIC_Q_EHI_Sum,Q,425,0.028827292588193065,0.553406867898979,-0.06647783626427513,0.1236111719320327,0.7726586259572299
RAW,MEMORY_ST_RAW_VerPairI,BASIC_Q_IPAQ_MET,Q,425,0.01601814685464392,0.7419507680624368,-0.0792254059553583,0.11097189763388274,0.9214549861420586
RAW,MEMORY_ST_RAW_VerPairI,BASIC_Q_MOCA_SUM,Q,425,-0.1906153485309923,7.673406136998796e-05,-0.28064948546622903,-0.09725594320292888,0.0004220373375349338
RAW,MEMORY_ST_RAW_VerPairI,BASIC_Q_MSPSS_Sum,Q,425,-0.01497056946606669,0.7582843751464902,-0.1099368523812116,0.08026657131267234,0.9267920140679324
RAW,MEMORY_ST_RAW_VerPairI,BASIC_Q_PSQI_DaytimeDysfunc,Q,425,0.0023841559135798925,0.9609145572471655,-0.09275971857314448,0.09748488526871217,0.9609145572471655
RAW,MEMORY_ST_RAW_VerPairI,BASIC_Q_PSQI_SleepDisturbance,Q,425,-0.062702013821135,0.19701669272895492,-0.15688910320172356,0.03261535471377166,0.3792571335032382
RAW,MEMORY_ST_RAW_VerPairI,BASIC_Q_PSQI_SleepDuration,Q,425,-0.039001072881452194,0.4225732739485093,-0.1336281644517681,0.05633074586865823,0.6499057637343258
RAW,MEMORY_ST_RAW_VerPairI,BASIC_Q_PSQI_SleepEfficiency,Q,425,0.038342350716329125,0.43045706429156644,-0.05698833676353997,0.132980178718587,0.6499057637343258
RAW,MEMORY_ST_RAW_VerPairI,BASIC_Q_PSQI_SleepLatency,Q,425,0.042240439207428745,0.38504842955407387,-0.053095738813295205,0.13681355590035837,0.6499057637343258
RAW,MEMORY_ST_RAW_VerPairI,BASIC_Q_PSQI_SleepMedication,Q,425,0.009671569537348065,0.8424176756776277,-0.08552995464669741,0.10469808637005654,0.9574482879670464
RAW,MEMORY_ST_RAW_VerPairI,BASIC_Q_PSQI_SleepQuality,Q,423,-0.024097808902909034,0.6211480278983629,-0.11917167148698031,0.0714139565929909,0.8367040883562042
RAW,MEMORY_ST_RAW_VerPairI,BASIC_Q_PSQI_Sum,Q,425,-0.004261965031945926,0.9301911940896708,-0.09934452747210254,0.09089772355879558,0.9609145572471655
RAW,MEMORY_ST_RAW_VerPairI,BASIC_Q_SF36_EmotionalLimit,Q,425,-0.0027838324089908143,0.9543689407575802,-0.09788075072086272,0.09236346371965387,0.9609145572471655
RAW,MEMORY_ST_RAW_VerPairI,BASIC_Q_SF36_EmotionalWell,Q,425,-0.04144235671795274,0.3940997583799587,-0.13602895272676674,0.05389293312481849,0.6499057637343258
RAW,MEMORY_ST_RAW_VerPairI,BASIC_Q_SF36_Energy,Q,425,0.009129433931096055,0.8511449845064814,-0.0860681468935478,0.10416181569631769,0.9574482879670464
RAW,MEMORY_ST_RAW_VerPairI,BASIC_Q_SF36_GeneralHealth,Q,425,-0.03911974329116489,0.42116200399208364,-0.1337448920666168,0.05621227046698313,0.6499057637343258
RAW,MEMORY_ST_RAW_VerPairI,BASIC_Q_SF36_Mental,Q,425,-0.0028306175755139166,0.9536029186531259,-0.0979270878084244,0.09231707711185506,0.9609145572471655
RAW,MEMORY_ST_RAW_VerPairI,BASIC_Q_SF36_Pain,Q,425,0.02267848159796704,0.641063838715817,-0.07260097396353124,0.1175477404568097,0.8367040883562042
RAW,MEMORY_ST_RAW_VerPairI,BASIC_Q_SF36_Physical,Q,425,-0.02854829504517269,0.5572544306780898,-0.12333620161856634,0.0667558244527614,0.7726586259572299
RAW,MEMORY_ST_RAW_VerPairI,BASIC_Q_SF36_PhysicalFunct,Q,424,-0.08608899668119553,0.07660454459480513,-0.17984952573196467,0.009221668619472606,0.17874393738787867
RAW,MEMORY_ST_RAW_VerPairI,BASIC_Q_SF36_PhysicalLimit,Q,425,-0.039700855203641916,0.4142911188989045,-0.13431645248687682,0.055632074716087,0.6499057637343258
RAW,MEMORY_ST_RAW_VerPairI,BASIC_Q_SF36_SocialFunc,Q,425,0.007924846112589293,0.8706000998145762,-0.08726377399991302,0.10297006152031482,0.9576601097960339
RAW,MEMORY_ST_RAW_VerPairI,LANGUAGE_ST_RAW_SUM,ST,425,-0.1339681748223515,0.005671893273840927,-0.2262083417118184,-0.039346749764215726,0.024263099004763967
RAW,MEMORY_ST_RAW_VerPairI,LANGUAGE_ST_SCALED_SIMILARITY,ST,425,-0.12001481944718809,0.013292433317138707,-0.21270933545151957,-0.02517943392093817,0.051175868270984026
RAW,MEMORY_ST_RAW_VerPairI,LANGUAGE_ST_SCALED_VOCABULARY,ST,425,-0.09722905275993181,0.04514794704626441,-0.1905891876166268,-0.002125876636711233,0.12906142287033617
RAW,MEMORY_ST_RAW_VerPairI,LANGUAGE_ST_SCALED_INFORMATION,ST,425,-0.14573592887628983,0.002598155840112834,-0.23756544081862555,-0.05132459451510276,0.012503624980543013
RAW,MEMORY_ST_RAW_VerPairI,LANGUAGE_ST_SCALED_SUM,ST,425,-0.14250092966337727,0.0032387599230231942,-0.23444583237279928,-0.048029131269514205,0.014669677298399172
RAW,MEMORY_ST_RAW_VerPairI,LANGUAGE_ST_NORM_SIMILARITY,ST,425,-0.10372019520555861,0.03253966040722477,-0.19690038239286342,-0.008683025593532644,0.1002221540542523
RAW,MEMORY_ST_RAW_VerPairI,LANGUAGE_ST_NORM_VOCABULARY,ST,425,-0.10483690444586478,0.030706111962121353,-0.19798535620298938,-0.009811914901847067,0.09851544254513933
RAW,MEMORY_ST_RAW_VerPairI,LANGUAGE_ST_NORM_INFORMATION,ST,425,-0.114267459142841,0.018449592718710016,-0.20713881293946076,-0.019354999519361076,0.06457357451548505
RAW,MEMORY_ST_RAW_VerPairI,LANGUAGE_ST_NORM_VCI,ST,425,-0.12849602853802894,0.007996562785157124,-0.22091859880448045,-0.03378615584878314,0.032407122866163075
RAW,MEMORY_ST_RAW_VerPairI,LANGUAGE_ST_NORM_PR,ST,425,-0.11868861867736656,0.014353931249431844,-0.2114244744639172,-0.023834876666656728,0.05263108124791677
RAW,MEMORY_ST_RAW_VerPairI,MEMORY_ST_NORM_AudImm,ST,425,-0.7169638354778683,2.809352223128685e-68,-0.7602386734806224,-0.6673543184007097,1.0816006059045437e-66
RAW,MEMORY_ST_RAW_VerPairI,MEMORY_ST_NORM_VisImm,ST,425,-0.252049538023082,1.3936018587499028e-07,-0.33904357968074306,-0.16078154513211118,8.942278593645209e-07
RAW,MEMORY_ST_RAW_VerPairI,MEMORY_ST_NORM_ImmMem,ST,425,-0.5416629772951351,8.968889271297796e-34,-0.6055834202790887,-0.4707977683618266,1.1510074564832171e-32
RAW,MEMORY_ST_RAW_VerPairI,MEMORY_ST_NORM_WorMem,ST,425,-0.09303648442157489,0.05530072008424402,-0.18650873949616878,0.002104982174116715,0.13735985311247706
RAW,MEMORY_ST_RAW_VerPairI,MEMORY_ST_SCALED_AudImm,ST,425,-0.702488059628465,1.825131383329117e-64,-0.7476508786132829,-0.6508572319233207,4.6845038838780675e-63
RAW,MEMORY_ST_RAW_VerPairI,MEMORY_ST_SCALED_VisImm,ST,425,-0.2715631035184228,1.2764421525774805e-08,-0.35745228631931675,-0.18111890266704495,1.0920671749829555e-07
RAW,MEMORY_ST_RAW_VerPairI,MEMORY_ST_SCALED_ImmMem,ST,425,-0.5956204378215121,3.691714610860765e-42,-0.6537061753141986,-0.530557449908597,7.106550625906972e-41
RAW,MEMORY_ST_RAW_VerPairI,MEMORY_ST_SCALED_WorMem,ST,425,-0.09718075988640093,0.045255304123364634,-0.19054220457950924,-0.002077123316384528,0.12906142287033617
RAW,MEMORY_ST_RAW_VerPairI,MEMORY_ST_RAW_AudImm,ST,425,-0.573985499880634,1.3075765838881215e-38,-0.6344669921017365,-0.5065181100722846,2.013667939187707e-37
RAW,MEMORY_ST_RAW_VerPairI,MEMORY_ST_RAW_VisImm,ST,425,-0.2757743245195492,7.427250667868936e-09,-0.36141633134809814,-0.1855180779601684,7.14872876782385e-08
RAW,MEMORY_ST_RAW_VerPairI,MEMORY_ST_RAW_ImmMem,ST,425,-0.4816711169067436,4.5237249929475296e-26,-0.5515242583596787,-0.40510955791072684,4.976097492242282e-25
RAW,MEMORY_ST_RAW_VerPairI,MEMORY_ST_RAW_WorMem,ST,425,-0.09611124370190265,0.04768840176504447,-0.18950158700051264,-0.0009975257297207404,0.1311431048538723
RAW,MEMORY_ST_RAW_VerPairI,MEMORY_ST_SCALED_LogMemI,ST,425,-0.2677192828455599,2.0757445770633664e-08,-0.3538313737091906,-0.17710668248728662,1.5983233243387922e-07
RAW,MEMORY_ST_RAW_VerPairI,MEMORY_ST_SCALED_FacI,ST,425,-0.19324851913937321,6.0706044617903974e-05,-0.28316609922138436,-0.0999632404393215,0.0003595665719675851
RAW,MEMORY_ST_RAW_VerPairI,MEMORY_ST_SCALED_VerPairI,ST,425,-0.8259053465243306,2.5111886503607266e-107,-0.8539405163730106,-0.7930895771841964,1.9336152607777593e-105
RAW,MEMORY_ST_RAW_VerPairI,MEMORY_ST_SCALED_FamPicI,ST,425,-0.25618144386586783,8.537211542398069e-08,-0.3429471044592352,-0.16508142688360936,5.976048079678648e-07
RAW,MEMORY_ST_RAW_VerPairI,MEMORY_ST_SCALED_LetNumSeq,ST,425,-0.09104058950411803,0.06076273363514433,-0.18456508634311714,0.004117909479199198,0.14621032780956605
RAW,MEMORY_ST_RAW_VerPairI,MEMORY_ST_SCALED_SpaForward,ST,425,-0.0950616379844575,0.050181794547654084,-0.18848013788796963,6.175819172996407e-05,0.13194565577354012
RAW,MEMORY_ST_RAW_VerPairI,MEMORY_ST_SCALED_SpaBackward,ST,425,-0.02821025530617206,0.5619335461507127,-0.1230030218597735,0.0670926214125289,0.7726586259572299
RAW,MEMORY_ST_RAW_VerPairI,MEMORY_ST_SCALED_SpaTotal,ST,425,-0.07202211297127581,0.13825342379981742,-0.16600764101980187,0.02326007833612615,0.31310334213488067
RAW,MEMORY_ST_RAW_VerPairI,MOTOR_ST_RAW_HEIGHT,ST,423,-0.0025153858878097304,0.9588626817163237,-0.09783960018744876,0.09285456377703084,0.9609145572471655
RAW,MEMORY_ST_RAW_VerPairI,MOTOR_ST_RAW_WEIGHT,ST,423,0.013049105170706819,0.7890090008846882,-0.08240109821070367,0.10826208505700474,0.9450181559566854
RAW,MEMORY_ST_RAW_VerPairI,MOTOR_ST_RAW_PegboardSum,ST,423,-0.01991367766052174,0.6829855803280107,-0.1150429227998807,0.07557750285782808,0.876498161420947
RAW,MEMORY_ST_RAW_VerPairI,MOTOR_ST_NORM_BMI,ST,422,0.06909686332185895,0.1565076082137809,-0.026538888459937862,0.16347924882624804,0.3433506131470577
RAW,MEMORY_ST_RAW_VerPairI,MOTOR_ST_NORM_WHR,ST,422,-0.039481621356360776,0.4185344516773869,-0.13443564140203754,0.05619085914715359,0.6499057637343258
RAW,MEMORY_ST_RAW_VerPairI,MOTOR_ST_NORM_AerobicRating,ST,411,0.04356134112441962,0.37839713582973306,-0.053394703168992676,0.1397037199486782,0.6499057637343258
RAW,MEMORY_ST_RAW_VerPairI,MOTOR_ST_NORM_FunctionalReaching,ST,422,-0.0679362305603323,0.16360171516777056,-0.1623440904924581,0.027704137771813818,0.3433506131470577
RAW,MEMORY_ST_RAW_VerPairI,MOTOR_ST_NORM_BestLegEyeClose,ST,413,0.03057168269435406,0.5355529101640331,-0.0661196802406927,0.1266942340821393,0.7726586259572299
RAW,MEMORY_ST_RAW_VerPairI,MOTOR_ST_NORM_PegboardDominant,ST,422,-0.0397419280013775,0.4154706776740554,-0.1346916362571507,0.05593096279910712,0.6499057637343258
RAW,MEMORY_ST_RAW_VerPairI,MOTOR_ST_NORM_PegboardNondominant,ST,422,-0.00432787077234618,0.9293659563777925,-0.09974736133598741,0.0911704958955146,0.9609145572471655
RAW,MEMORY_ST_RAW_VerPairI,MOTOR_ST_NORM_PegboardSum,ST,422,-0.012511636183907968,0.797742599184215,-0.1078435314990413,0.08304825446822327,0.9450181559566854
RAW,MEMORY_ST_RAW_VerPairI,MOTOR_ST_NORM_PegboardBoth,ST,422,-0.022756196427258134,0.6411109248443643,-0.11796064820875521,0.07286278538266225,0.8367040883562042
RAW,MEMORY_ST_RAW_VerPairI,MOTOR_ST_NORM_PegboardAssemble,ST,422,-0.0029460371605710507,0.9518848452249514,-0.09837907028442384,0.09254068847415872,0.9609145572471655
RAW,MEMORY_ST_RAW_VerPairI,MOTOR_ST_NORM_WaisSpeed,ST,422,-0.04165816692942535,0.39332613655972815,-0.1365757440838169,0.054017345153625315,0.6499057637343258
RAW,MEMORY_ST_RAW_VerPairI,MOTOR_ST_SCALED_FineMotor,ST,423,-0.008726741025920285,0.8579731411652753,-0.1039878951275108,0.08669307384927827,0.9574482879670464
RAW,MEMORY_ST_RAW_VerPairI,MOTOR_ST_SCALED_Balance,ST,413,-0.018477493712278057,0.7081060717282895,-0.11476916543263449,0.07815816935453833,0.8938388118537426
RAW,MEMORY_ST_RAW_VerPairI,MOTOR_ST_SCALED_ProcessingSpeed,ST,423,-0.06464672355911423,0.18449515645148243,-0.15901425298292762,0.030891367988742147,0.36425966786574737
RAW,MEMORY_ST_RAW_FamPicI,BASIC_Q_BFI_Agreeableness,Q,425,-0.09069862262858153,0.061741847754049756,-0.18423199689205363,0.004462717236334021,0.19016489108247325
RAW,MEMORY_ST_RAW_FamPicI,BASIC_Q_BFI_Conscientiousness,Q,425,-0.12833183181584987,0.008077871993428805,-0.22075979118886327,-0.03361939573671101,0.04442829596385843
RAW,MEMORY_ST_RAW_FamPicI,BASIC_Q_BFI_EmotionalStability,Q,425,0.023524880883845828,0.6286581063303595,-0.07175853474890821,0.11838280707734596,0.8286861915636069
RAW,MEMORY_ST_RAW_FamPicI,BASIC_Q_BFI_Extraversion,Q,423,0.0018252940622778958,0.970142391382707,-0.09353866495650719,0.09715606503674167,0.9980315053713272
RAW,MEMORY_ST_RAW_FamPicI,BASIC_Q_BFI_Intellect,Q,425,-0.023093553061754656,0.6349673415876989,-0.117957271183452,0.07218786149349758,0.8286861915636069
RAW,MEMORY_ST_RAW_FamPicI,BASIC_Q_Beck_Anxiety,Q,425,-0.043343517375903765,0.37274851591635266,-0.1378978081792082,0.05199368816159468,0.6877540093761663
RAW,MEMORY_ST_RAW_FamPicI,BASIC_Q_Beck_Depression,Q,425,0.04208158697010088,0.38683986161141515,-0.05325442395267074,0.1366573960762062,0.6877540093761663
RAW,MEMORY_ST_RAW_FamPicI,BASIC_Q_CogFailure_Sum,Q,425,-0.04718522831281416,0.3318351389633978,-0.141672185618394,0.048153742324004545,0.6724027815837271
RAW,MEMORY_ST_RAW_FamPicI,BASIC_Q_EHI_Sum,Q,425,0.04060429731808414,0.40374131058410156,-0.054729929065901226,0.13520492010327348,0.6877540093761663
RAW,MEMORY_ST_RAW_FamPicI,BASIC_Q_IPAQ_MET,Q,425,0.0024248059987098812,0.9602486918079735,-0.09271941787125561,0.09752514911698568,0.9980315053713272
RAW,MEMORY_ST_RAW_FamPicI,BASIC_Q_MOCA_SUM,Q,425,-0.19764009104855834,4.078332560459626e-05,-0.287360526082156,-0.10448151481912804,0.00024156277473491632
RAW,MEMORY_ST_RAW_FamPicI,BASIC_Q_MSPSS_Sum,Q,425,-0.06416637362118069,0.18673865906278717,-0.15832285808981864,0.03114657305457017,0.4638347338011165
RAW,MEMORY_ST_RAW_FamPicI,BASIC_Q_PSQI_DaytimeDysfunc,Q,425,-0.027002789634726066,0.578799930371287,-0.12181274134849757,0.06829547060586855,0.8286861915636069
RAW,MEMORY_ST_RAW_FamPicI,BASIC_Q_PSQI_SleepDisturbance,Q,425,-0.11028030719405246,0.022982215427509407,-0.2032707985153358,-0.01531815965552858,0.08426812323420116
RAW,MEMORY_ST_RAW_FamPicI,BASIC_Q_PSQI_SleepDuration,Q,425,0.03646715902577869,0.4533600899837602,-0.058859855276930856,0.1311351074684554,0.7231011909565516
RAW,MEMORY_ST_RAW_FamPicI,BASIC_Q_PSQI_SleepEfficiency,Q,425,-0.009079838902699148,0.8519442908481581,-0.10411275443797981,0.08611737840640724,0.9836052980403818
RAW,MEMORY_ST_RAW_FamPicI,BASIC_Q_PSQI_SleepLatency,Q,425,-0.00012002759464524648,0.9980315053713271,-0.09524177791018006,0.09500389482525247,0.9980315053713272
RAW,MEMORY_ST_RAW_FamPicI,BASIC_Q_PSQI_SleepMedication,Q,425,-0.09716956647059957,0.04528021814250975,-0.190531314699074,-0.002065823241871074,0.15159029552057612
RAW,MEMORY_ST_RAW_FamPicI,BASIC_Q_PSQI_SleepQuality,Q,423,-0.008185502626350455,0.8666968965102795,-0.10345244101428873,0.08723025763632071,0.9836052980403818
RAW,MEMORY_ST_RAW_FamPicI,BASIC_Q_PSQI_Sum,Q,425,-0.049578414347437406,0.3078697317770331,-0.1440220384562987,0.04576023043081046,0.6407018742386905
RAW,MEMORY_ST_RAW_FamPicI,BASIC_Q_SF36_EmotionalLimit,Q,425,0.0595833771033989,0.2202685185113375,-0.035742037193028535,0.15383432190312737,0.5139598765264541
RAW,MEMORY_ST_RAW_FamPicI,BASIC_Q_SF36_EmotionalWell,Q,425,-0.023196971061007564,0.6334521656120607,-0.11805930364731741,0.07208492650368471,0.8286861915636069
RAW,MEMORY_ST_RAW_FamPicI,BASIC_Q_SF36_Energy,Q,425,-0.02871772001672228,0.5549163993283542,-0.1235031827370259,0.06658701418951021,0.8217031297746783
RAW,MEMORY_ST_RAW_FamPicI,BASIC_Q_SF36_GeneralHealth,Q,425,0.01588843673358324,0.7439670791537183,-0.07935433341701267,0.11084375040363156,0.8950853921068174
RAW,MEMORY_ST_RAW_FamPicI,BASIC_Q_SF36_Mental,Q,425,0.007257514475022403,0.8814125398024201,-0.08792602345329609,0.10230972213448508,0.9836052980403818
RAW,MEMORY_ST_RAW_FamPicI,BASIC_Q_SF36_Pain,Q,425,0.0010036575752893097,0.9835408106457386,-0.09412816663771854,0.09611731890783974,0.9980315053713272
RAW,MEMORY_ST_RAW_FamPicI,BASIC_Q_SF36_Physical,Q,425,-0.00015992827334757818,0.9973771223089456,-0.0952813165004791,0.09496435412905649,0.9980315053713272
RAW,MEMORY_ST_RAW_FamPicI,BASIC_Q_SF36_PhysicalFunct,Q,424,-0.062429730950826115,0.19950482282101098,-0.1567329351093587,0.03300153936510898,0.48005847991305767
RAW,MEMORY_ST_RAW_FamPicI,BASIC_Q_SF36_PhysicalLimit,Q,425,0.017165199195329404,0.7241983170803824,-0.07808513613256417,0.11210499161522762,0.8851312764315785
RAW,MEMORY_ST_RAW_FamPicI,BASIC_Q_SF36_SocialFunc,Q,425,-0.025869949305523474,0.5948361489382855,-0.12069577609066774,0.06942372792590687,0.8286861915636069
RAW,MEMORY_ST_RAW_FamPicI,LANGUAGE_ST_RAW_SUM,ST,425,-0.07345867559560407,0.1305408315690676,-0.16741170766155553,0.021816607808178456,0.34660841485580013
RAW,MEMORY_ST_RAW_FamPicI,LANGUAGE_ST_SCALED_SIMILARITY,ST,425,-0.11562578385340003,0.017094471861969367,-0.20845588767267081,-0.0207309587425007,0.0729922885241789
RAW,MEMORY_ST_RAW_FamPicI,LANGUAGE_ST_SCALED_VOCABULARY,ST,425,-0.040147432921842655,0.4090561063353895,-0.13475564721977856,0.05518615730310542,0.6877540093761663
RAW,MEMORY_ST_RAW_FamPicI,LANGUAGE_ST_SCALED_INFORMATION,ST,425,-0.05576544984527159,0.2513232833942923,-0.1500921137717858,0.03956727517571216,0.5375525783711251
RAW,MEMORY_ST_RAW_FamPicI,LANGUAGE_ST_SCALED_SUM,ST,425,-0.07776317466736317,0.10941406792123745,-0.1716165554914287,0.01748903035760277,0.31203271221982537
RAW,MEMORY_ST_RAW_FamPicI,LANGUAGE_ST_NORM_SIMILARITY,ST,425,-0.09191479276622468,0.05831788151085758,-0.1854164977260963,0.00323634092222754,0.1871032031806681
RAW,MEMORY_ST_RAW_FamPicI,LANGUAGE_ST_NORM_VOCABULARY,ST,425,-0.040052759249772904,0.4101626310010088,-0.13466254183219167,0.05528069416819139,0.6877540093761663
RAW,MEMORY_ST_RAW_FamPicI,LANGUAGE_ST_NORM_INFORMATION,ST,425,-0.03211300192936143,0.5090953221180478,-0.12684835852756093,0.06320290042409422,0.7840067960617936
RAW,MEMORY_ST_RAW_FamPicI,LANGUAGE_ST_NORM_VCI,ST,425,-0.05614343935516149,0.24811951614774724,-0.1504627273838435,0.039188686462572786,0.5375525783711251
RAW,MEMORY_ST_RAW_FamPicI,LANGUAGE_ST_NORM_PR,ST,425,-0.06948174169948554,0.15274207186649252,-0.1635238014919547,0.025811693261877624,0.39203798445733085
RAW,MEMORY_ST_RAW_FamPicI,MEMORY_ST_NORM_AudImm,ST,425,-0.3154722014180804,2.8297030102171016e-11,-0.3986326276789155,-0.22716630909954258,2.72358914733396e-10
RAW,MEMORY_ST_RAW_FamPicI,MEMORY_ST_NORM_VisImm,ST,425,-0.5875114282723093,8.488217815948771e-41,-0.6465039074995451,-0.52153496546098,1.6339819295701384e-39
RAW,MEMORY_ST_RAW_FamPicI,MEMORY_ST_NORM_ImmMem,ST,425,-0.5270200605184344,9.472545187162635e-32,-0.5924427684658067,-0.4546916632455844,1.2156432990192048e-30
RAW,MEMORY_ST_RAW_FamPicI,MEMORY_ST_NORM_WorMem,ST,425,-0.1186454327641447,0.014389715830430982,-0.21138262933491148,-0.023791098767997697,0.0729922885241789
RAW,MEMORY_ST_RAW_FamPicI,MEMORY_ST_SCALED_AudImm,ST,425,-0.2821328565047899,3.221892745477419e-09,-0.36739579127117195,-0.1921672650803928,2.4808574140176128e-08
RAW,MEMORY_ST_RAW_FamPicI,MEMORY_ST_SCALED_VisImm,ST,425,-0.7868841669625959,1.0294111089249057e-90,-0.8205856326631386,-0.747729361662407,3.963232769360887e-89
RAW,MEMORY_ST_RAW_FamPicI,MEMORY_ST_SCALED_ImmMem,ST,425,-0.5230516237088494,3.222070154432398e-31,-0.5888754606519844,-0.4503348139964187,3.5442771698756375e-30
RAW,MEMORY_ST_RAW_FamPicI,MEMORY_ST_SCALED_WorMem,ST,425,-0.11714069268294813,0.01568652576775517,-0.20992439429329432,-0.022265959086425258,0.0729922885241789
RAW,MEMORY_ST_RAW_FamPicI,MEMORY_ST_RAW_AudImm,ST,425,-0.29573631663507943,5.021257900929155e-10,-0.380164637391021,-0.20642034700499093,4.295965093017166e-09
RAW,MEMORY_ST_RAW_FamPicI,MEMORY_ST_RAW_VisImm,ST,425,-0.751750991089519,1.6779314082037694e-78,-0.7903564746292681,-0.7071990276580509,4.306690614389675e-77
RAW,MEMORY_ST_RAW_FamPicI,MEMORY_ST_RAW_ImmMem,ST,425,-0.5625522104708093,7.728087168656046e-37,-0.624269416232518,-0.4938564004472912,1.190125423973031e-35
RAW,MEMORY_ST_RAW_FamPicI,MEMORY_ST_RAW_WorMem,ST,425,-0.11469718814547582,0.018011084181290896,-0.20755552822217793,-0.019790268623214164,0.0729922885241789
RAW,MEMORY_ST_RAW_FamPicI,MEMORY_ST_SCALED_LogMemI,ST,425,-0.27982450717050206,4.373766732283903e-09,-0.36522587177544286,-0.189752443279554,3.061636712598732e-08
RAW,MEMORY_ST_RAW_FamPicI,MEMORY_ST_SCALED_FacI,ST,425,-0.10093559662341742,0.03752306434364979,-0.19419392403668306,-0.00586910986710759,0.13133072520277425
RAW,MEMORY_ST_RAW_FamPicI,MEMORY_ST_SCALED_VerPairI,ST,425,-0.23080377201488692,1.5152595497275162e-06,-0.3189247102934158,-0.1387266373469753,9.722915444084896e-06
RAW,MEMORY_ST_RAW_FamPicI,MEMORY_ST_SCALED_FamPicI,ST,425,-0.8401203253461403,1.909837651131702e-114,-0.8660343490397475,-0.8097047419814635,1.4705749913714107e-112
RAW,MEMORY_ST_RAW_FamPicI,MEMORY_ST_SCALED_LetNumSeq,ST,425,-0.11328467102000327,0.0194876047625367,-0.2061856604443928,-0.018359676421604923,0.07502727833576629
RAW,MEMORY_ST_RAW_FamPicI,MEMORY_ST_SCALED_SpaForward,ST,425,-0.11485839326949113,0.017848947389230842,-0.20771184279052152,-0.019953561296550907,0.0729922885241789
RAW,MEMORY_ST_RAW_FamPicI,MEMORY_ST_SCALED_SpaBackward,ST,425,-0.03592116295266527,0.4601553033359874,-0.1305977582005833,0.05940465590541537,0.7231011909565516
RAW,MEMORY_ST_RAW_FamPicI,MEMORY_ST_SCALED_SpaTotal,ST,425,-0.08069520852914423,0.0966361191157679,-0.1744787547961704,0.014539231717334575,0.2861915835351588
RAW,MEMORY_ST_RAW_FamPicI,MOTOR_ST_RAW_HEIGHT,ST,423,0.07681019019521859,0.11470148724342928,-0.01867425371870533,0.17090620871575413,0.3154290899194305
RAW,MEMORY_ST_RAW_FamPicI,MOTOR_ST_RAW_WEIGHT,ST,423,0.039327790596910356,0.41979790182701054,-0.05623074398910592,0.13417234907806502,0.6877540093761663
RAW,MEMORY_ST_RAW_FamPicI,MOTOR_ST_RAW_PegboardSum,ST,423,-0.0029960306182712027,0.9510111440142901,-0.0983156251060528,0.09237803829248492,0.9980315053713272
RAW,MEMORY_ST_RAW_FamPicI,MOTOR_ST_NORM_BMI,ST,422,-0.039680418440890555,0.4161934432699973,-0.13463114670133333,0.05599237657771561,0.6877540093761663
RAW,MEMORY_ST_RAW_FamPicI,MOTOR_ST_NORM_WHR,ST,422,0.0013799129491663435,0.9774524021939337,-0.09409318205198249,0.09682785840725486,0.9980315053713272
RAW,MEMORY_ST_RAW_FamPicI,MOTOR_ST_NORM_AerobicRating,ST,411,0.025664383412015247,0.6039013777623354,-0.07124353491085803,0.12209233715055576,0.8286861915636069
RAW,MEMORY_ST_RAW_FamPicI,MOTOR_ST_NORM_FunctionalReaching,ST,422,0.007545091729083179,0.8771851149397638,-0.08797897633118908,0.10293165454787495,0.9836052980403818
RAW,MEMORY_ST_RAW_FamPicI,MOTOR_ST_NORM_BestLegEyeClose,ST,413,0.020579572518604174,0.676676275087165,-0.07606779319406702,0.11684384412910458,0.8458942433052536
RAW,MEMORY_ST_RAW_FamPicI,MOTOR_ST_NORM_PegboardDominant,ST,422,-0.014728438035501638,0.7628960855616992,-0.11003443139991444,0.08084593063837547,0.9037384398192436
RAW,MEMORY_ST_RAW_FamPicI,MOTOR_ST_NORM_PegboardNondominant,ST,422,0.044138981658464936,0.36573958757469194,-0.05153887972055346,0.13901394146503931,0.6877540093761663
RAW,MEMORY_ST_RAW_FamPicI,MOTOR_ST_NORM_PegboardSum,ST,422,-0.020417428354577393,0.6757808832770972,-0.11565271438821086,0.07518982161587062,0.8458942433052536
RAW,MEMORY_ST_RAW_FamPicI,MOTOR_ST_NORM_PegboardBoth,ST,422,0.004352996701316965,0.9289569610919872,-0.09114557828824812,0.09977223767992541,0.9980315053713272
RAW,MEMORY_ST_RAW_FamPicI,MOTOR_ST_NORM_PegboardAssemble,ST,422,-0.026764104955129715,0.5835046253479529,-0.12191332647987335,0.068872559283625,0.8286861915636069
RAW,MEMORY_ST_RAW_FamPicI,MOTOR_ST_NORM_WaisSpeed,ST,422,-0.04608341442060108,0.3449812396562461,-0.14092416750798575,0.04959546405943166,0.6811168065007935
RAW,MEMORY_ST_RAW_FamPicI,MOTOR_ST_SCALED_FineMotor,ST,423,-0.020038331979641985,0.6811096504535809,-0.11516597467238149,0.07545350991315662,0.8458942433052536
RAW,MEMORY_ST_RAW_FamPicI,MOTOR_ST_SCALED_Balance,ST,413,0.031344258274211084,0.5252875063205489,-0.06534970505770431,0.1274550633114522,0.7930811369937699
RAW,MEMORY_ST_RAW_FamPicI,MOTOR_ST_SCALED_ProcessingSpeed,ST,423,-0.05827662227899818,0.23167971271622081,-0.1527753993300193,0.03727819530954823,0.5246864082102648
RAW,MEMORY_ST_RAW_LetNumSeq,BASIC_Q_BFI_Agreeableness,Q,425,-0.04371900246396833,0.3686176090531247,-0.1382668332869963,0.05161849985641661,0.5458376134055885
RAW,MEMORY_ST_RAW_LetNumSeq,BASIC_Q_BFI_Conscientiousness,Q,425,0.04001357600366981,0.4106211141661572,-0.055319820292946936,0.13462400717402256,0.5646040319784661
RAW,MEMORY_ST_RAW_LetNumSeq,BASIC_Q_BFI_EmotionalStability,Q,425,-0.022059782451767235,0.6501960358099618,-0.11693724034620478,0.07321669238365434,0.7822671055838603
RAW,MEMORY_ST_RAW_LetNumSeq,BASIC_Q_BFI_Extraversion,Q,423,0.07699432349290244,0.11383196847474392,-0.018489088941734386,0.17108602142091572,0.23065951506724422
RAW,MEMORY_ST_RAW_LetNumSeq,BASIC_Q_BFI_Intellect,Q,425,-0.009937085142161892,0.8381503572851365,-0.1049607094146253,0.08526635006696898,0.9353272103037031
RAW,MEMORY_ST_RAW_LetNumSeq,BASIC_Q_Beck_Anxiety,Q,425,-0.017034384681044033,0.726215634803245,-0.11197578144042605,0.07821518973205467,0.8364340178555947
RAW,MEMORY_ST_RAW_LetNumSeq,BASIC_Q_Beck_Depression,Q,425,-0.03814494169200188,0.4328361786691296,-0.13278597148246576,0.05718539065600609,0.574627340646948
RAW,MEMORY_ST_RAW_LetNumSeq,BASIC_Q_CogFailure_Sum,Q,425,-0.027838200575055226,0.5671052650498198,-0.12263629143652306,0.06746328320572478,0.6931286572831131
RAW,MEMORY_ST_RAW_LetNumSeq,BASIC_Q_EHI_Sum,Q,425,-0.040810945963681525,0.40135091920203875,-0.13540812218375758,0.05452355509212293,0.5618912868828543
RAW,MEMORY_ST_RAW_LetNumSeq,BASIC_Q_IPAQ_MET,Q,425,0.07486383544722887,0.12332283071428689,-0.020404306660944525,0.16878471326629046,0.23693816199268936
RAW,MEMORY_ST_RAW_LetNumSeq,BASIC_Q_MOCA_SUM,Q,425,-0.188178834064117,9.504583506977212e-05,-0.2783197196687734,-0.09475206828079959,0.00043050172355132076
RAW,MEMORY_ST_RAW_LetNumSeq,BASIC_Q_MSPSS_Sum,Q,425,0.004149002182220989,0.9320369414438813,-0.09100975389539266,0.0992326762575244,0.9698222228537684
RAW,MEMORY_ST_RAW_LetNumSeq,BASIC_Q_PSQI_DaytimeDysfunc,Q,425,0.005805107032076915,0.9050187579394559,-0.08936707903866584,0.10087224328115589,0.9678672827963626
RAW,MEMORY_ST_RAW_LetNumSeq,BASIC_Q_PSQI_SleepDisturbance,Q,425,0.0025048749318848916,0.9589372103602626,-0.09264003621045132,0.09760445636455972,0.9741694003206921
RAW,MEMORY_ST_RAW_LetNumSeq,BASIC_Q_PSQI_SleepDuration,Q,425,0.07055136093826275,0.14650723540001925,-0.024737491220494172,0.16456976346744503,0.2685965982333686
RAW,MEMORY_ST_RAW_LetNumSeq,BASIC_Q_PSQI_SleepEfficiency,Q,425,0.0023473272501458977,0.9615178496671767,-0.0927962304289038,0.09744840626410137,0.9741694003206921
RAW,MEMORY_ST_RAW_LetNumSeq,BASIC_Q_PSQI_SleepLatency,Q,425,0.13672764369267348,0.004747529845426931,0.04215304516178381,0.22887376717740177,0.012185326603262457
RAW,MEMORY_ST_RAW_LetNumSeq,BASIC_Q_PSQI_SleepMedication,Q,425,0.06059536041262783,0.21251776154651858,-0.034727647565176545,0.15482578192329985,0.3744327799734529
RAW,MEMORY_ST_RAW_LetNumSeq,BASIC_Q_PSQI_SleepQuality,Q,423,0.034622261136838174,0.47759213445062004,-0.06092654644851136,0.12954230205096548,0.6095430515217438
RAW,MEMORY_ST_RAW_LetNumSeq,BASIC_Q_PSQI_Sum,Q,425,0.10282553597983547,0.034075290810449965,0.007778782971994627,0.19603098352639842,0.07717051154131316
RAW,MEMORY_ST_RAW_LetNumSeq,BASIC_Q_SF36_EmotionalLimit,Q,425,0.07430372242015743,0.1261618784636398,-0.020967311865983992,0.16823746097992318,0.23693816199268936
RAW,MEMORY_ST_RAW_LetNumSeq,BASIC_Q_SF36_EmotionalWell,Q,425,0.018362706822009384,0.7058215196822452,-0.07689444341081754,0.11328766353786687,0.8361270310081982
RAW,MEMORY_ST_RAW_LetNumSeq,BASIC_Q_SF36_Energy,Q,425,0.05338562645785951,0.27215439225869775,-0.04195024266641071,0.14775812003872682,0.43658100424832763
RAW,MEMORY_ST_RAW_LetNumSeq,BASIC_Q_SF36_GeneralHealth,Q,425,-0.010792106173329192,0.8244414180875628,-0.10580632568938804,0.08441739240150621,0.9335586645991519
RAW,MEMORY_ST_RAW_LetNumSeq,BASIC_Q_SF36_Mental,Q,425,0.06040486131904006,0.2139615885562588,-0.034918614639751634,0.15463916070244574,0.3744327799734529
RAW,MEMORY_ST_RAW_LetNumSeq,BASIC_Q_SF36_Pain,Q,425,-0.03368556412043829,0.4885624831943246,-0.12839698369906613,0.0616347678239397,0.6095430515217438
RAW,MEMORY_ST_RAW_LetNumSeq,BASIC_Q_SF36_Physical,Q,425,0.008388698256921057,0.8630985850300708,-0.08680340483447142,0.10342900410724767,0.9438069516627684
RAW,MEMORY_ST_RAW_LetNumSeq,BASIC_Q_SF36_PhysicalFunct,Q,424,-0.0370380019487923,0.4468549707022544,-0.13180813266206587,0.058403063823317704,0.5831836058317558
RAW,MEMORY_ST_RAW_LetNumSeq,BASIC_Q_SF36_PhysicalLimit,Q,425,0.055676281144251,0.25208323414390355,-0.03965658124048745,0.15000468119946367,0.4129874261506505
RAW,MEMORY_ST_RAW_LetNumSeq,BASIC_Q_SF36_SocialFunc,Q,425,0.016931328278677046,0.7278062233288941,-0.07831764439852976,0.11187398668475101,0.8364340178555947
RAW,MEMORY_ST_RAW_LetNumSeq,LANGUAGE_ST_RAW_SUM,ST,425,-0.24106591651837986,4.919496259632052e-07,-0.328652465938744,-0.14936822269559116,4.208902355462978e-06
RAW,MEMORY_ST_RAW_LetNumSeq,LANGUAGE_ST_SCALED_SIMILARITY,ST,425,-0.1951995605638138,5.092783979662846e-05,-0.2850299798307093,-0.10197009708733779,0.0002614295776226927
RAW,MEMORY_ST_RAW_LetNumSeq,LANGUAGE_ST_SCALED_VOCABULARY,ST,425,-0.16024068829900656,0.0009158937938633597,-0.25152957416800126,-0.06612577595276113,0.002820952885099148
RAW,MEMORY_ST_RAW_LetNumSeq,LANGUAGE_ST_SCALED_INFORMATION,ST,425,-0.3064163323596207,1.087701910194745e-10,-0.39016690088026523,-0.21763700191021057,1.675060941699907e-09
RAW,MEMORY_ST_RAW_LetNumSeq,LANGUAGE_ST_SCALED_SUM,ST,425,-0.2653501497814913,2.7905172228594584e-08,-0.35159834321767924,-0.17463525596972773,2.6858728270022285e-07
RAW,MEMORY_ST_RAW_LetNumSeq,LANGUAGE_ST_NORM_SIMILARITY,ST,425,-0.1897222890517833,8.302146611290079e-05,-0.27979567589475507,-0.09633805677181918,0.00039954080566833504
RAW,MEMORY_ST_RAW_LetNumSeq,LANGUAGE_ST_NORM_VOCABULARY,ST,425,-0.13961256941139102,0.003928503404330987,-0.2316588973396764,-0.04508852276878447,0.010803384361910213
RAW,MEMORY_ST_RAW_LetNumSeq,LANGUAGE_ST_NORM_INFORMATION,ST,425,-0.27159052523816923,1.2719871544219722e-08,-0.35747810854583756,-0.18114753656441426,1.632383514841531e-07
RAW,MEMORY_ST_RAW_LetNumSeq,LANGUAGE_ST_NORM_VCI,ST,425,-0.2312659203443644,1.4419882865851371e-06,-0.319363192394859,-0.13920541672872694,1.009391800609596e-05
RAW,MEMORY_ST_RAW_LetNumSeq,LANGUAGE_ST_NORM_PR,ST,425,-0.23693347166944906,7.786398192438994e-07,-0.32473744690255363,-0.14508042525653134,5.995526608178025e-06
RAW,MEMORY_ST_RAW_LetNumSeq,MEMORY_ST_NORM_AudImm,ST,425,-0.1823699671524713,0.00015662100034064604,-0.2727610689265645,-0.08878737270685626,0.0006347272119068286
RAW,MEMORY_ST_RAW_LetNumSeq,MEMORY_ST_NORM_VisImm,ST,425,-0.1358502810726867,0.005025518356565402,-0.22802645508643835,-0.041260632393658896,0.012482739143726966
RAW,MEMORY_ST_RAW_LetNumSeq,MEMORY_ST_NORM_ImmMem,ST,425,-0.17623971116765574,0.0002610251037820793,-0.2668883206076288,-0.0824999371577401,0.0009570920472009574
RAW,MEMORY_ST_RAW_LetNumSeq,MEMORY_ST_NORM_WorMem,ST,425,-0.7222138895089648,1.0141694333557638e-69,-0.7647959816199442,-0.6733495133058546,3.9045523184196906e-68
RAW,MEMORY_ST_RAW_LetNumSeq,MEMORY_ST_SCALED_AudImm,ST,425,-0.17858995717278406,0.00021502602580889216,-0.2691406381738273,-0.08490956168122532,0.0008278501993642347
RAW,MEMORY_ST_RAW_LetNumSeq,MEMORY_ST_SCALED_VisImm,ST,425,-0.15522619757108255,0.0013267774841186231,-0.24670627980749038,-0.06100411961430702,0.003929302549120538
RAW,MEMORY_ST_RAW_LetNumSeq,MEMORY_ST_SCALED_ImmMem,ST,425,-0.18751307990195518,0.00010072270711268297,-0.27768294899223483,-0.09406811408134014,0.00043086935820425495
RAW,MEMORY_ST_RAW_LetNumSeq,MEMORY_ST_SCALED_WorMem,ST,425,-0.7004370120744162,6.065829563102663e-64,-0.7458647070839696,-0.6485237253288434,1.5568962545296836e-62
RAW,MEMORY_ST_RAW_LetNumSeq,MEMORY_ST_RAW_AudImm,ST,425,-0.22072884007430135,4.352012610927643e-06,-0.3093563230419651,-0.12829983097106443,2.792541425345238e-05
RAW,MEMORY_ST_RAW_LetNumSeq,MEMORY_ST_RAW_VisImm,ST,425,-0.16050824662904298,0.0008976876583921501,-0.25178680346520094,-0.06639919175627201,0.002820952885099148
RAW,MEMORY_ST_RAW_LetNumSeq,MEMORY_ST_RAW_ImmMem,ST,425,-0.2133107281052841,9.176661720232305e-06,-0.3022996869897083,-0.12063567530325167,5.4354073265991345e-05
RAW,MEMORY_ST_RAW_LetNumSeq,MEMORY_ST_RAW_WorMem,ST,425,-0.6328966820161266,6.013928538020918e-49,-0.6866794084919907,-0.57222336665056,1.1576812435690268e-47
RAW,MEMORY_ST_RAW_LetNumSeq,MEMORY_ST_SCALED_LogMemI,ST,425,-0.26571544227630345,2.6665600983934972e-08,-0.35194271430502905,-0.17501624639503396,2.6858728270022285e-07
RAW,MEMORY_ST_RAW_LetNumSeq,MEMORY_ST_SCALED_FacI,ST,425,-0.13833989348531253,0.004272604338611336,-0.2304304318908914,-0.043793344787640805,0.011344501174933548
RAW,MEMORY_ST_RAW_LetNumSeq,MEMORY_ST_SCALED_VerPairI,ST,425,-0.0942248444573571,0.05224682344611261,-0.1876656472620513,0.0009061147152814601,0.11494301158144773
RAW,MEMORY_ST_RAW_LetNumSeq,MEMORY_ST_SCALED_FamPicI,ST,425,-0.14049379501098014,0.0037051504984049626,-0.2325093387639314,-0.0459855154608006,0.010566540310266005
RAW,MEMORY_ST_RAW_LetNumSeq,MEMORY_ST_SCALED_LetNumSeq,ST,425,-0.8399430818610261,2.3659863770758854e-114,-0.8658837401262408,-0.8094972704392693,1.8218095103484318e-112
RAW,MEMORY_ST_RAW_LetNumSeq,MEMORY_ST_SCALED_SpaForward,ST,425,-0.16052728268316596,0.0008964051629507137,-0.2518051041450573,-0.06641864509238622,0.002820952885099148
RAW,MEMORY_ST_RAW_LetNumSeq,MEMORY_ST_SCALED_SpaBackward,ST,425,-0.16373906217883236,0.0007027030845502602,-0.25489187628501225,-0.06970185342033729,0.0024594607959259104
RAW,MEMORY_ST_RAW_LetNumSeq,MEMORY_ST_SCALED_SpaTotal,ST,425,-0.20191280896342925,2.7462316317249848e-05,-0.29143813451580813,-0.10888120011587238,0.00015104273974487416
RAW,MEMORY_ST_RAW_LetNumSeq,MOTOR_ST_RAW_HEIGHT,ST,423,-0.1328831441177903,0.006199032429695581,-0.22537529647103627,-0.038017145352745016,0.014916421783954992
RAW,MEMORY_ST_RAW_LetNumSeq,MOTOR_ST_RAW_WEIGHT,ST,423,-0.046199892800272375,0.3431874843487295,-0.14092678269030998,0.049365243471421495,0.5181458097029837
RAW,MEMORY_ST_RAW_LetNumSeq,MOTOR_ST_RAW_PegboardSum,ST,423,-0.007964513285039812,0.8702635528319034,-0.10323379753822784,0.08744957551401879,0.9438069516627684
RAW,MEMORY_ST_RAW_LetNumSeq,MOTOR_ST_NORM_BMI,ST,422,-8.839591179028231e-05,0.9985554314957807,-0.09554828998884789,0.09537310922411611,0.9985554314957807
RAW,MEMORY_ST_RAW_LetNumSeq,MOTOR_ST_NORM_WHR,ST,422,-0.07485602994030212,0.12470181518680795,-0.16910831456242198,0.020752967145599016,0.23693816199268936
RAW,MEMORY_ST_RAW_LetNumSeq,MOTOR_ST_NORM_AerobicRating,ST,411,0.051778610576625916,0.2949979770155523,-0.04517872475874464,0.14776954529649597,0.4635682495958679
RAW,MEMORY_ST_RAW_LetNumSeq,MOTOR_ST_NORM_FunctionalReaching,ST,422,-0.08544206120668264,0.07956657734879623,-0.17943919109075976,0.01010102673928843,0.1655844988069543
RAW,MEMORY_ST_RAW_LetNumSeq,MOTOR_ST_NORM_BestLegEyeClose,ST,413,0.03399846422328968,0.49080089862789766,-0.06270355525198061,0.13006805283009715,0.6095430515217438
RAW,MEMORY_ST_RAW_LetNumSeq,MOTOR_ST_NORM_PegboardDominant,ST,422,0.04868429480306556,0.31841071174317664,-0.04699481096005128,0.14347818932046644,0.49035249608449205
RAW,MEMORY_ST_RAW_LetNumSeq,MOTOR_ST_NORM_PegboardNondominant,ST,422,0.05766199445951505,0.23720581932050747,-0.038007918740658966,0.1522844519872155,0.4015148424930596
RAW,MEMORY_ST_RAW_LetNumSeq,MOTOR_ST_NORM_PegboardSum,ST,422,-0.00476367015599446,0.9222748215465384,-0.10017881485780622,0.09073829281934732,0.9698222228537684
RAW,MEMORY_ST_RAW_LetNumSeq,MOTOR_ST_NORM_PegboardBoth,ST,422,0.04168311786217484,0.3930425776085495,-0.05399242371631707,0.13660027211639666,0.5604496014047835
RAW,MEMORY_ST_RAW_LetNumSeq,MOTOR_ST_NORM_PegboardAssemble,ST,422,-0.04297333834568903,0.3785483600382189,-0.1378684657132813,0.05270356599272205,0.5499664853385444
RAW,MEMORY_ST_RAW_LetNumSeq,MOTOR_ST_NORM_WaisSpeed,ST,422,-0.08677241967483361,0.07497667017253343,-0.1807360192395716,0.008760849909011189,0.16036676675791872
RAW,MEMORY_ST_RAW_LetNumSeq,MOTOR_ST_SCALED_FineMotor,ST,423,-0.057268654315966935,0.23986600980104858,-0.15178750852625925,0.03828809505210391,0.4015148424930596
RAW,MEMORY_ST_RAW_LetNumSeq,MOTOR_ST_SCALED_Balance,ST,413,-0.03884961174076565,0.4310349933431045,-0.13484042230583324,0.057863616209283264,0.574627340646948
RAW,MEMORY_ST_RAW_LetNumSeq,MOTOR_ST_SCALED_ProcessingSpeed,ST,423,-0.11166485219094348,0.02161882428848273,-0.20483169210418214,-0.016492770687602853,0.050443923339793036
RAW,MEMORY_ST_RAW_SpaForward,BASIC_Q_BFI_Agreeableness,Q,425,0.050857398376786114,0.2955419665256122,-0.04448062326244103,0.14527742748387068,0.4905243402153477
RAW,MEMORY_ST_RAW_SpaForward,BASIC_Q_BFI_Conscientiousness,Q,425,0.012516841973713545,0.7969538204693399,-0.08270446679389186,0.10751167226773918,0.8461823609853365
RAW,MEMORY_ST_RAW_SpaForward,BASIC_Q_BFI_EmotionalStability,Q,425,0.06613827118929078,0.1735294221017872,-0.029168070452441675,0.16025291614770537,0.36112879734696257
RAW,MEMORY_ST_RAW_SpaForward,BASIC_Q_BFI_Extraversion,Q,423,0.06462332215192185,0.18465443727564881,-0.030914845127662786,0.1589913475156953,0.37416820184802524
RAW,MEMORY_ST_RAW_SpaForward,BASIC_Q_BFI_Intellect,Q,425,0.043362310063232046,0.37254109092787907,-0.0519749109677432,0.13791627817448004,0.5709320561238096
RAW,MEMORY_ST_RAW_SpaForward,BASIC_Q_Beck_Anxiety,Q,425,0.038858076029469474,0.42427750450070995,-0.056473504170983194,0.13348750516325592,0.5939885063009939
RAW,MEMORY_ST_RAW_SpaForward,BASIC_Q_Beck_Depression,Q,425,-0.008120272031981315,0.8674381759932491,-0.1031634239234123,0.0870698204534148,0.8905698606864024
RAW,MEMORY_ST_RAW_SpaForward,BASIC_Q_CogFailure_Sum,Q,425,-0.032644547224894856,0.5021049536779176,-0.1273718644914104,0.06267290503581316,0.6665876109172355
RAW,MEMORY_ST_RAW_SpaForward,BASIC_Q_EHI_Sum,Q,425,0.0855204216338989,0.07822422927197778,-0.0096811718945469,0.1791855943706936,0.17715487217477321
RAW,MEMORY_ST_RAW_SpaForward,BASIC_Q_IPAQ_MET,Q,425,-0.039913946299376925,0.41178824677028486,-0.13452602531998195,0.05541930343840061,0.5939885063009939
RAW,MEMORY_ST_RAW_SpaForward,BASIC_Q_MOCA_SUM,Q,425,-0.08589302547298304,0.07692975515528701,-0.17954887913307144,0.009305844616933909,0.17715487217477321
RAW,MEMORY_ST_RAW_SpaForward,BASIC_Q_MSPSS_Sum,Q,425,0.027771810369284663,0.5680305010689594,-0.0675294220869906,0.12257084858905455,0.7170221079067192
RAW,MEMORY_ST_RAW_SpaForward,BASIC_Q_PSQI_DaytimeDysfunc,Q,425,-0.01811909946627635,0.7095464712212395,-0.11304709598229075,0.07713668643618736,0.7918127287541368
RAW,MEMORY_ST_RAW_SpaForward,BASIC_Q_PSQI_SleepDisturbance,Q,425,-0.025566422915358773,0.5991668948120783,-0.12039646238032688,0.06972598496818291,0.7354287027971492
RAW,MEMORY_ST_RAW_SpaForward,BASIC_Q_PSQI_SleepDuration,Q,425,0.028183933756169878,0.5622986791292632,-0.06711884528184084,0.12297707783660194,0.7170221079067192
RAW,MEMORY_ST_RAW_SpaForward,BASIC_Q_PSQI_SleepEfficiency,Q,425,-0.04285641236392624,0.37814980340667903,-0.13741904437591093,0.05248036806662398,0.5709320561238096
RAW,MEMORY_ST_RAW_SpaForward,BASIC_Q_PSQI_SleepLatency,Q,425,-0.04962987633279989,0.30736725039411494,-0.14407255692911647,0.045708749412866775,0.4905243402153477
RAW,MEMORY_ST_RAW_SpaForward,BASIC_Q_PSQI_SleepMedication,Q,425,-0.019708122233074155,0.6853774727766535,-0.11461609003292907,0.07555636043586399,0.77608919711474
RAW,MEMORY_ST_RAW_SpaForward,BASIC_Q_PSQI_SleepQuality,Q,423,-0.08897573597190765,0.06752358260348469,-0.1827728386167707,0.006426463545254729,0.16771986646672002
RAW,MEMORY_ST_RAW_SpaForward,BASIC_Q_PSQI_Sum,Q,425,-0.0559150366503496,0.25005199225977737,-0.15023878478462113,0.03941745451250785,0.4696098391220209
RAW,MEMORY_ST_RAW_SpaForward,BASIC_Q_SF36_EmotionalLimit,Q,425,0.025388341097294435,0.6017143931976675,-0.06990331390395313,0.1202208441558941,0.7354287027971492
RAW,MEMORY_ST_RAW_SpaForward,BASIC_Q_SF36_EmotionalWell,Q,425,0.039152190477918715,0.42077661103879294,-0.056179876132464314,0.1337768075920241,0.5939885063009939
RAW,MEMORY_ST_RAW_SpaForward,BASIC_Q_SF36_Energy,Q,425,0.09104097076622898,0.06076164920819053,-0.004117525037134063,0.18456545769571372,0.1559548996343557
RAW,MEMORY_ST_RAW_SpaForward,BASIC_Q_SF36_GeneralHealth,Q,425,0.04103408523694064,0.3987793031964955,-0.05430070326348306,0.13562753091941354,0.5905001220409646
RAW,MEMORY_ST_RAW_SpaForward,BASIC_Q_SF36_Mental,Q,425,0.052917764601047405,0.2763843690367266,-0.042418595095015346,0.1472991444007637,0.4830008022441544
RAW,MEMORY_ST_RAW_SpaForward,BASIC_Q_SF36_Pain,Q,425,-0.0016107513932090793,0.9735878941716651,-0.09671876994217199,0.09352641637926108,0.9735878941716651
RAW,MEMORY_ST_RAW_SpaForward,BASIC_Q_SF36_Physical,Q,425,0.012184956658354508,0.802224835739345,-0.08303412323385477,0.10718356138493075,0.8461823609853365
RAW,MEMORY_ST_RAW_SpaForward,BASIC_Q_SF36_PhysicalFunct,Q,424,-0.03641716108050854,0.4545146647248457,-0.13119720387475478,0.05902260023302517,0.6249576639966629
RAW,MEMORY_ST_RAW_SpaForward,BASIC_Q_SF36_PhysicalLimit,Q,425,0.022564241960940506,0.6427460357338755,-0.0727146686918976,0.11743502012745359,0.7614068423308986
RAW,MEMORY_ST_RAW_SpaForward,BASIC_Q_SF36_SocialFunc,Q,425,0.010960959383205494,0.8217402769746731,-0.0842497202653392,0.10597330536031777,0.8550540719871599
RAW,MEMORY_ST_RAW_SpaForward,LANGUAGE_ST_RAW_SUM,ST,425,-0.10646850810918432,0.028186448208769546,-0.1995701815346841,-0.01146175025195988,0.10851782560376275
RAW,MEMORY_ST_RAW_SpaForward,LANGUAGE_ST_SCALED_SIMILARITY,ST,425,-0.0988444074899419,0.04167828545607329,-0.192160483073459,-0.003756893430749402,0.12117285787421338
RAW,MEMORY_ST_RAW_SpaForward,LANGUAGE_ST_SCALED_VOCABULARY,ST,425,-0.09855795229512274,0.04227662686750088,-0.19188187592356906,-0.0034676239325048307,0.12117285787421338
RAW,MEMORY_ST_RAW_SpaForward,LANGUAGE_ST_SCALED_INFORMATION,ST,425,-0.07664830601700909,0.11460849382341004,-0.17052782462727242,0.01861021889610126,0.25213868641150206
RAW,MEMORY_ST_RAW_SpaForward,LANGUAGE_ST_SCALED_SUM,ST,425,-0.10358043910308004,0.032775578526474954,-0.19676458190738016,-0.008541762209846052,0.1201771212637415
RAW,MEMORY_ST_RAW_SpaForward,LANGUAGE_ST_NORM_SIMILARITY,ST,425,-0.10044026754445694,0.03847413420781945,-0.19371234588997768,-0.005368723479419558,0.12117285787421338
RAW,MEMORY_ST_RAW_SpaForward,LANGUAGE_ST_NORM_VOCABULARY,ST,425,-0.09772265911173521,0.04406285740880486,-0.19106938147195085,-0.002624215189382496,0.12117285787421338
RAW,MEMORY_ST_RAW_SpaForward,LANGUAGE_ST_NORM_INFORMATION,ST,425,-0.05891137887442129,0.22552572609170257,-0.15317584710253127,0.03641552480767995,0.4452687412579769
RAW,MEMORY_ST_RAW_SpaForward,LANGUAGE_ST_NORM_VCI,ST,425,-0.09421923162786941,0.05226091025252057,-0.18766018359636547,0.000911777815964418,0.13876172722220978
RAW,MEMORY_ST_RAW_SpaForward,LANGUAGE_ST_NORM_PR,ST,425,-0.09931422772758114,0.04071240612015536,-0.19261739902882685,-0.004231363913264802,0.12117285787421338
RAW,MEMORY_ST_RAW_SpaForward,MEMORY_ST_NORM_AudImm,ST,425,-0.11440142085969669,0.01831190579284188,-0.20726872143533906,-0.019490684422057373,0.08812604662805154
RAW,MEMORY_ST_RAW_SpaForward,MEMORY_ST_NORM_VisImm,ST,425,-0.10210235375774555,0.035361306012557325,-0.19532811296573888,-0.007047967767121476,0.12117285787421338
RAW,MEMORY_ST_RAW_SpaForward,MEMORY_ST_NORM_ImmMem,ST,425,-0.12189206527962096,0.011908224189513037,-0.2145275167001848,-0.02708325023391918,0.07641110521604198
RAW,MEMORY_ST_RAW_SpaForward,MEMORY_ST_NORM_WorMem,ST,425,-0.44947025423687775,1.5950366521703417e-22,-0.522263764231534,-0.3701741710138487,4.09392740723721e-21
RAW,MEMORY_ST_RAW_SpaForward,MEMORY_ST_SCALED_AudImm,ST,425,-0.11474547924918055,0.01796237965404675,-0.20760235479346995,-0.019839184548431393,0.08812604662805154
RAW,MEMORY_ST_RAW_SpaForward,MEMORY_ST_SCALED_VisImm,ST,425,-0.13183842208455374,0.006492663461772048,-0.22415022659987882,-0.03718187650254368,0.04999350865564477
RAW,MEMORY_ST_RAW_SpaForward,MEMORY_ST_SCALED_ImmMem,ST,425,-0.13392245197118574,0.005688485905910749,-0.2261641654705655,-0.03930026359148512,0.04963373214805115
RAW,MEMORY_ST_RAW_SpaForward,MEMORY_ST_SCALED_WorMem,ST,425,-0.33586701579506434,1.1495151909537109e-12,-0.4176466188793125,-0.24868946416335988,1.7702533940687147e-11
RAW,MEMORY_ST_RAW_SpaForward,MEMORY_ST_RAW_AudImm,ST,425,-0.11767401967461256,0.015215626609208976,-0.21044128567264136,-0.02280646582022918,0.08812604662805154
RAW,MEMORY_ST_RAW_SpaForward,MEMORY_ST_RAW_VisImm,ST,425,-0.1294091943962315,0.007557551828587187,-0.22180170420224268,-0.034713674006404495,0.05290286280011031
RAW,MEMORY_ST_RAW_SpaForward,MEMORY_ST_RAW_ImmMem,ST,425,-0.13632573596262285,0.004873103904979491,-0.22848564251035847,-0.04174422443455745,0.04963373214805115
RAW,MEMORY_ST_RAW_SpaForward,MEMORY_ST_RAW_WorMem,ST,425,-0.3971609486263127,1.6461299985334623e-17,-0.474362797935636,-0.31389684376395993,3.168800247176915e-16
RAW,MEMORY_ST_RAW_SpaForward,MEMORY_ST_SCALED_LogMemI,ST,425,-0.10692620017405022,0.027512354634428488,-0.20001466403252174,-0.011924649532470665,0.10851782560376275
RAW,MEMORY_ST_RAW_SpaForward,MEMORY_ST_SCALED_FacI,ST,425,-0.05043598640772535,0.29956692656474654,-0.1448638234043661,0.0449022751084443,0.4905243402153477
RAW,MEMORY_ST_RAW_SpaForward,MEMORY_ST_SCALED_VerPairI,ST,425,-0.09789856749728275,0.0436814996640565,-0.19124049919681277,-0.002801821424117299,0.12117285787421338
RAW,MEMORY_ST_RAW_SpaForward,MEMORY_ST_SCALED_FamPicI,ST,425,-0.1336145975885468,0.005801345316005979,-0.22586671461616184,-0.03898728038677926,0.04963373214805115
RAW,MEMORY_ST_RAW_SpaForward,MEMORY_ST_SCALED_LetNumSeq,ST,425,-0.11504057879164097,0.017667244096700636,-0.2078884955568311,-0.02013811215147362,0.08812604662805154
RAW,MEMORY_ST_RAW_SpaForward,MEMORY_ST_SCALED_SpaForward,ST,425,-0.8844502324803833,4.1569386236637146e-142,-0.903555653680713,-0.8618347746531761,3.2008427402210603e-140
RAW,MEMORY_ST_RAW_SpaForward,MEMORY_ST_SCALED_SpaBackward,ST,425,-0.21361608167018686,8.903686533433868e-06,-0.3025903536493454,-0.12095093894783017,0.00011426397717906798
RAW,MEMORY_ST_RAW_SpaForward,MEMORY_ST_SCALED_SpaTotal,ST,425,-0.5934552311369446,8.60139597761045e-42,-0.6517841091834933,-0.5281468904479276,3.311537451380023e-40
RAW,MEMORY_ST_RAW_SpaForward,MOTOR_ST_RAW_HEIGHT,ST,423,0.013083044384158122,0.7884732159017613,-0.08236738359239373,0.10829563208378101,0.8461823609853365
RAW,MEMORY_ST_RAW_SpaForward,MOTOR_ST_RAW_WEIGHT,ST,423,0.0540401583521478,0.26744588908912365,-0.041521465081385024,0.14862204761601394,0.47891473162470977
RAW,MEMORY_ST_RAW_SpaForward,MOTOR_ST_RAW_PegboardSum,ST,423,-0.02159885828325981,0.6577945872550955,-0.116706193207912,0.07390101331753453,0.7645568792251799
RAW,MEMORY_ST_RAW_SpaForward,MOTOR_ST_NORM_BMI,ST,422,0.04931727611577065,0.3121518528643122,-0.04636168864896121,0.14409957558601094,0.4905243402153477
RAW,MEMORY_ST_RAW_SpaForward,MOTOR_ST_NORM_WHR,ST,422,-0.013863752309084851,0.7764357062121321,-0.1091799591468919,0.08170508009407738,0.8461823609853365
RAW,MEMORY_ST_RAW_SpaForward,MOTOR_ST_NORM_AerobicRating,ST,411,0.053161426010219275,0.28227319611671364,-0.043794836030236775,0.14912562146654185,0.4830008022441544
RAW,MEMORY_ST_RAW_SpaForward,MOTOR_ST_NORM_FunctionalReaching,ST,422,0.05441246398511861,0.2647276674003437,-0.04126256451542017,0.14909870808007047,0.47891473162470977
RAW,MEMORY_ST_RAW_SpaForward,MOTOR_ST_NORM_BestLegEyeClose,ST,413,0.0345874915036957,0.4833153381596571,-0.06211613141089216,0.13064775239298781,0.6528996673384841
RAW,MEMORY_ST_RAW_SpaForward,MOTOR_ST_NORM_PegboardDominant,ST,422,-0.021121726315099926,0.6652637780271046,-0.11634783512730569,0.07448916614785732,0.7645568792251799
RAW,MEMORY_ST_RAW_SpaForward,MOTOR_ST_NORM_PegboardNondominant,ST,422,0.029806949609888535,0.5414426480877047,-0.0658410944779692,0.1249122256722668,0.7066285407246315
RAW,MEMORY_ST_RAW_SpaForward,MOTOR_ST_NORM_PegboardSum,ST,422,-0.06649674590814131,0.17273243718941286,-0.160935853469202,0.029148987133968473,0.36112879734696257
RAW,MEMORY_ST_RAW_SpaForward,MOTOR_ST_NORM_PegboardBoth,ST,422,-0.023082236816308537,0.6363368951484571,-0.11828230842434102,0.07253829778708713,0.7614068423308986
RAW,MEMORY_ST_RAW_SpaForward,MOTOR_ST_NORM_PegboardAssemble,ST,422,-0.08716909047231648,0.0736505845273024,-0.1811226291346893,0.008361185154691163,0.17715487217477321
RAW,MEMORY_ST_RAW_SpaForward,MOTOR_ST_NORM_WaisSpeed,ST,422,-0.111461544092001,0.02201768011238956,-0.20474373079501368,-0.01617292687540331,0.09712762315564037
RAW,MEMORY_ST_RAW_SpaForward,MOTOR_ST_SCALED_FineMotor,ST,423,-0.05641872428159727,0.24692499267405268,-0.15095436100719498,0.03913950231855257,0.4696098391220209
RAW,MEMORY_ST_RAW_SpaForward,MOTOR_ST_SCALED_Balance,ST,413,-0.0038918516713340678,0.9371500606707769,-0.10035047139863264,0.09263924521104118,0.9494809825217082
RAW,MEMORY_ST_RAW_SpaForward,MOTOR_ST_SCALED_ProcessingSpeed,ST,423,-0.11076433367800526,0.022705158659760086,-0.20395798821539965,-0.015581208951699599,0.09712762315564037
RAW,MEMORY_ST_RAW_SpaBackward,BASIC_Q_BFI_Agreeableness,Q,425,-0.010411334673925812,0.8305401732968954,-0.10542975943657097,0.0847954807393634,0.900726666814943
RAW,MEMORY_ST_RAW_SpaBackward,BASIC_Q_BFI_Conscientiousness,Q,425,0.046264942616636336,0.34136240962355036,-0.049073861943423544,0.14076827988774032,0.5196415826840722
RAW,MEMORY_ST_RAW_SpaBackward,BASIC_Q_BFI_EmotionalStability,Q,425,-0.09007083001816911,0.0635731991904271,-0.18362044578345862,0.005095666321519233,0.2235089806553807
RAW,MEMORY_ST_RAW_SpaBackward,BASIC_Q_BFI_Extraversion,Q,423,-0.06985391740671207,0.1515197382469124,-0.16410856701683849,0.02566469976762692,0.29152290256217067
RAW,MEMORY_ST_RAW_SpaBackward,BASIC_Q_BFI_Intellect,Q,425,-0.04200104871444542,0.3877500520606563,-0.13657822108121634,0.05333487565008732,0.572277480302982
RAW,MEMORY_ST_RAW_SpaBackward,BASIC_Q_Beck_Anxiety,Q,425,0.1006723615859085,0.03802598365279315,0.005603181272829348,0.1939380023177205,0.17223533772147487
RAW,MEMORY_ST_RAW_SpaBackward,BASIC_Q_Beck_Depression,Q,425,0.1574383942792224,0.001128157028568762,0.063262982140928,0.24883468700923628,0.012409727314256382
RAW,MEMORY_ST_RAW_SpaBackward,BASIC_Q_CogFailure_Sum,Q,425,0.08448377326264346,0.08191884516669837,-0.01072525622854028,0.17817473887470064,0.2235089806553807
RAW,MEMORY_ST_RAW_SpaBackward,BASIC_Q_EHI_Sum,Q,425,-0.008508525884489398,0.8611626766850412,-0.10354755686416886,0.08668447036174406,0.9209656403437246
RAW,MEMORY_ST_RAW_SpaBackward,BASIC_Q_IPAQ_MET,Q,425,-0.023160546609650858,0.6339856455437586,-0.11802336741849746,0.07212118106770989,0.7748713445534827
RAW,MEMORY_ST_RAW_SpaBackward,BASIC_Q_MOCA_SUM,Q,425,-0.08875376931357015,0.06756068729779886,-0.18233722313737763,0.006423297165239042,0.2235089806553807
RAW,MEMORY_ST_RAW_SpaBackward,BASIC_Q_MSPSS_Sum,Q,425,-0.0629817570287719,0.19502200087540628,-0.1571630304960186,0.032334798586946954,0.34304121532928067
RAW,MEMORY_ST_RAW_SpaBackward,BASIC_Q_PSQI_DaytimeDysfunc,Q,425,0.0383949864333839,0.42982399383187697,-0.05693579448201338,0.1330319595067982,0.5910079915188309
RAW,MEMORY_ST_RAW_SpaBackward,BASIC_Q_PSQI_SleepDisturbance,Q,425,-0.04145938730699139,0.3939052786501045,-0.13604569691454757,0.053875922757849144,0.572277480302982
RAW,MEMORY_ST_RAW_SpaBackward,BASIC_Q_PSQI_SleepDuration,Q,425,0.004272270467475307,0.9300228277303059,-0.09088750307518578,0.09935473137518369,0.9677264558815345
RAW,MEMORY_ST_RAW_SpaBackward,BASIC_Q_PSQI_SleepEfficiency,Q,425,-0.014629789355277903,0.7636214084404487,-0.10960010460758161,0.08060522077836552,0.8775947529837993
RAW,MEMORY_ST_RAW_SpaBackward,BASIC_Q_PSQI_SleepLatency,Q,425,0.10711228400558839,0.02724227695780191,0.012112862104961803,0.20019536629643486,0.14830080041549887
RAW,MEMORY_ST_RAW_SpaBackward,BASIC_Q_PSQI_SleepMedication,Q,425,0.11967765902861704,0.01355552767209067,0.024837574198297675,0.21238271524363606,0.10015007613562356
RAW,MEMORY_ST_RAW_SpaBackward,BASIC_Q_PSQI_SleepQuality,Q,423,0.10501602870364803,0.03081575073568808,0.009766137599734062,0.19837734920539105,0.14830080041549887
RAW,MEMORY_ST_RAW_SpaBackward,BASIC_Q_PSQI_Sum,Q,425,0.10599212844923687,0.028903079600008014,0.01097999401007024,0.19910751009403632,0.14830080041549887
RAW,MEMORY_ST_RAW_SpaBackward,BASIC_Q_SF36_EmotionalLimit,Q,425,-0.01264675617729782,0.7948930142255973,-0.1076401033607456,0.08257541939278303,0.8870545231213188
RAW,MEMORY_ST_RAW_SpaBackward,BASIC_Q_SF36_EmotionalWell,Q,425,-0.11948808358096237,0.013705462481741612,-0.21219905715009452,-0.024645366211051734,0.10015007613562356
RAW,MEMORY_ST_RAW_SpaBackward,BASIC_Q_SF36_Energy,Q,425,-0.11057505085338326,0.02261690672547557,-0.203556834513666,-0.015616470484580586,0.14512515148846825
RAW,MEMORY_ST_RAW_SpaBackward,BASIC_Q_SF36_GeneralHealth,Q,425,-0.15454534308600212,0.0013940909720997982,-0.24605103581331997,-0.06030909682377283,0.013418125606460558
RAW,MEMORY_ST_RAW_SpaBackward,BASIC_Q_SF36_Mental,Q,425,-0.08942235330551036,0.06551160450077491,-0.1829886696439943,0.005749389346938614,0.2235089806553807
RAW,MEMORY_ST_RAW_SpaBackward,BASIC_Q_SF36_Pain,Q,425,-0.06193093952605828,0.2025917618704888,-0.15613398465503706,0.03338859195446658,0.3466570147561697
RAW,MEMORY_ST_RAW_SpaBackward,BASIC_Q_SF36_Physical,Q,425,-0.0459961021557143,0.3441781911284115,-0.14050419472187495,0.04934262335132313,0.5196415826840722
RAW,MEMORY_ST_RAW_SpaBackward,BASIC_Q_SF36_PhysicalFunct,Q,424,0.001755371635079897,0.9712515513558027,-0.09349531794202698,0.09697421986291467,0.9712515513558027
RAW,MEMORY_ST_RAW_SpaBackward,BASIC_Q_SF36_PhysicalLimit,Q,425,0.03122275525733489,0.5209157848661115,-0.06409043086100207,0.125971458120057,0.6798392446557726
RAW,MEMORY_ST_RAW_SpaBackward,BASIC_Q_SF36_SocialFunc,Q,425,-0.07590280229858763,0.11818850434051499,-0.16979967112597633,0.01935981503300342,0.2527920787283237
RAW,MEMORY_ST_RAW_SpaBackward,LANGUAGE_ST_RAW_SUM,ST,425,-0.0853874264697574,0.07869052857138355,-0.17905591932046422,0.00981513265206835,0.2235089806553807
RAW,MEMORY_ST_RAW_SpaBackward,LANGUAGE_ST_SCALED_SIMILARITY,ST,425,-0.08327255949511513,0.08641292431743773,-0.17699341079175093,0.011944895204751522,0.2235089806553807
RAW,MEMORY_ST_RAW_SpaBackward,LANGUAGE_ST_SCALED_VOCABULARY,ST,425,-0.0723416570609626,0.13650829831449893,-0.16631998977197512,0.02293903202840983,0.2705827609393525
RAW,MEMORY_ST_RAW_SpaBackward,LANGUAGE_ST_SCALED_INFORMATION,ST,425,-0.06906475329373205,0.15522648058505192,-0.1631159785256483,0.02623040865111901,0.29152290256217067
RAW,MEMORY_ST_RAW_SpaBackward,LANGUAGE_ST_SCALED_SUM,ST,425,-0.08549270127603537,0.07832123530575334,-0.17915856629704102,0.009709093794215652,0.2235089806553807
RAW,MEMORY_ST_RAW_SpaBackward,LANGUAGE_ST_NORM_SIMILARITY,ST,425,-0.09658912093633834,0.04658803856446477,-0.18996657779700526,-0.0014798800992853014,0.19929327608132152
RAW,MEMORY_ST_RAW_SpaBackward,LANGUAGE_ST_NORM_VOCABULARY,ST,425,-0.0797145389609148,0.10077046849625146,-0.17352161896487361,0.015526027557145727,0.2282154727709224
RAW,MEMORY_ST_RAW_SpaBackward,LANGUAGE_ST_NORM_INFORMATION,ST,425,-0.06409934987706484,0.18720029371138708,-0.15825724380208875,0.031213808177586573,0.34304121532928067
RAW,MEMORY_ST_RAW_SpaBackward,LANGUAGE_ST_NORM_VCI,ST,425,-0.09414818718562738,0.05243948785598411,-0.18759102669655145,0.0009834580389262962,0.2125179244689882
RAW,MEMORY_ST_RAW_SpaBackward,LANGUAGE_ST_NORM_PR,ST,425,-0.08119247232266974,0.09459200850895126,-0.17496401773409404,0.014038790610120021,0.22761202047466397
RAW,MEMORY_ST_RAW_SpaBackward,MEMORY_ST_NORM_AudImm,ST,425,-0.0798166030258302,0.10033374081537505,-0.17362124199762557,0.015423334544024586,0.2282154727709224
RAW,MEMORY_ST_RAW_SpaBackward,MEMORY_ST_NORM_VisImm,ST,425,-0.07224242495837195,0.13704841138486684,-0.16622299414821048,0.023038732737740052,0.2705827609393525
RAW,MEMORY_ST_RAW_SpaBackward,MEMORY_ST_NORM_ImmMem,ST,425,-0.08706187973844966,0.07298150894130655,-0.18068833382676788,0.008128272872901667,0.2235089806553807
RAW,MEMORY_ST_RAW_SpaBackward,MEMORY_ST_NORM_WorMem,ST,425,-0.46039726242498175,1.0989068567746032e-23,-0.5322122407640939,-0.38200402114205595,2.820527599054815e-22
RAW,MEMORY_ST_RAW_SpaBackward,MEMORY_ST_SCALED_AudImm,ST,425,-0.05484466951113534,0.2592476452433267,-0.14918919012652504,0.04048940063210345,0.41587643091116994
RAW,MEMORY_ST_RAW_SpaBackward,MEMORY_ST_SCALED_VisImm,ST,425,-0.08306728589835191,0.08719387445765495,-0.17679317538425682,0.012151568612783251,0.2235089806553807
RAW,MEMORY_ST_RAW_SpaBackward,MEMORY_ST_SCALED_ImmMem,ST,425,-0.07240779503453317,0.13614922424609116,-0.16638463612745258,0.02287258067695546,0.2705827609393525
RAW,MEMORY_ST_RAW_SpaBackward,MEMORY_ST_SCALED_WorMem,ST,425,-0.33643319513083075,1.0480787657970894e-12,-0.4181734454378925,-0.24928819803324298,1.6140412993275178e-11
RAW,MEMORY_ST_RAW_SpaBackward,MEMORY_ST_RAW_AudImm,ST,425,-0.06068535022602205,0.21183815645792178,-0.15491393753084742,0.03463743426149266,0.35459865320130385
RAW,MEMORY_ST_RAW_SpaBackward,MEMORY_ST_RAW_VisImm,ST,425,-0.08242754205558615,0.08966420268158036,-0.17616908350079818,0.01279562284382888,0.2235089806553807
RAW,MEMORY_ST_RAW_SpaBackward,MEMORY_ST_RAW_ImmMem,ST,425,-0.07839503798614492,0.10655348917506219,-0.17223350318359584,0.016853478801882392,0.23441767618513681
RAW,MEMORY_ST_RAW_SpaBackward,MEMORY_ST_RAW_WorMem,ST,425,-0.3966873872542821,1.8111580599081102e-17,-0.47392704756563453,-0.3133900178531666,3.486479265323112e-16
RAW,MEMORY_ST_RAW_SpaBackward,MEMORY_ST_SCALED_LogMemI,ST,425,-0.0628410359112072,0.19602355161673182,-0.1570252368080777,0.032475930510300045,0.34304121532928067
RAW,MEMORY_ST_RAW_SpaBackward,MEMORY_ST_SCALED_FacI,ST,425,-0.04041677011944189,0.4059178498407349,-0.13502051366733775,0.0549171999593266,0.5763804560505817
RAW,MEMORY_ST_RAW_SpaBackward,MEMORY_ST_SCALED_VerPairI,ST,425,-0.03992144566271836,0.41170032575041554,-0.13453340071013042,0.055411815172765076,0.5763804560505817
RAW,MEMORY_ST_RAW_SpaBackward,MEMORY_ST_SCALED_FamPicI,ST,425,-0.08234572729843519,0.08998413506904937,-0.17608926498623256,0.012877983144540658,0.2235089806553807
RAW,MEMORY_ST_RAW_SpaBackward,MEMORY_ST_SCALED_LetNumSeq,ST,425,-0.11874521411751224,0.01430715373366051,-0.21147931228232295,-0.02389224845860141,0.10015007613562356
RAW,MEMORY_ST_RAW_SpaBackward,MEMORY_ST_SCALED_SpaForward,ST,425,-0.20041482213668524,3.157648493223511e-05,-0.29000892205692846,-0.10733828431884523,0.0004052315566303506
RAW,MEMORY_ST_RAW_SpaBackward,MEMORY_ST_SCALED_SpaBackward,ST,425,-0.8570657955353363,6.658897238786445e-124,-0.8804117202215248,-0.8295753586635607,5.127350873865563e-122
RAW,MEMORY_ST_RAW_SpaBackward,MEMORY_ST_SCALED_SpaTotal,ST,425,-0.5883957929136544,6.055981865659665e-41,-0.6472898945181915,-0.5225182369140716,2.331553018278971e-39
RAW,MEMORY_ST_RAW_SpaBackward,MOTOR_ST_RAW_HEIGHT,ST,423,0.01713908073144326,0.7252270820851124,-0.07833661451612732,0.1123032377501814,0.8725388331336509
RAW,MEMORY_ST_RAW_SpaBackward,MOTOR_ST_RAW_WEIGHT,ST,423,-0.013459391556003997,0.7825387072752944,-0.10866761581879582,0.08199351228051899,0.8861100067676128
RAW,MEMORY_ST_RAW_SpaBackward,MOTOR_ST_RAW_PegboardSum,ST,423,0.015676666354491952,0.7478412816849509,-0.07979027864736102,0.11085864197770033,0.8775947529837993
RAW,MEMORY_ST_RAW_SpaBackward,MOTOR_ST_NORM_BMI,ST,422,-0.011880363932427244,0.8077430155310512,-0.10721946583892861,0.0836752331528908,0.8885173170841564
RAW,MEMORY_ST_RAW_SpaBackward,MOTOR_ST_NORM_WHR,ST,422,-0.03753873633373579,0.44181703196210953,-0.13252453843347775,0.05813027233490561,0.5968405519488147
RAW,MEMORY_ST_RAW_SpaBackward,MOTOR_ST_NORM_AerobicRating,ST,411,-0.046871443228925704,0.3432017093659098,-0.14295435224619743,0.05008669925793664,0.5196415826840722
RAW,MEMORY_ST_RAW_SpaBackward,MOTOR_ST_NORM_FunctionalReaching,ST,422,-0.0021211035679081307,0.9653477079337496,-0.09756204935149883,0.09335850019652434,0.9712515513558027
RAW,MEMORY_ST_RAW_SpaBackward,MOTOR_ST_NORM_BestLegEyeClose,ST,413,-0.015261054685920785,0.7571547178698604,-0.11159302512361638,0.0813550579306112,0.8775947529837993
RAW,MEMORY_ST_RAW_SpaBackward,MOTOR_ST_NORM_PegboardDominant,ST,422,0.05606221714852639,0.2504925586363405,-0.03961046806448877,0.15071632314318426,0.410381425851026
RAW,MEMORY_ST_RAW_SpaBackward,MOTOR_ST_NORM_PegboardNondominant,ST,422,0.006243495002227986,0.8982449848533623,-0.08927041125884529,0.1016436148989801,0.9474638881329988
RAW,MEMORY_ST_RAW_SpaBackward,MOTOR_ST_NORM_PegboardSum,ST,422,-0.0028339395483171622,0.9537135532421142,-0.09826805545122022,0.09265182588221244,0.9712515513558027
RAW,MEMORY_ST_RAW_SpaBackward,MOTOR_ST_NORM_PegboardBoth,ST,422,0.02377505862066507,0.6262423020345113,-0.07184870838570659,0.11896575621953599,0.7748713445534827
RAW,MEMORY_ST_RAW_SpaBackward,MOTOR_ST_NORM_PegboardAssemble,ST,422,-0.035046197065965234,0.4727409357442667,-0.1300717379227399,0.06061730055091589,0.6276043457294576
RAW,MEMORY_ST_RAW_SpaBackward,MOTOR_ST_NORM_WaisSpeed,ST,422,-0.10649776361322631,0.0287074809242753,-0.19992594659182128,-0.01115042237641652,0.14830080041549887
RAW,MEMORY_ST_RAW_SpaBackward,MOTOR_ST_SCALED_FineMotor,ST,423,-0.023555873690876646,0.6290203079431136,-0.11863709480325421,0.07195341330276757,0.7748713445534827
RAW,MEMORY_ST_RAW_SpaBackward,MOTOR_ST_SCALED_Balance,ST,413,-0.028670226122005846,0.5612395321583978,-0.12482120568172993,0.06801424639194761,0.7202573996032772
RAW,MEMORY_ST_RAW_SpaBackward,MOTOR_ST_SCALED_ProcessingSpeed,ST,423,-0.09186380088464118,0.059057912762071216,-0.18558593342204946,0.003514663835195033,0.2235089806553807
RAW,MEMORY_ST_RAW_SpaTotal,BASIC_Q_BFI_Agreeableness,Q,425,0.05705963264129157,0.24047252431787963,-0.03827092720773708,0.15136093254212815,0.49438722746993014
RAW,MEMORY_ST_RAW_SpaTotal,BASIC_Q_BFI_Conscientiousness,Q,425,0.055052049537638294,0.257448030016484,-0.040281731822116695,0.14939256216124644,0.5082948284940837
RAW,MEMORY_ST_RAW_SpaTotal,BASIC_Q_BFI_EmotionalStability,Q,425,-0.009621936545818775,0.8432158838531552,-0.10464899261621737,0.08557922893062574,0.9697547069675199
RAW,MEMORY_ST_RAW_SpaTotal,BASIC_Q_BFI_Extraversion,Q,423,0.03138846408376138,0.5196962099320487,-0.0641512085363255,0.12635797753080064,0.800332163295355
RAW,MEMORY_ST_RAW_SpaTotal,BASIC_Q_BFI_Intellect,Q,425,0.07692063492355601,0.11332214166545333,-0.018336368342058047,0.17079379001737993,0.2908601636079969
RAW,MEMORY_ST_RAW_SpaTotal,BASIC_Q_Beck_Anxiety,Q,425,0.06963163019884375,0.15185644360752065,-0.02566117581993454,0.16367038757700897,0.36540456743059657
RAW,MEMORY_ST_RAW_SpaTotal,BASIC_Q_Beck_Depression,Q,425,0.07400383108192819,0.12770264936638212,-0.021268726877105456,0.16794443163686798,0.3171969032648846
RAW,MEMORY_ST_RAW_SpaTotal,BASIC_Q_CogFailure_Sum,Q,425,0.009584842854168902,0.8438125372314784,-0.08561605423463696,0.10461230162660953,0.9697547069675199
RAW,MEMORY_ST_RAW_SpaTotal,BASIC_Q_EHI_Sum,Q,425,0.03418056807510427,0.48219253418013075,-0.061141060799465664,0.12888435730667555,0.773517190247293
RAW,MEMORY_ST_RAW_SpaTotal,BASIC_Q_IPAQ_MET,Q,425,-0.027896324073863867,0.5662958278323141,-0.1226935848624097,0.06740537904961721,0.8084007292097981
RAW,MEMORY_ST_RAW_SpaTotal,BASIC_Q_MOCA_SUM,Q,425,-0.1126141727072758,0.020224624117581042,-0.2055352795882744,-0.017680734182932537,0.14339892501779306
RAW,MEMORY_ST_RAW_SpaTotal,BASIC_Q_MSPSS_Sum,Q,425,0.024606409368661233,0.6129572386417201,-0.07068186856406115,0.11944965946052441,0.8372100002337006
RAW,MEMORY_ST_RAW_SpaTotal,BASIC_Q_PSQI_DaytimeDysfunc,Q,425,0.0076349740118498,0.8752939138530386,-0.08755144886360978,0.10268323696942966,0.9869739919898167
RAW,MEMORY_ST_RAW_SpaTotal,BASIC_Q_PSQI_SleepDisturbance,Q,425,-0.0611167085080475,0.2086022568529177,-0.15533648287310983,0.03420498312785809,0.4589249650764189
RAW,MEMORY_ST_RAW_SpaTotal,BASIC_Q_PSQI_SleepDuration,Q,425,0.038373072908199475,0.4300874909178785,-0.05695766917188224,0.13301040197198988,0.7352587694701576
RAW,MEMORY_ST_RAW_SpaTotal,BASIC_Q_PSQI_SleepEfficiency,Q,425,-0.03612729883871912,0.45758318216279664,-0.13080063609947332,0.059198978021080075,0.749657553756071
RAW,MEMORY_ST_RAW_SpaTotal,BASIC_Q_PSQI_SleepLatency,Q,425,0.01695574747091364,0.7274292277900049,-0.07829336796936966,0.11189810711021059,0.9387123403646
RAW,MEMORY_ST_RAW_SpaTotal,BASIC_Q_PSQI_SleepMedication,Q,425,0.04255727271663848,0.38149051047599086,-0.05277922420441901,0.13712500530889982,0.7164577879671048
RAW,MEMORY_ST_RAW_SpaTotal,BASIC_Q_PSQI_SleepQuality,Q,423,0.005050371180352667,0.9175152810943972,-0.09034081141839871,0.10034972843266088,0.9869739919898167
RAW,MEMORY_ST_RAW_SpaTotal,BASIC_Q_PSQI_Sum,Q,425,0.017909628269274672,0.712754998508518,-0.07734497549084154,0.11284022972498808,0.9387123403646
RAW,MEMORY_ST_RAW_SpaTotal,BASIC_Q_SF36_EmotionalLimit,Q,425,0.015908490693697774,0.7436552306784494,-0.07933440066895293,0.11086356293783038,0.9387123403646
RAW,MEMORY_ST_RAW_SpaTotal,BASIC_Q_SF36_EmotionalWell,Q,425,-0.04362422129887487,0.3696576583906883,-0.13817368524806548,0.051713208645932644,0.711590992402075
RAW,MEMORY_ST_RAW_SpaTotal,BASIC_Q_SF36_Energy,Q,425,0.0011610423623841695,0.9809602799064345,-0.09397217380471798,0.09627324751234888,0.9869739919898167
RAW,MEMORY_ST_RAW_SpaTotal,BASIC_Q_SF36_GeneralHealth,Q,425,-0.02937632607918325,0.5458734166826267,-0.12415223781987318,0.06593074585245517,0.8084007292097981
RAW,MEMORY_ST_RAW_SpaTotal,BASIC_Q_SF36_Mental,Q,425,-0.011193956101749464,0.818016494843481,-0.10620370802678447,0.08401834443019222,0.9697547069675199
RAW,MEMORY_ST_RAW_SpaTotal,BASIC_Q_SF36_Pain,Q,425,-0.0379221273451404,0.4355305578756008,-0.13256676224360972,0.05740779524504261,0.7352587694701576
RAW,MEMORY_ST_RAW_SpaTotal,BASIC_Q_SF36_Physical,Q,425,-0.004244531047519167,0.9304760311049413,-0.09932726520733805,0.09091501378211746,0.9869739919898167
RAW,MEMORY_ST_RAW_SpaTotal,BASIC_Q_SF36_PhysicalFunct,Q,424,0.011512703549827667,0.8131462898133935,-0.08381425117713918,0.10663085178825452,0.9697547069675199
RAW,MEMORY_ST_RAW_SpaTotal,BASIC_Q_SF36_PhysicalLimit,Q,425,0.02413684672998685,0.6197528573158563,-0.07114934743244336,0.11898649558416292,0.8372100002337006
RAW,MEMORY_ST_RAW_SpaTotal,BASIC_Q_SF36_SocialFunc,Q,425,-0.032049704951386176,0.5099311145667156,-0.12678601536508713,0.0632660092554534,0.800332163295355
RAW,MEMORY_ST_RAW_SpaTotal,LANGUAGE_ST_RAW_SUM,ST,425,-0.08831885827871001,0.06892159879090719,-0.18191341585280618,0.006861624921508859,0.2134587767134353
RAW,MEMORY_ST_RAW_SpaTotal,LANGUAGE_ST_SCALED_SIMILARITY,ST,425,-0.09538183273561854,0.04940986641156418,-0.18879176455666513,-0.0002613663846536375,0.1956653738709651
RAW,MEMORY_ST_RAW_SpaTotal,LANGUAGE_ST_SCALED_VOCABULARY,ST,425,-0.07719340344260366,0.1120451018241789,-0.17106017103534826,0.018062061391552482,0.2908601636079969
RAW,MEMORY_ST_RAW_SpaTotal,LANGUAGE_ST_SCALED_INFORMATION,ST,425,-0.0588249468386296,0.22620833070701593,-0.15309114836645155,0.03650214212288061,0.4838344851233396
RAW,MEMORY_ST_RAW_SpaTotal,LANGUAGE_ST_SCALED_SUM,ST,425,-0.08626787640784463,0.07564508441021082,-0.1799143290160003,0.008928226750214565,0.21779899984810147
RAW,MEMORY_ST_RAW_SpaTotal,LANGUAGE_ST_NORM_SIMILARITY,ST,425,-0.11238187540667839,0.02048556071682758,-0.2053099329296705,-0.017445531862769176,0.14339892501779306
RAW,MEMORY_ST_RAW_SpaTotal,LANGUAGE_ST_NORM_VOCABULARY,ST,425,-0.08911036167375246,0.0664613554871125,-0.18268468536545418,0.006063876075918311,0.2134587767134353
RAW,MEMORY_ST_RAW_SpaTotal,LANGUAGE_ST_NORM_INFORMATION,ST,425,-0.056636508948454886,0.2439833070630824,-0.1509461356215353,0.03869479409575654,0.49438722746993014
RAW,MEMORY_ST_RAW_SpaTotal,LANGUAGE_ST_NORM_VCI,ST,425,-0.09729562120940717,0.0450003133905498,-0.19065394984437242,-0.0021930805219694234,0.19250134061512972
RAW,MEMORY_ST_RAW_SpaTotal,LANGUAGE_ST_NORM_PR,ST,425,-0.09287857706262773,0.055717457736056505,-0.18635499194983424,0.0022642651600584198,0.20429734503220717
RAW,MEMORY_ST_RAW_SpaTotal,MEMORY_ST_NORM_AudImm,ST,425,-0.10945812390508348,0.024028351262140507,-0.2024728212253217,-0.014486115137321972,0.14495763431482717
RAW,MEMORY_ST_RAW_SpaTotal,MEMORY_ST_NORM_VisImm,ST,425,-0.09479911632563394,0.0508221750314195,-0.1882246270034016,0.0003266671409380135,0.1956653738709651
RAW,MEMORY_ST_RAW_SpaTotal,MEMORY_ST_NORM_ImmMem,ST,425,-0.11586713706114152,0.016863016043991378,-0.2086898761777791,-0.020975482946406266,0.14339892501779306
RAW,MEMORY_ST_RAW_SpaTotal,MEMORY_ST_NORM_WorMem,ST,425,-0.5751831543116475,8.449846974513353e-39,-0.6355339867942853,-0.5078461292004686,1.6265955425938205e-37
RAW,MEMORY_ST_RAW_SpaTotal,MEMORY_ST_SCALED_AudImm,ST,425,-0.08267641681235831,0.0886965979618843,-0.17641187824952065,0.012545080638475897,0.24391564439518182
RAW,MEMORY_ST_RAW_SpaTotal,MEMORY_ST_SCALED_VisImm,ST,425,-0.10697194947797577,0.027445742708558277,-0.2000590908479426,-0.011970921570109438,0.14729120187079078
RAW,MEMORY_ST_RAW_SpaTotal,MEMORY_ST_SCALED_ImmMem,ST,425,-0.10151035700493403,0.0364445401815638,-0.19475267204056718,-0.006449798229177844,0.16507232905767136
RAW,MEMORY_ST_RAW_SpaTotal,MEMORY_ST_SCALED_WorMem,ST,425,-0.44193016204941793,9.55825334664243e-22,-0.5153873271402304,-0.36202604905983393,1.2266425128191118e-20
RAW,MEMORY_ST_RAW_SpaTotal,MEMORY_ST_RAW_AudImm,ST,425,-0.08819766780672714,0.06930479763423224,-0.18179531330989757,0.006983760966891922,0.2134587767134353
RAW,MEMORY_ST_RAW_SpaTotal,MEMORY_ST_RAW_VisImm,ST,425,-0.10465989248730716,0.030990717681919248,-0.19781338991633546,-0.009632956098855795,0.14914282884423638
RAW,MEMORY_ST_RAW_SpaTotal,MEMORY_ST_RAW_ImmMem,ST,425,-0.10613065812633375,0.028693091273530674,-0.1992420577455696,-0.011120082631825748,0.14729120187079078
RAW,MEMORY_ST_RAW_SpaTotal,MEMORY_ST_RAW_WorMem,ST,425,-0.5258115529497603,1.3775859084713661e-31,-0.5913566882774394,-0.45336450582014265,2.121482299045904e-30
RAW,MEMORY_ST_RAW_SpaTotal,MEMORY_ST_SCALED_LogMemI,ST,425,-0.08605541059736069,0.0763710778688148,-0.17970719490286555,0.00914226419326591,0.21779899984810147
RAW,MEMORY_ST_RAW_SpaTotal,MEMORY_ST_SCALED_FacI,ST,425,-0.037616211599809574,0.4392454986445097,-0.13226578109351073,0.05771313299556616,0.7352587694701576
RAW,MEMORY_ST_RAW_SpaTotal,MEMORY_ST_SCALED_VerPairI,ST,425,-0.06526015802532716,0.17932310976019128,-0.15939352356636846,0.030049217170014884,0.4184205894404463
RAW,MEMORY_ST_RAW_SpaTotal,MEMORY_ST_SCALED_FamPicI,ST,425,-0.10911772680454104,0.02447336683237342,-0.20214240963731436,-0.014141673824203406,0.14495763431482717
RAW,MEMORY_ST_RAW_SpaTotal,MEMORY_ST_SCALED_LetNumSeq,ST,425,-0.14144419718756215,0.00347721175244842,-0.2334263825124584,-0.04695309330281269,0.03824932927693262
RAW,MEMORY_ST_RAW_SpaTotal,MEMORY_ST_SCALED_SpaForward,ST,425,-0.6192324990078923,2.3631601030782963e-46,-0.6746181981186641,-0.5569136297547613,9.09816639685144e-45
RAW,MEMORY_ST_RAW_SpaTotal,MEMORY_ST_SCALED_SpaBackward,ST,425,-0.615189612668489,1.3086098365444581e-45,-0.6710439123854005,-0.5523919695407873,3.3587652471307757e-44
RAW,MEMORY_ST_RAW_SpaTotal,MEMORY_ST_SCALED_SpaTotal,ST,425,-0.7979933941878161,4.554417006984775e-95,-0.8301051141729066,-0.7606061919847831,3.5069010953782768e-93
RAW,MEMORY_ST_RAW_SpaTotal,MOTOR_ST_RAW_HEIGHT,ST,423,0.016621470863157878,0.7332050954868871,-0.0788511737283646,0.11179198062220254,0.9387123403646
RAW,MEMORY_ST_RAW_SpaTotal,MOTOR_ST_RAW_WEIGHT,ST,423,0.003090162476747656,0.9494739905809503,-0.09228470805158819,0.09840884708988361,0.9869739919898167
RAW,MEMORY_ST_RAW_SpaTotal,MOTOR_ST_RAW_PegboardSum,ST,423,0.01257889030191113,0.7964422250612215,-0.082868178918828,0.10779728146990177,0.9697547069675199
RAW,MEMORY_ST_RAW_SpaTotal,MOTOR_ST_NORM_BMI,ST,422,0.010056002683545276,0.8368148898300293,-0.08548676093970888,0.10541550908874452,0.9697547069675199
RAW,MEMORY_ST_RAW_SpaTotal,MOTOR_ST_NORM_WHR,ST,422,0.003453317034220703,0.9436126149529231,-0.0920377241051177,0.0988814205200666,0.9869739919898167
RAW,MEMORY_ST_RAW_SpaTotal,MOTOR_ST_NORM_AerobicRating,ST,411,0.002808875765916492,0.9547272990845092,-0.09394770353848668,0.09951289076066158,0.9869739919898167
RAW,MEMORY_ST_RAW_SpaTotal,MOTOR_ST_NORM_FunctionalReaching,ST,422,0.03879458263456197,0.42668417019707144,-0.056876752689712,0.13375992209884358,0.7352587694701576
RAW,MEMORY_ST_RAW_SpaTotal,MOTOR_ST_NORM_BestLegEyeClose,ST,413,-0.0008462541694713748,0.986320304699709,-0.09733461206364512,0.09565786356775394,0.9869739919898167
RAW,MEMORY_ST_RAW_SpaTotal,MOTOR_ST_NORM_PegboardDominant,ST,422,0.027950124331521414,0.5669303815237545,-0.06769118546830721,0.12308242373065373,0.8084007292097981
RAW,MEMORY_ST_RAW_SpaTotal,MOTOR_ST_NORM_PegboardNondominant,ST,422,0.027997982240388266,0.5662663294041401,-0.06764350938577253,0.12312959326104177,0.8084007292097981
RAW,MEMORY_ST_RAW_SpaTotal,MOTOR_ST_NORM_PegboardSum,ST,422,-0.039058259217810934,0.42354556811302213,-0.13401926487734592,0.056613526289852514,0.7352587694701576
RAW,MEMORY_ST_RAW_SpaTotal,MOTOR_ST_NORM_PegboardBoth,ST,422,0.006914359525857264,0.8873805042276006,-0.08860482439889061,0.1023075318257134,0.9869739919898167
RAW,MEMORY_ST_RAW_SpaTotal,MOTOR_ST_NORM_PegboardAssemble,ST,422,-0.06426263472962437,0.18764742633559514,-0.15874947749691964,0.031390633217003326,0.42496623023061253
RAW,MEMORY_ST_RAW_SpaTotal,MOTOR_ST_NORM_WaisSpeed,ST,422,-0.11535243462861713,0.017762468610385274,-0.20851702386885854,-0.02011321343069522,0.14339892501779306
RAW,MEMORY_ST_RAW_SpaTotal,MOTOR_ST_SCALED_FineMotor,ST,423,-0.02643343244272634,0.5877210644572642,-0.1214749508302513,0.06908837535910624,0.82280949024017
RAW,MEMORY_ST_RAW_SpaTotal,MOTOR_ST_SCALED_Balance,ST,413,0.0008058120554103984,0.9869739919898166,-0.09569793549151147,0.09729455291424605,0.9869739919898167
RAW,MEMORY_ST_RAW_SpaTotal,MOTOR_ST_SCALED_ProcessingSpeed,ST,423,-0.09120456648566891,0.06090864717327971,-0.1849439471051321,0.004179458464497697,0.213180265106479
RAW,MOTOR_ST_RAW_BPrestHigh,BASIC_Q_BFI_Agreeableness,Q,423,-0.08150993155582253,0.09408384582046775,-0.1754937123100822,0.013946134551904849,0.6776727287247192
RAW,MOTOR_ST_RAW_BPrestHigh,BASIC_Q_BFI_Conscientiousness,Q,423,-0.02119639003979177,0.6637771353761632,-0.1163090062215935,0.07430145495618914,0.9990092022058369
RAW,MOTOR_ST_RAW_BPrestHigh,BASIC_Q_BFI_EmotionalStability,Q,423,-0.07052278640821058,0.14763078456545956,-0.1647625723247914,0.024992950569866782,0.818296079334038
RAW,MOTOR_ST_RAW_BPrestHigh,BASIC_Q_BFI_Extraversion,Q,423,-0.0987188639261614,0.04242789819822338,-0.19225690356215255,-0.003403217320936054,0.40836852015790004
RAW,MOTOR_ST_RAW_BPrestHigh,BASIC_Q_BFI_Intellect,Q,423,-0.08476517717920273,0.08162423155854966,-0.1786688263850482,0.010668729005659064,0.6776727287247192
RAW,MOTOR_ST_RAW_BPrestHigh,BASIC_Q_Beck_Anxiety,Q,423,0.004328697223896361,0.9292685697493985,-0.09105656444291631,0.09963525442046924,0.9990092022058369
RAW,MOTOR_ST_RAW_BPrestHigh,BASIC_Q_Beck_Depression,Q,423,0.003540568119025584,0.9421216531730588,-0.09183811482521247,0.09885487597849739,0.9990092022058369
RAW,MOTOR_ST_RAW_BPrestHigh,BASIC_Q_CogFailure_Sum,Q,423,0.005050780991871745,0.9175086116987697,-0.09034040494115726,0.100350134127682,0.9990092022058369
RAW,MOTOR_ST_RAW_BPrestHigh,BASIC_Q_EHI_Sum,Q,423,-0.023521272885108316,0.6295243700694098,-0.1186029619436254,0.07198785396659416,0.9990092022058369
RAW,MOTOR_ST_RAW_BPrestHigh,BASIC_Q_IPAQ_MET,Q,423,0.0026307034121446477,0.9569785292060662,-0.09274023853624891,0.09795381329185902,0.9990092022058369
RAW,MOTOR_ST_RAW_BPrestHigh,BASIC_Q_MOCA_SUM,Q,423,0.06596503570770501,0.1756849667887871,-0.02956861924564243,0.16030446243891908,0.818296079334038
RAW,MOTOR_ST_RAW_BPrestHigh,BASIC_Q_MSPSS_Sum,Q,423,-0.014768540647192841,0.761995224022187,-0.10996137874063643,0.08069276633411662,0.9990092022058369
RAW,MOTOR_ST_RAW_BPrestHigh,BASIC_Q_PSQI_DaytimeDysfunc,Q,423,0.030043169859339067,0.5377575969826083,-0.06549211513076345,0.12503268768488995,0.9990092022058369
RAW,MOTOR_ST_RAW_BPrestHigh,BASIC_Q_PSQI_SleepDisturbance,Q,423,-0.03957784493599362,0.41684582825570055,-0.13441827642132637,0.055981088194092754,0.972640265929968
RAW,MOTOR_ST_RAW_BPrestHigh,BASIC_Q_PSQI_SleepDuration,Q,423,0.03987543917117388,0.4133484591191844,-0.05568395269955846,0.1347109438182878,0.972640265929968
RAW,MOTOR_ST_RAW_BPrestHigh,BASIC_Q_PSQI_SleepEfficiency,Q,423,0.04179118781528655,0.39125201073662197,-0.05377075189062092,0.13659458015448658,0.972640265929968
RAW,MOTOR_ST_RAW_BPrestHigh,BASIC_Q_PSQI_SleepLatency,Q,423,0.06762318510413462,0.16505252773364704,-0.027904414351685895,0.1619268071734651,0.818296079334038
RAW,MOTOR_ST_RAW_BPrestHigh,BASIC_Q_PSQI_SleepMedication,Q,423,0.017003511838555013,0.7273137997135231,-0.07847138931891308,0.11216933759410241,0.9990092022058369
RAW,MOTOR_ST_RAW_BPrestHigh,BASIC_Q_PSQI_SleepQuality,Q,423,0.042928429436523766,0.3784797387073341,-0.052634690770669124,0.13771243484754647,0.972640265929968
RAW,MOTOR_ST_RAW_BPrestHigh,BASIC_Q_PSQI_Sum,Q,423,0.059289724306655474,0.22365293317370036,-0.03626295494751694,0.15376813167090075,0.8447901483536756
RAW,MOTOR_ST_RAW_BPrestHigh,BASIC_Q_SF36_EmotionalLimit,Q,423,-0.035107306912260106,0.47144120059975075,-0.13001975851749287,0.06044269877151751,0.9990092022058369
RAW,MOTOR_ST_RAW_BPrestHigh,BASIC_Q_SF36_EmotionalWell,Q,423,-0.10727489369090092,0.027372807128295294,-0.20057105009115045,-0.012050471098286865,0.33860760488634867
RAW,MOTOR_ST_RAW_BPrestHigh,BASIC_Q_SF36_Energy,Q,423,-0.05338374325421383,0.27330908818613364,-0.14797821155961854,0.04217862640983661,0.849123442336621
RAW,MOTOR_ST_RAW_BPrestHigh,BASIC_Q_SF36_GeneralHealth,Q,423,-0.00578008957854699,0.9056492253754017,-0.10107206670847946,0.08961697974211982,0.9990092022058369
RAW,MOTOR_ST_RAW_BPrestHigh,BASIC_Q_SF36_Mental,Q,423,-0.07687424512840736,0.11439841670559273,-0.17096876134404845,0.018609840705042797,0.7340565071942199
RAW,MOTOR_ST_RAW_BPrestHigh,BASIC_Q_SF36_Pain,Q,423,0.04680885412396646,0.3368570878412019,-0.04875643124492613,0.1415248919445114,0.9263569915633052
RAW,MOTOR_ST_RAW_BPrestHigh,BASIC_Q_SF36_Physical,Q,423,0.03121409194107668,0.5220195480079864,-0.06432503143253146,0.12618621740420966,0.9990092022058369
RAW,MOTOR_ST_RAW_BPrestHigh,BASIC_Q_SF36_PhysicalFunct,Q,423,0.04707080594625515,0.33415715781822397,-0.04849452171346023,0.14178215435316097,0.9263569915633052
RAW,MOTOR_ST_RAW_BPrestHigh,BASIC_Q_SF36_PhysicalLimit,Q,423,0.008102879834967108,0.8680300741124506,-0.08731225658883844,0.10337069636516966,0.9990092022058369
RAW,MOTOR_ST_RAW_BPrestHigh,BASIC_Q_SF36_SocialFunc,Q,423,-0.06501810974906713,0.18198087975389995,-0.1593777548823971,0.030518765804826316,0.818296079334038
RAW,MOTOR_ST_RAW_BPrestHigh,LANGUAGE_ST_RAW_SUM,ST,423,0.025549765228084435,0.6002704083237095,-0.06996836524283237,0.12060364116964094,0.9990092022058369
RAW,MOTOR_ST_RAW_BPrestHigh,LANGUAGE_ST_SCALED_SIMILARITY,ST,423,0.015332411070468573,0.753197133049231,-0.08013241507245936,0.11051852273503722,0.9990092022058369
RAW,MOTOR_ST_RAW_BPrestHigh,LANGUAGE_ST_SCALED_VOCABULARY,ST,423,0.04850439306961097,0.3196283036006559,-0.047060933234527334,0.14318985109678736,0.9263569915633052
RAW,MOTOR_ST_RAW_BPrestHigh,LANGUAGE_ST_SCALED_INFORMATION,ST,423,-0.015799397379757458,0.7459347717150195,-0.11097989306501246,0.07966829758073536,0.9990092022058369
RAW,MOTOR_ST_RAW_BPrestHigh,LANGUAGE_ST_SCALED_SUM,ST,423,0.015073128586959599,0.7572388392086221,-0.08039008684648812,0.11026234067033931,0.9990092022058369
RAW,MOTOR_ST_RAW_BPrestHigh,LANGUAGE_ST_NORM_SIMILARITY,ST,423,6.055666188694451e-05,0.9990092022058369,-0.0952876733015101,0.09540768556225641,0.9990092022058369
RAW,MOTOR_ST_RAW_BPrestHigh,LANGUAGE_ST_NORM_VOCABULARY,ST,423,0.03517864811755982,0.4705401991938957,-0.06037152999617295,0.13008997976372116,0.9990092022058369
RAW,MOTOR_ST_RAW_BPrestHigh,LANGUAGE_ST_NORM_INFORMATION,ST,423,-0.03990764825080528,0.4129709746822083,-0.1347426186663747,0.05565179225498187,0.972640265929968
RAW,MOTOR_ST_RAW_BPrestHigh,LANGUAGE_ST_NORM_VCI,ST,423,-0.003941387218239502,0.9355828678390468,-0.09925176797114513,0.09144065615313414,0.9990092022058369
RAW,MOTOR_ST_RAW_BPrestHigh,LANGUAGE_ST_NORM_PR,ST,423,0.0016294725155669009,0.9733443219920566,-0.09373277018806828,0.09696208764113806,0.9990092022058369
RAW,MOTOR_ST_RAW_BPrestHigh,MEMORY_ST_NORM_AudImm,ST,423,0.0033322566956532694,0.94552151710199,-0.09204466778556275,0.09864859355240806,0.9990092022058369
RAW,MOTOR_ST_RAW_BPrestHigh,MEMORY_ST_NORM_VisImm,ST,423,-0.02366713560917525,0.6274006202284325,-0.11874685047676865,0.07184266479117794,0.9990092022058369
RAW,MOTOR_ST_RAW_BPrestHigh,MEMORY_ST_NORM_ImmMem,ST,423,-0.011932857218285436,0.8066847609362512,-0.10715861511245313,0.08350983756874478,0.9990092022058369
RAW,MOTOR_ST_RAW_BPrestHigh,MEMORY_ST_NORM_WorMem,ST,423,-0.08084415199998625,0.09681038981781702,-0.17484408074564245,0.014616193819047486,0.6776727287247192
RAW,MOTOR_ST_RAW_BPrestHigh,MEMORY_ST_SCALED_AudImm,ST,423,0.026673966365686107,0.5843261924951514,-0.06884881666340568,0.12171209567332494,0.9990092022058369
RAW,MOTOR_ST_RAW_BPrestHigh,MEMORY_ST_SCALED_VisImm,ST,423,0.010879831697191273,0.8234502356046244,-0.08455556320747094,0.10611742878770829,0.9990092022058369
RAW,MOTOR_ST_RAW_BPrestHigh,MEMORY_ST_SCALED_ImmMem,ST,423,0.022840048131466582,0.6394831875729907,-0.07266587944578441,0.1179309044022026,0.9990092022058369
RAW,MOTOR_ST_RAW_BPrestHigh,MEMORY_ST_SCALED_WorMem,ST,423,-0.05311999274969908,0.27568942933007173,-0.1477194927874132,0.04244265346852767,0.849123442336621
RAW,MOTOR_ST_RAW_BPrestHigh,MEMORY_ST_RAW_AudImm,ST,423,0.02556510004380469,0.6000516055817481,-0.06995309550950535,0.1206187627860186,0.9990092022058369
RAW,MOTOR_ST_RAW_BPrestHigh,MEMORY_ST_RAW_VisImm,ST,423,0.009602556078472874,0.8438936224004573,-0.08582370228898359,0.10485423326673109,0.9990092022058369
RAW,MOTOR_ST_RAW_BPrestHigh,MEMORY_ST_RAW_ImmMem,ST,423,0.020061512178199393,0.6807610265033285,-0.07543045237541014,0.115188856564708,0.9990092022058369
RAW,MOTOR_ST_RAW_BPrestHigh,MEMORY_ST_RAW_WorMem,ST,423,-0.05709349651495876,0.24130903847068622,-0.1516158203362888,0.0384635686391063,0.8447901483536756
RAW,MOTOR_ST_RAW_BPrestHigh,MEMORY_ST_SCALED_LogMemI,ST,423,0.020159642280681008,0.6792859296378714,-0.07533284040897266,0.11528572271153768,0.9990092022058369
RAW,MOTOR_ST_RAW_BPrestHigh,MEMORY_ST_SCALED_FacI,ST,423,-0.006278106150573022,0.8975627773048068,-0.10156498883665652,0.08912292286384156,0.9990092022058369
RAW,MOTOR_ST_RAW_BPrestHigh,MEMORY_ST_SCALED_VerPairI,ST,423,0.025535323996285025,0.6004764939499138,-0.06998274514376693,0.12058940067339029,0.9990092022058369
RAW,MOTOR_ST_RAW_BPrestHigh,MEMORY_ST_SCALED_FamPicI,ST,423,0.013250509157290188,0.78583097966521,-0.08220102383056889,0.1084611585326737,0.9990092022058369
RAW,MOTOR_ST_RAW_BPrestHigh,MEMORY_ST_SCALED_LetNumSeq,ST,423,-0.03576594639612962,0.463159049051842,-0.13066802208505418,0.05978561428429359,0.9990092022058369
RAW,MOTOR_ST_RAW_BPrestHigh,MEMORY_ST_SCALED_SpaForward,ST,423,-0.021488748085726775,0.6594291878670857,-0.11659753091815366,0.07401057212195014,0.9990092022058369
RAW,MOTOR_ST_RAW_BPrestHigh,MEMORY_ST_SCALED_SpaBackward,ST,423,-0.057086280955509376,0.24136861381533586,-0.1516087475838362,0.03847079708085583,0.8447901483536756
RAW,MOTOR_ST_RAW_BPrestHigh,MEMORY_ST_SCALED_SpaTotal,ST,423,-0.06352613957376803,0.19223664474215846,-0.15791730319033467,0.03201546008785774,0.818296079334038
RAW,MOTOR_ST_RAW_BPrestHigh,MOTOR_ST_RAW_HEIGHT,ST,423,-0.10503677977479059,0.030782509535122606,-0.19839750590415378,-0.009787118113956968,0.33860760488634867
RAW,MOTOR_ST_RAW_BPrestHigh,MOTOR_ST_RAW_WEIGHT,ST,423,-0.3148801566786421,3.442841441745371e-11,-0.39827052374334215,-0.22632752921056973,2.650987910143936e-09
RAW,MOTOR_ST_RAW_BPrestHigh,MOTOR_ST_RAW_PegboardSum,ST,423,0.0020811266292679537,0.9659599348315865,-0.09328506375983311,0.09740947738702482,0.9990092022058369
RAW,MOTOR_ST_RAW_BPrestHigh,MOTOR_ST_NORM_BMI,ST,422,-0.0016371842287841772,0.9732500693929517,-0.09708271183257125,0.09383818178155992,0.9990092022058369
RAW,MOTOR_ST_RAW_BPrestHigh,MOTOR_ST_NORM_WHR,ST,422,0.21397159342729544,9.251808628054275e-06,0.12098205785531368,0.30323838349734383,0.0003561946321800896
RAW,MOTOR_ST_RAW_BPrestHigh,MOTOR_ST_NORM_AerobicRating,ST,411,0.16752125849307636,0.0006497119615699289,0.07195622043030717,0.2600385155439011,0.01667594034696151
RAW,MOTOR_ST_RAW_BPrestHigh,MOTOR_ST_NORM_FunctionalReaching,ST,422,0.06302258113384895,0.19632433394187057,-0.032634453952202595,0.157535519479984,0.818296079334038
RAW,MOTOR_ST_RAW_BPrestHigh,MOTOR_ST_NORM_BestLegEyeClose,ST,413,0.1195153659897037,0.015090736486676583,0.02328763110283746,0.21354885784438968,0.29049667736852425
RAW,MOTOR_ST_RAW_BPrestHigh,MOTOR_ST_NORM_PegboardDominant,ST,422,-0.01636918202589934,0.7374053957326034,-0.11165540811446735,0.07921530122515986,0.9990092022058369
RAW,MOTOR_ST_RAW_BPrestHigh,MOTOR_ST_NORM_PegboardNondominant,ST,422,-0.008470931208857828,0.862256667858336,-0.10384765607932035,0.08706016956155979,0.9990092022058369
RAW,MOTOR_ST_RAW_BPrestHigh,MOTOR_ST_NORM_PegboardSum,ST,422,-0.0002868663846661707,0.9953120457083172,-0.09574494480608085,0.09517644031692539,0.9990092022058369
RAW,MOTOR_ST_RAW_BPrestHigh,MOTOR_ST_NORM_PegboardBoth,ST,422,-0.010195060538750056,0.8345905812407993,-0.10555303375661791,0.0853487035223709,0.9990092022058369
RAW,MOTOR_ST_RAW_BPrestHigh,MOTOR_ST_NORM_PegboardAssemble,ST,422,0.003177724488446458,0.9481060173137259,-0.09231097818977978,0.09860851215831096,0.9990092022058369
RAW,MOTOR_ST_RAW_BPrestHigh,MOTOR_ST_NORM_WaisSpeed,ST,422,0.05444817011187915,0.26441380703320394,-0.0412268132102809,0.1491337239982799,0.849123442336621
RAW,MOTOR_ST_RAW_BPrestHigh,MOTOR_ST_SCALED_FineMotor,ST,423,0.009726074381744202,0.8419118391850229,-0.08570108103333456,0.1049764033869284,0.9990092022058369
RAW,MOTOR_ST_RAW_BPrestHigh,MOTOR_ST_SCALED_Balance,ST,413,0.11423536992653302,0.020227170180586538,0.01793678606564179,0.208434046998939,0.3114984207810327
RAW,MOTOR_ST_RAW_BPrestHigh,MOTOR_ST_SCALED_ProcessingSpeed,ST,423,0.06217044656803545,0.20191721438112628,-0.03337507423674174,0.15658989156093273,0.818296079334038
RAW,MOTOR_ST_RAW_BPrestLow,BASIC_Q_BFI_Agreeableness,Q,423,-0.061380189228868204,0.20772105547309627,-0.15581596253302116,0.03416745416136724,0.9895482275088258
RAW,MOTOR_ST_RAW_BPrestLow,BASIC_Q_BFI_Conscientiousness,Q,423,-0.04618168671909854,0.3433779025053657,-0.14090889998820932,0.049383444001793037,0.9895482275088258
RAW,MOTOR_ST_RAW_BPrestLow,BASIC_Q_BFI_EmotionalStability,Q,423,-0.002230902601575704,0.9635117609589259,-0.09755783071845826,0.09313658838966406,0.9895482275088258
RAW,MOTOR_ST_RAW_BPrestLow,BASIC_Q_BFI_Extraversion,Q,423,-0.047386256787221206,0.3309243215503528,-0.1420919410716157,0.04817910435763042,0.9895482275088258
RAW,MOTOR_ST_RAW_BPrestLow,BASIC_Q_BFI_Intellect,Q,423,-0.10311539703459177,0.03399343819056534,-0.19653082235049785,-0.007844846325038877,0.4362491234455885
RAW,MOTOR_ST_RAW_BPrestLow,BASIC_Q_Beck_Anxiety,Q,423,-0.055933869624779496,0.25101622369766885,-0.15047902000708477,0.03962513753791901,0.9895482275088258
RAW,MOTOR_ST_RAW_BPrestLow,BASIC_Q_Beck_Depression,Q,423,-0.006160563104334829,0.8994704360439435,-0.1014486524111173,0.08923953556654278,0.9895482275088258
RAW,MOTOR_ST_RAW_BPrestLow,BASIC_Q_CogFailure_Sum,Q,423,0.02141909701165482,0.6604640053695914,-0.07407987321769638,0.11652879455385896,0.9895482275088258
RAW,MOTOR_ST_RAW_BPrestLow,BASIC_Q_EHI_Sum,Q,423,0.02027152868652217,0.6776055393834352,-0.07522154254076838,0.11539616576758754,0.9895482275088258
RAW,MOTOR_ST_RAW_BPrestLow,BASIC_Q_IPAQ_MET,Q,423,0.04985726008922065,0.3063009986279427,-0.0457077037861745,0.14451793425910056,0.9895482275088258
RAW,MOTOR_ST_RAW_BPrestLow,BASIC_Q_MOCA_SUM,Q,423,0.017979741142866355,0.7123332728947762,-0.07750080031907335,0.11313347319865466,0.9895482275088258
RAW,MOTOR_ST_RAW_BPrestLow,BASIC_Q_MSPSS_Sum,Q,423,-0.03178824119148358,0.5143897072151863,-0.12675174466531766,0.06375266878470183,0.9895482275088258
RAW,MOTOR_ST_RAW_BPrestLow,BASIC_Q_PSQI_DaytimeDysfunc,Q,423,0.01735132615779456,0.7219642204834198,-0.07812560530089907,0.11251286367672078,0.9895482275088258
RAW,MOTOR_ST_RAW_BPrestLow,BASIC_Q_PSQI_SleepDisturbance,Q,423,-0.050063878261842394,0.3042983501479752,-0.14472073727196444,0.04550099938284139,0.9895482275088258
RAW,MOTOR_ST_RAW_BPrestLow,BASIC_Q_PSQI_SleepDuration,Q,423,-0.005523780744521733,0.9098148468477586,-0.10081836154072474,0.08987123238553099,0.9895482275088258
RAW,MOTOR_ST_RAW_BPrestLow,BASIC_Q_PSQI_SleepEfficiency,Q,423,-0.002971291177000286,0.9514151642586767,-0.09829112451758626,0.09240256677703498,0.9895482275088258
RAW,MOTOR_ST_RAW_BPrestLow,BASIC_Q_PSQI_SleepLatency,Q,423,0.04470817900867681,0.359012030399767,-0.05085629204629088,0.13946135995422035,0.9895482275088258
RAW,MOTOR_ST_RAW_BPrestLow,BASIC_Q_PSQI_SleepMedication,Q,423,-0.0033224436941178617,0.9456817005952296,-0.09863887592954565,0.09205439774811605,0.9895482275088258
RAW,MOTOR_ST_RAW_BPrestLow,BASIC_Q_PSQI_SleepQuality,Q,423,0.03656952879898397,0.453164667134008,-0.05898381691544521,0.1314588353177781,0.9895482275088258
RAW,MOTOR_ST_RAW_BPrestLow,BASIC_Q_PSQI_Sum,Q,423,0.017287858982080934,0.7229393801808948,-0.07818870371230235,0.11245018069069897,0.9895482275088258
RAW,MOTOR_ST_RAW_BPrestLow,BASIC_Q_SF36_EmotionalLimit,Q,423,0.025541812370366786,0.600383896753455,-0.06997628433025077,0.12059579886282186,0.9895482275088258
RAW,MOTOR_ST_RAW_BPrestLow,BASIC_Q_SF36_EmotionalWell,Q,423,-0.03001073440029528,0.5381969087440909,-0.12500073035209225,0.06552444054357325,0.9895482275088258
RAW,MOTOR_ST_RAW_BPrestLow,BASIC_Q_SF36_Energy,Q,423,0.02066784914000644,0.6716662101611437,-0.07482728764556215,0.11578735471431642,0.9895482275088258
RAW,MOTOR_ST_RAW_BPrestLow,BASIC_Q_SF36_GeneralHealth,Q,423,-0.0012913613541953885,0.9788738466946263,-0.09662714359576761,0.09406790084571032,0.9895482275088258
RAW,MOTOR_ST_RAW_BPrestLow,BASIC_Q_SF36_Mental,Q,423,0.011369487204575887,0.8156438257424237,-0.08406932828431751,0.10660160506254684,0.9895482275088258
RAW,MOTOR_ST_RAW_BPrestLow,BASIC_Q_SF36_Pain,Q,423,0.06618362733814416,0.17425487186949026,-0.029349259631378938,0.16051836315998452,0.9895482275088258
RAW,MOTOR_ST_RAW_BPrestLow,BASIC_Q_SF36_Physical,Q,423,0.04250670539352065,0.3831859516782581,-0.053056005905969345,0.1372979282382328,0.9895482275088258
RAW,MOTOR_ST_RAW_BPrestLow,BASIC_Q_SF36_PhysicalFunct,Q,423,0.0040124987109774815,0.9344232258289688,-0.09137013767779481,0.09932217956730834,0.9895482275088258
RAW,MOTOR_ST_RAW_BPrestLow,BASIC_Q_SF36_PhysicalLimit,Q,423,0.03698424185871128,0.4480545990346219,-0.05856997683978879,0.13186691121849542,0.9895482275088258
RAW,MOTOR_ST_RAW_BPrestLow,BASIC_Q_SF36_SocialFunc,Q,423,0.004565720830077701,0.9254065462580741,-0.09082149635090256,0.09986992414570334,0.9895482275088258
RAW,MOTOR_ST_RAW_BPrestLow,LANGUAGE_ST_RAW_SUM,ST,423,0.0022743176271193865,0.9628021806074716,-0.09309354957206593,0.09760083257622805,0.9895482275088258
RAW,MOTOR_ST_RAW_BPrestLow,LANGUAGE_ST_SCALED_SIMILARITY,ST,423,0.012753849605223428,0.793674253885623,-0.08269439068428514,0.10797023218617255,0.9895482275088258
RAW,MOTOR_ST_RAW_BPrestLow,LANGUAGE_ST_SCALED_VOCABULARY,ST,423,0.005667747041003461,0.9074747443344444,-0.08972842256282472,0.10096086690761404,0.9895482275088258
RAW,MOTOR_ST_RAW_BPrestLow,LANGUAGE_ST_SCALED_INFORMATION,ST,423,-0.014282258151853536,0.7696074484236414,-0.10948084908019455,0.08117596544707772,0.9895482275088258
RAW,MOTOR_ST_RAW_BPrestLow,LANGUAGE_ST_SCALED_SUM,ST,423,-0.0006388208895070288,0.9895482275088259,-0.095980654477597,0.09471462796532445,0.9895482275088258
RAW,MOTOR_ST_RAW_BPrestLow,LANGUAGE_ST_NORM_SIMILARITY,ST,423,0.03238143667044545,0.5065678788696417,-0.06316125315201479,0.1273359673049641,0.9895482275088258
RAW,MOTOR_ST_RAW_BPrestLow,LANGUAGE_ST_NORM_VOCABULARY,ST,423,0.011991470598357845,0.805754082353973,-0.0834516243372927,0.10721656336490318,0.9895482275088258
RAW,MOTOR_ST_RAW_BPrestLow,LANGUAGE_ST_NORM_INFORMATION,ST,423,-0.005026878119710695,0.9178976238674812,-0.1003264713034651,0.09036411328343709,0.9895482275088258
RAW,MOTOR_ST_RAW_BPrestLow,LANGUAGE_ST_NORM_VCI,ST,423,0.016845158668534994,0.7297537728574084,-0.07862881052179821,0.11201292923964423,0.9895482275088258
RAW,MOTOR_ST_RAW_BPrestLow,LANGUAGE_ST_NORM_PR,ST,423,0.0027732952836202226,0.9546490782737316,-0.09259887016123514,0.09809503605932725,0.9895482275088258
RAW,MOTOR_ST_RAW_BPrestLow,MEMORY_ST_NORM_AudImm,ST,423,0.004463398906426339,0.9270735532902009,-0.0909229753926005,0.09976861968143244,0.9895482275088258
RAW,MOTOR_ST_RAW_BPrestLow,MEMORY_ST_NORM_VisImm,ST,423,0.04906064207900602,0.3141035229130746,-0.04650457766801462,0.1437359511815236,0.9895482275088258
RAW,MOTOR_ST_RAW_BPrestLow,MEMORY_ST_NORM_ImmMem,ST,423,0.033667086846397826,0.48983167455282645,-0.061879230125338414,0.12860194427350283,0.9895482275088258
RAW,MOTOR_ST_RAW_BPrestLow,MEMORY_ST_NORM_WorMem,ST,423,0.013161933674227355,0.787228207359333,-0.08228901551364269,0.10837360892596404,0.9895482275088258
RAW,MOTOR_ST_RAW_BPrestLow,MEMORY_ST_SCALED_AudImm,ST,423,-0.013981237355423157,0.7743307650012143,-0.1091833671298844,0.08147505507057658,0.9895482275088258
RAW,MOTOR_ST_RAW_BPrestLow,MEMORY_ST_SCALED_VisImm,ST,423,0.020888441743880926,0.6683691684994235,-0.07460783180109685,0.11600507833118623,0.9895482275088258
RAW,MOTOR_ST_RAW_BPrestLow,MEMORY_ST_SCALED_ImmMem,ST,423,-0.0008387389923535854,0.9862776430039323,-0.0961787271831523,0.09451649944218499,0.9895482275088258
RAW,MOTOR_ST_RAW_BPrestLow,MEMORY_ST_SCALED_WorMem,ST,423,-0.007882353340603374,0.8715902476453637,-0.10315250739734445,0.08753111167911691,0.9895482275088258
RAW,MOTOR_ST_RAW_BPrestLow,MEMORY_ST_RAW_AudImm,ST,423,-0.012891182735602412,0.791503364235146,-0.10810598465226799,0.08255797270956534,0.9895482275088258
RAW,MOTOR_ST_RAW_BPrestLow,MEMORY_ST_RAW_VisImm,ST,423,0.024017403183108403,0.6223133227048673,-0.07149399811315203,0.119092361017924,0.9895482275088258
RAW,MOTOR_ST_RAW_BPrestLow,MEMORY_ST_RAW_ImmMem,ST,423,0.004753895686728788,0.9223416985680353,-0.09063486642251295,0.1000562226884975,0.9895482275088258
RAW,MOTOR_ST_RAW_BPrestLow,MEMORY_ST_RAW_WorMem,ST,423,-0.015582090208242567,0.7493114821041561,-0.11076520433394259,0.07988427492729937,0.9895482275088258
RAW,MOTOR_ST_RAW_BPrestLow,MEMORY_ST_SCALED_LogMemI,ST,423,-0.009223037787887786,0.849988896012807,-0.1044788393708001,0.0862004462537594,0.9895482275088258
RAW,MOTOR_ST_RAW_BPrestLow,MEMORY_ST_SCALED_FacI,ST,423,0.04203526670263198,0.3884890275204635,-0.05352694721468961,0.13683451849966544,0.9895482275088258
RAW,MOTOR_ST_RAW_BPrestLow,MEMORY_ST_SCALED_VerPairI,ST,423,-0.014173780443817043,0.771308600515151,-0.10937364861796346,0.08128374920713698,0.9895482275088258
RAW,MOTOR_ST_RAW_BPrestLow,MEMORY_ST_SCALED_FamPicI,ST,423,0.01390921505832689,0.7754621090434477,-0.08154661276615206,0.1091121890095551,0.9895482275088258
RAW,MOTOR_ST_RAW_BPrestLow,MEMORY_ST_SCALED_LetNumSeq,ST,423,0.016526020737188576,0.7346794561238869,-0.0789460557411686,0.11169769647444439,0.9895482275088258
RAW,MOTOR_ST_RAW_BPrestLow,MEMORY_ST_SCALED_SpaForward,ST,423,-0.009571018479508217,0.8443997842005538,-0.10482303943500607,0.08585501038387575,0.9895482275088258
RAW,MOTOR_ST_RAW_BPrestLow,MEMORY_ST_SCALED_SpaBackward,ST,423,-0.06038305524360816,0.21521504427831917,-0.15483926587667957,0.035167095012473226,0.9895482275088258
RAW,MOTOR_ST_RAW_BPrestLow,MEMORY_ST_SCALED_SpaTotal,ST,423,-0.04712196801022227,0.33363145932294586,-0.14183239902983732,0.04844336637528153,0.9895482275088258
RAW,MOTOR_ST_RAW_BPrestLow,MOTOR_ST_RAW_HEIGHT,ST,423,-0.06236217403458211,0.20052705063084236,-0.1567776400745343,0.03318281369399895,0.9895482275088258
RAW,MOTOR_ST_RAW_BPrestLow,MOTOR_ST_RAW_WEIGHT,ST,423,-0.240093415471105,5.83340906492654e-07,-0.32793391720861986,-0.14813693834743516,4.4917249799934356e-05
RAW,MOTOR_ST_RAW_BPrestLow,MOTOR_ST_RAW_PegboardSum,ST,423,0.006549573988643597,0.8931592762523964,-0.0888535936757299,0.10183366000240979,0.9895482275088258
RAW,MOTOR_ST_RAW_BPrestLow,MOTOR_ST_NORM_BMI,ST,422,0.09014613536643597,0.06429697140486164,-0.0053606959832215185,0.18402323969321455,0.707266685453478
RAW,MOTOR_ST_RAW_BPrestLow,MOTOR_ST_NORM_WHR,ST,422,0.17039378666410773,0.0004385981173280288,0.07617209477254805,0.2615993357042776,0.011257351678086072
RAW,MOTOR_ST_RAW_BPrestLow,MOTOR_ST_NORM_AerobicRating,ST,411,0.21052028440579057,1.6832796251524734e-05,0.11615458563289101,0.3011193879063942,0.0006480626556837022
RAW,MOTOR_ST_RAW_BPrestLow,MOTOR_ST_NORM_FunctionalReaching,ST,422,0.11987484710186772,0.013734514960299858,0.024696760101414472,0.21289926939096848,0.21151153038861784
RAW,MOTOR_ST_RAW_BPrestLow,MOTOR_ST_NORM_BestLegEyeClose,ST,413,0.12165020821850482,0.013363742751090738,0.025452685820994508,0.21561544878216884,0.21151153038861784
RAW,MOTOR_ST_RAW_BPrestLow,MOTOR_ST_NORM_PegboardDominant,ST,422,0.025565903925533408,0.600474033555894,-0.07006579473123836,0.12073195321944169,0.9895482275088258
RAW,MOTOR_ST_RAW_BPrestLow,MOTOR_ST_NORM_PegboardNondominant,ST,422,0.020269937985616344,0.6779914131958602,-0.07533653723934854,0.11550713405096584,0.9895482275088258
RAW,MOTOR_ST_RAW_BPrestLow,MOTOR_ST_NORM_PegboardSum,ST,422,0.017585965381035063,0.7186837866861349,-0.07800568846275559,0.11285720459848378,0.9895482275088258
RAW,MOTOR_ST_RAW_BPrestLow,MOTOR_ST_NORM_PegboardBoth,ST,422,0.025899767769770005,0.595723408890023,-0.06973334198580247,0.12106115530799487,0.9895482275088258
RAW,MOTOR_ST_RAW_BPrestLow,MOTOR_ST_NORM_PegboardAssemble,ST,422,0.01610674367822859,0.7414641902386774,-0.07947615610796016,0.11139616562047645,0.9895482275088258
RAW,MOTOR_ST_RAW_BPrestLow,MOTOR_ST_NORM_WaisSpeed,ST,422,0.03909193503803067,0.42314568889168824,-0.05657990700758187,0.13405238626298976,0.9895482275088258
RAW,MOTOR_ST_RAW_BPrestLow,MOTOR_ST_SCALED_FineMotor,ST,423,-0.0053658477400903085,0.9123828677427155,-0.10066202669839015,0.09002789221039437,0.9895482275088258
RAW,MOTOR_ST_RAW_BPrestLow,MOTOR_ST_SCALED_Balance,ST,413,0.05873093546590198,0.2336675594243155,-0.03798061907067342,0.15435247711968497,0.9895482275088258
RAW,MOTOR_ST_RAW_BPrestLow,MOTOR_ST_SCALED_ProcessingSpeed,ST,423,-0.0026662259874358106,0.9563981799302679,-0.09798899515418232,0.09270502111877667,0.9895482275088258
RAW,MOTOR_ST_RAW_HRrest,BASIC_Q_BFI_Agreeableness,Q,423,0.0034347214870115573,0.9438490553393712,-0.09194306897749903,0.0987500613387369,0.9820724583274787
RAW,MOTOR_ST_RAW_HRrest,BASIC_Q_BFI_Conscientiousness,Q,423,0.032193561674260913,0.5090384229881151,-0.06334857170210546,0.127150941287048,0.8455417342490883
RAW,MOTOR_ST_RAW_HRrest,BASIC_Q_BFI_EmotionalStability,Q,423,-0.009237277792442511,0.849760029898289,-0.10449292511300522,0.08618631083817102,0.9820724583274787
RAW,MOTOR_ST_RAW_HRrest,BASIC_Q_BFI_Extraversion,Q,423,0.0375095276419401,0.44162913485200783,-0.058045749650543134,0.13238374405146017,0.8455417342490883
RAW,MOTOR_ST_RAW_HRrest,BASIC_Q_BFI_Intellect,Q,423,0.030410557825353395,0.5327941871899182,-0.0651259596309525,0.12539464628059688,0.8455417342490883
RAW,MOTOR_ST_RAW_HRrest,BASIC_Q_Beck_Anxiety,Q,423,-0.1284656906024949,0.008161849339499283,-0.22110507520247522,-0.03352870071170375,0.19393617059487972
RAW,MOTOR_ST_RAW_HRrest,BASIC_Q_Beck_Depression,Q,423,-0.025372712119227384,0.6027992660621617,-0.12042904642829151,0.07014466367984802,0.8455417342490883
RAW,MOTOR_ST_RAW_HRrest,BASIC_Q_CogFailure_Sum,Q,423,-0.0747053602407235,0.12501485478909183,-0.1688503220848414,0.02079040926451979,0.6842257845079176
RAW,MOTOR_ST_RAW_HRrest,BASIC_Q_EHI_Sum,Q,423,-0.004545841088751468,0.9257303974661846,-0.09985024223737679,0.09084121248691537,0.9820724583274787
RAW,MOTOR_ST_RAW_HRrest,BASIC_Q_IPAQ_MET,Q,423,0.1016500604046145,0.036630141154909535,0.006364061732487194,0.19510674658988475,0.4700868114880057
RAW,MOTOR_ST_RAW_HRrest,BASIC_Q_MOCA_SUM,Q,423,0.0626846194108656,0.1982048071425021,-0.032859455848176386,0.1570933782987984,0.758455333812039
RAW,MOTOR_ST_RAW_HRrest,BASIC_Q_MSPSS_Sum,Q,423,-0.0016671877263186165,0.9727275955940294,-0.0969994482316824,0.09369538610311252,0.9820724583274787
RAW,MOTOR_ST_RAW_HRrest,BASIC_Q_PSQI_DaytimeDysfunc,Q,423,-0.046721056745660065,0.33776513180714945,-0.14143866343614164,0.04884421150830757,0.758455333812039
RAW,MOTOR_ST_RAW_HRrest,BASIC_Q_PSQI_SleepDisturbance,Q,423,0.022562777986667462,0.6435553438818827,-0.0729418221559131,0.11765734052468942,0.8693642364720171
RAW,MOTOR_ST_RAW_HRrest,BASIC_Q_PSQI_SleepDuration,Q,423,-0.0033149740022605525,0.9458036343102274,-0.09863147882808973,0.09206180421819449,0.9820724583274787
RAW,MOTOR_ST_RAW_HRrest,BASIC_Q_PSQI_SleepEfficiency,Q,423,-0.019489162885178025,0.6893887156926939,-0.11462384331224577,0.07599974314698689,0.9152229501437488
RAW,MOTOR_ST_RAW_HRrest,BASIC_Q_PSQI_SleepLatency,Q,423,-0.04605045737555279,0.3447524244600177,-0.14077999973087507,0.049514631457711795,0.758455333812039
RAW,MOTOR_ST_RAW_HRrest,BASIC_Q_PSQI_SleepMedication,Q,423,-0.02898623756178432,0.5521645475744251,-0.12399123402564996,0.06654535831459409,0.8455417342490883
RAW,MOTOR_ST_RAW_HRrest,BASIC_Q_PSQI_SleepQuality,Q,423,0.0052076534873755536,0.9149560508726405,-0.09018480644528236,0.10050542853370927,0.9820724583274787
RAW,MOTOR_ST_RAW_HRrest,BASIC_Q_PSQI_Sum,Q,423,-0.03552960413643128,0.4661216339966377,-0.13043541239200604,0.06002140808441984,0.8455417342490883
RAW,MOTOR_ST_RAW_HRrest,BASIC_Q_SF36_EmotionalLimit,Q,423,0.027904961523018395,0.5670960551138523,-0.06762264001049013,0.12292557649773184,0.8455417342490883
RAW,MOTOR_ST_RAW_HRrest,BASIC_Q_SF36_EmotionalWell,Q,423,0.00921152250200958,0.8501739795152256,-0.08621187693489486,0.10446744880237403,0.9820724583274787
RAW,MOTOR_ST_RAW_HRrest,BASIC_Q_SF36_Energy,Q,423,0.05111040763589354,0.2942881770448307,-0.044453907537701794,0.14574782056791133,0.758455333812039
RAW,MOTOR_ST_RAW_HRrest,BASIC_Q_SF36_GeneralHealth,Q,423,0.05606433319279783,0.24991075777183516,-0.03949446837717751,0.1506069279613233,0.758455333812039
RAW,MOTOR_ST_RAW_HRrest,BASIC_Q_SF36_Mental,Q,423,0.047001397699508014,0.33487118906274477,-0.048563920034356695,0.1417139898860023,0.758455333812039
RAW,MOTOR_ST_RAW_HRrest,BASIC_Q_SF36_Pain,Q,423,0.09297967024191374,0.05603133362289237,-0.002389190657317563,0.18667242508246362,0.554037059187716
RAW,MOTOR_ST_RAW_HRrest,BASIC_Q_SF36_Physical,Q,423,0.12499492312852757,0.010074606264669076,0.03000484031405028,0.21774749352580303,0.19393617059487972
RAW,MOTOR_ST_RAW_HRrest,BASIC_Q_SF36_PhysicalFunct,Q,423,0.10703661783455198,0.027719657411768475,0.011809461799731724,0.20033969218631448,0.4268827241412345
RAW,MOTOR_ST_RAW_HRrest,BASIC_Q_SF36_PhysicalLimit,Q,423,0.09240914473325111,0.057562291863658806,-0.0029646566273561774,0.1861169485357899,0.554037059187716
RAW,MOTOR_ST_RAW_HRrest,BASIC_Q_SF36_SocialFunc,Q,423,0.06794597594597039,0.16304005541393374,-0.027580383100399494,0.1622425686779013,0.7209243390642919
RAW,MOTOR_ST_RAW_HRrest,LANGUAGE_ST_RAW_SUM,ST,423,-0.0777394446145763,0.1103660454138541,-0.17181359466520296,0.01773972690996809,0.6537065766820589
RAW,MOTOR_ST_RAW_HRrest,LANGUAGE_ST_SCALED_SIMILARITY,ST,423,-0.08815389712275136,0.07010672926464262,-0.18197205274646402,0.0072547608763193355,0.5998020170419424
RAW,MOTOR_ST_RAW_HRrest,LANGUAGE_ST_SCALED_VOCABULARY,ST,423,-0.061774489085084996,0.20481032569265456,-0.1562021298518702,0.033772110253236676,0.758455333812039
RAW,MOTOR_ST_RAW_HRrest,LANGUAGE_ST_SCALED_INFORMATION,ST,423,-0.05807927805762384,0.23326669432769606,-0.15258200076641876,0.03747593311015261,0.758455333812039
RAW,MOTOR_ST_RAW_HRrest,LANGUAGE_ST_SCALED_SUM,ST,423,-0.07806474553744167,0.10887920156659571,-0.17213120245175878,0.017412540873355038,0.6537065766820589
RAW,MOTOR_ST_RAW_HRrest,LANGUAGE_ST_NORM_SIMILARITY,ST,423,-0.08154821373849265,0.09392895464053863,-0.1755310634984564,0.013907603680050265,0.6537065766820589
RAW,MOTOR_ST_RAW_HRrest,LANGUAGE_ST_NORM_VOCABULARY,ST,423,-0.06050866057096745,0.2142605098025987,-0.1549623069533424,0.035041184428918216,0.758455333812039
RAW,MOTOR_ST_RAW_HRrest,LANGUAGE_ST_NORM_INFORMATION,ST,423,-0.052747056478745065,0.2790791577091466,-0.1473536491568465,0.04281595800181569,0.758455333812039
RAW,MOTOR_ST_RAW_HRrest,LANGUAGE_ST_NORM_VCI,ST,423,-0.07311193626284208,0.13329073724180213,-0.16729340476857224,0.02239183821739323,0.6842257845079176
RAW,MOTOR_ST_RAW_HRrest,LANGUAGE_ST_NORM_PR,ST,423,-0.07092791816389794,0.14531250127611478,-0.1651586608976701,0.024586032339528642,0.6993164123913024
RAW,MOTOR_ST_RAW_HRrest,MEMORY_ST_NORM_AudImm,ST,423,-0.011595691373210523,0.8120436281038403,-0.10682526276228527,0.0838446889603008,0.9820724583274787
RAW,MOTOR_ST_RAW_HRrest,MEMORY_ST_NORM_VisImm,ST,423,0.015525592546878877,0.7501901804404751,-0.07994042537954651,0.11070938598550832,0.9627440648986098
RAW,MOTOR_ST_RAW_HRrest,MEMORY_ST_NORM_ImmMem,ST,423,0.0010958066769162639,0.9820724583274787,-0.09426172181348866,0.09643341083945288,0.9820724583274787
RAW,MOTOR_ST_RAW_HRrest,MEMORY_ST_NORM_WorMem,ST,423,0.035585475462002115,0.46542033384626386,-0.05996566737716703,0.1304904022815997,0.8455417342490883
RAW,MOTOR_ST_RAW_HRrest,MEMORY_ST_SCALED_AudImm,ST,423,0.0018236392402563504,0.9701694478846576,-0.09354030530489979,0.09715442582936332,0.9820724583274787
RAW,MOTOR_ST_RAW_HRrest,MEMORY_ST_SCALED_VisImm,ST,423,0.025291670337002806,0.6039583816064916,-0.07022535803863662,0.12034912794247445,0.8455417342490883
RAW,MOTOR_ST_RAW_HRrest,MEMORY_ST_SCALED_ImmMem,ST,423,0.011838992654145569,0.8081757347986204,-0.08360305997053534,0.10706581434850397,0.9820724583274787
RAW,MOTOR_ST_RAW_HRrest,MEMORY_ST_SCALED_WorMem,ST,423,0.029807162817436204,0.5409582102158863,-0.0657273168753483,0.12480015508686325,0.8455417342490883
RAW,MOTOR_ST_RAW_HRrest,MEMORY_ST_RAW_AudImm,ST,423,-0.0184822175685322,0.7046651021615369,-0.11362965501425734,0.07700115646308273,0.9196476757023447
RAW,MOTOR_ST_RAW_HRrest,MEMORY_ST_RAW_VisImm,ST,423,0.024151808804274196,0.6203659552907923,-0.07136020059499774,0.11922493514481852,0.8530031885248395
RAW,MOTOR_ST_RAW_HRrest,MEMORY_ST_RAW_ImmMem,ST,423,0.0015177960170831572,0.9751705693525221,-0.09384346463062364,0.09685145961407965,0.9820724583274787
RAW,MOTOR_ST_RAW_HRrest,MEMORY_ST_RAW_WorMem,ST,423,0.027898869447862927,0.5671807247629304,-0.06762870894994535,0.12291957179882411,0.8455417342490883
RAW,MOTOR_ST_RAW_HRrest,MEMORY_ST_SCALED_LogMemI,ST,423,-0.05204345825248799,0.28555100280622936,-0.14666336172520364,0.04352017835551931,0.758455333812039
RAW,MOTOR_ST_RAW_HRrest,MEMORY_ST_SCALED_FacI,ST,423,0.003134163904991003,0.9487555204266601,-0.09224108076038223,0.09845242262838791,0.9820724583274787
RAW,MOTOR_ST_RAW_HRrest,MEMORY_ST_SCALED_VerPairI,ST,423,0.03312881031582719,0.4968025034781588,-0.06241602641035441,0.12807194218117218,0.8455417342490883
RAW,MOTOR_ST_RAW_HRrest,MEMORY_ST_SCALED_FamPicI,ST,423,0.027023243439204505,0.5794127836836581,-0.06850093609509428,0.12205643217963863,0.8455417342490883
RAW,MOTOR_ST_RAW_HRrest,MEMORY_ST_SCALED_LetNumSeq,ST,423,0.03277580312047511,0.5014024887024351,-0.06276803283520571,0.1277243320001165,0.8455417342490883
RAW,MOTOR_ST_RAW_HRrest,MEMORY_ST_SCALED_SpaForward,ST,423,-0.008451462689928038,0.8624080251271504,-0.1037155656280268,0.0869662969097196,0.9820724583274787
RAW,MOTOR_ST_RAW_HRrest,MEMORY_ST_SCALED_SpaBackward,ST,423,0.04913921477911417,0.313328197718835,-0.04642598513701682,0.14381308565254597,0.758455333812039
RAW,MOTOR_ST_RAW_HRrest,MEMORY_ST_SCALED_SpaTotal,ST,423,0.013708370194201031,0.7786195322590931,-0.08174615682146898,0.10891369310018384,0.9820724583274787
RAW,MOTOR_ST_RAW_HRrest,MOTOR_ST_RAW_HEIGHT,ST,423,0.031868877951922246,0.5133227749742553,-0.0636722779108389,0.1268311655612106,0.8455417342490883
RAW,MOTOR_ST_RAW_HRrest,MOTOR_ST_RAW_WEIGHT,ST,423,-0.07877612478219419,0.10568274754076754,-0.17282568993990827,0.016696967937999522,0.6537065766820589
RAW,MOTOR_ST_RAW_HRrest,MOTOR_ST_RAW_PegboardSum,ST,423,-0.04879102406797144,0.31677356180791233,-0.14347125962998522,0.046774254732482895,0.758455333812039
RAW,MOTOR_ST_RAW_HRrest,MOTOR_ST_NORM_BMI,ST,422,0.04776391037748476,0.3276564946382396,-0.0479152632686414,0.14257453126423233,0.758455333812039
RAW,MOTOR_ST_RAW_HRrest,MOTOR_ST_NORM_WHR,ST,422,0.223583405282164,3.514303422730809e-06,0.13091692087056944,0.3123769113693054,0.00013530068177513614
RAW,MOTOR_ST_RAW_HRrest,MOTOR_ST_NORM_AerobicRating,ST,411,0.5616877881359097,1.5094256463938332e-35,0.4916704965928245,0.6244887137956351,1.1622577477232516e-33
RAW,MOTOR_ST_RAW_HRrest,MOTOR_ST_NORM_FunctionalReaching,ST,422,0.04779353730732618,0.3273561974671176,-0.04788563668464413,0.14260362223892406,0.758455333812039
RAW,MOTOR_ST_RAW_HRrest,MOTOR_ST_NORM_BestLegEyeClose,ST,413,0.04930118879725193,0.31755749110444176,-0.047420715970126606,0.1451071647720709,0.758455333812039
RAW,MOTOR_ST_RAW_HRrest,MOTOR_ST_NORM_PegboardDominant,ST,422,-0.067152370117848,0.16852776757347085,-0.16157729339747,0.028490969085885814,0.7209243390642919
RAW,MOTOR_ST_RAW_HRrest,MOTOR_ST_NORM_PegboardNondominant,ST,422,-0.038016744467044165,0.4360212951252141,-0.13299479273846843,0.05765318534473511,0.8455417342490883
RAW,MOTOR_ST_RAW_HRrest,MOTOR_ST_NORM_PegboardSum,ST,422,-0.029537373453141388,0.5451073360744849,-0.12464661293500542,0.06610973375566839,0.8455417342490883
RAW,MOTOR_ST_RAW_HRrest,MOTOR_ST_NORM_PegboardBoth,ST,422,-0.05480649034007598,0.2612782892398019,-0.14948510465638956,0.04086802603945771,0.758455333812039
RAW,MOTOR_ST_RAW_HRrest,MOTOR_ST_NORM_PegboardAssemble,ST,422,-0.004877360819352384,0.9204258863983804,-0.1002913658781172,0.09062553443792258,0.9820724583274787
RAW,MOTOR_ST_RAW_HRrest,MOTOR_ST_NORM_WaisSpeed,ST,422,-0.026801623054153158,0.5829768925178422,-0.12195031331494864,0.0688351922483251,0.8455417342490883
RAW,MOTOR_ST_RAW_HRrest,MOTOR_ST_SCALED_FineMotor,ST,423,-0.03139441187681335,0.5196170552687478,-0.12636383612816532,0.06414527937569774,0.8455417342490883
RAW,MOTOR_ST_RAW_HRrest,MOTOR_ST_SCALED_Balance,ST,413,0.008858282973728987,0.8575612249224689,-0.08771299963810307,0.10526460994842116,0.9820724583274787
RAW,MOTOR_ST_RAW_HRrest,MOTOR_ST_SCALED_ProcessingSpeed,ST,423,-0.027945425093407146,0.5665338324217635,-0.12296545953840964,0.06758232992803734,0.8455417342490883
RAW,MOTOR_ST_RAW_BMI,BASIC_Q_BFI_Agreeableness,Q,423,-0.04160553246291234,0.3933615761255503,-0.13641206680184423,0.053956191038948144,0.7970747726754572
RAW,MOTOR_ST_RAW_BMI,BASIC_Q_BFI_Conscientiousness,Q,423,0.03393844373720202,0.48633751465755687,-0.06160859850040913,0.12886910928095704,0.8340675457619012
RAW,MOTOR_ST_RAW_BMI,BASIC_Q_BFI_EmotionalStability,Q,423,0.057469471587531455,0.23821905813219116,-0.03808690848228249,0.15198434089358298,0.6325126715923696
RAW,MOTOR_ST_RAW_BMI,BASIC_Q_BFI_Extraversion,Q,423,-0.11927939150881763,0.014099238558345882,-0.21221356362142466,-0.024207018471697078,0.18094022816543884
RAW,MOTOR_ST_RAW_BMI,BASIC_Q_BFI_Intellect,Q,423,-0.0707426328676001,0.14636928756248355,-0.16497751523459755,0.02477213859999902,0.47691499139946525
RAW,MOTOR_ST_RAW_BMI,BASIC_Q_Beck_Anxiety,Q,423,-0.03227621231289436,0.5079507980701876,-0.12723233940714224,0.06326616668654461,0.8340675457619012
RAW,MOTOR_ST_RAW_BMI,BASIC_Q_Beck_Depression,Q,423,-0.014161670193323442,0.7714985821652554,-0.10936168081941093,0.0812957818480258,0.9015532129509423
RAW,MOTOR_ST_RAW_BMI,BASIC_Q_CogFailure_Sum,Q,423,-0.0861988466340137,0.07657735411239906,-0.1800665843601305,0.009224649245278205,0.3726987960602842
RAW,MOTOR_ST_RAW_BMI,BASIC_Q_EHI_Sum,Q,423,-0.01812861869638361,0.7100582242485555,-0.11328049068497198,0.07735276702066429,0.8832746210275975
RAW,MOTOR_ST_RAW_BMI,BASIC_Q_IPAQ_MET,Q,423,0.02486652727134923,0.6100553431754567,-0.07064865805054399,0.11992985747369046,0.8698937300835217
RAW,MOTOR_ST_RAW_BMI,BASIC_Q_MOCA_SUM,Q,423,-0.03739405166618174,0.4430371481994301,-0.13227013075018546,0.05816099742992115,0.8340675457619012
RAW,MOTOR_ST_RAW_BMI,BASIC_Q_MSPSS_Sum,Q,423,-0.05247004182253744,0.2816152338815628,-0.14708188611152062,0.043093228930593946,0.661246612925382
RAW,MOTOR_ST_RAW_BMI,BASIC_Q_PSQI_DaytimeDysfunc,Q,423,0.0030157285636547514,0.9506894654940792,-0.09235850823150014,0.09833513279031927,0.9837006234807099
RAW,MOTOR_ST_RAW_BMI,BASIC_Q_PSQI_SleepDisturbance,Q,423,-0.05465994957075467,0.26198944992418205,-0.1492298880358905,0.04090089336773072,0.6600602102635015
RAW,MOTOR_ST_RAW_BMI,BASIC_Q_PSQI_SleepDuration,Q,423,-0.06666669445295119,0.17112524925612824,-0.16099103237795923,0.028864462705007397,0.5067940074123798
RAW,MOTOR_ST_RAW_BMI,BASIC_Q_PSQI_SleepEfficiency,Q,423,-0.03382897807885342,0.487745444417088,-0.12876133629106576,0.06171777327637629,0.8340675457619012
RAW,MOTOR_ST_RAW_BMI,BASIC_Q_PSQI_SleepLatency,Q,423,-0.013982408968116818,0.7743123649589178,-0.10918452500198006,0.08147389100758885,0.9015532129509423
RAW,MOTOR_ST_RAW_BMI,BASIC_Q_PSQI_SleepMedication,Q,423,0.044640746954466265,0.35973800295511404,-0.050923683966892605,0.13939510656578571,0.7615990341781518
RAW,MOTOR_ST_RAW_BMI,BASIC_Q_PSQI_SleepQuality,Q,423,-0.031893396780170766,0.5129985858642752,-0.12685531444603654,0.06364783360229555,0.8340675457619012
RAW,MOTOR_ST_RAW_BMI,BASIC_Q_PSQI_Sum,Q,423,-0.03381514491494961,0.4879235202041482,-0.12874771686990258,0.061731569518784994,0.8340675457619012
RAW,MOTOR_ST_RAW_BMI,BASIC_Q_SF36_EmotionalLimit,Q,423,0.007358189300291534,0.880062617460884,-0.08805126603800152,0.10263386256909676,0.9544341062603954
RAW,MOTOR_ST_RAW_BMI,BASIC_Q_SF36_EmotionalWell,Q,423,-0.017304787355672396,0.7226792353862161,-0.11246689997423572,0.07817187377270554,0.8832746210275975
RAW,MOTOR_ST_RAW_BMI,BASIC_Q_SF36_Energy,Q,423,0.07533970335088101,0.12183352573531891,-0.02015274296958273,0.16947000115323546,0.47496232980126185
RAW,MOTOR_ST_RAW_BMI,BASIC_Q_SF36_GeneralHealth,Q,423,0.016217242824342098,0.7394556162003821,-0.07925298397876843,0.11139267872402048,0.8896575382410847
RAW,MOTOR_ST_RAW_BMI,BASIC_Q_SF36_Mental,Q,423,0.027096784955773796,0.57838071563211,-0.06842768565700477,0.12212893052706256,0.8635650910737217
RAW,MOTOR_ST_RAW_BMI,BASIC_Q_SF36_Pain,Q,423,0.13514119692684584,0.005369278744731097,0.04031296582092292,0.22755671747581366,0.0826868926688589
RAW,MOTOR_ST_RAW_BMI,BASIC_Q_SF36_Physical,Q,423,0.08594734160463333,0.07744390567486426,-0.00947800931898685,0.17982140660543344,0.3726987960602842
RAW,MOTOR_ST_RAW_BMI,BASIC_Q_SF36_PhysicalFunct,Q,423,0.06929267175994987,0.15484252967515105,-0.026228295626172016,0.16355972950108857,0.47691499139946525
RAW,MOTOR_ST_RAW_BMI,BASIC_Q_SF36_PhysicalLimit,Q,423,0.030579996385259534,0.5305128805493772,-0.06495708081295373,0.12556157230656603,0.8340675457619012
RAW,MOTOR_ST_RAW_BMI,BASIC_Q_SF36_SocialFunc,Q,423,0.0203915592309121,0.6758046102280332,-0.0751021407278998,0.11551464528681478,0.8832746210275975
RAW,MOTOR_ST_RAW_BMI,LANGUAGE_ST_RAW_SUM,ST,423,-0.04406598015719312,0.3659631722674236,-0.1388303518611407,0.0514980733579087,0.7615990341781518
RAW,MOTOR_ST_RAW_BMI,LANGUAGE_ST_SCALED_SIMILARITY,ST,423,-0.07023346828710648,0.14930351220238774,-0.16447969363787848,0.0252835251010412,0.47691499139946525
RAW,MOTOR_ST_RAW_BMI,LANGUAGE_ST_SCALED_VOCABULARY,ST,423,-0.023230812911641856,0.6337625345325802,-0.1183164213304114,0.07227696063160576,0.8714234849822978
RAW,MOTOR_ST_RAW_BMI,LANGUAGE_ST_SCALED_INFORMATION,ST,423,-0.03394908779305114,0.4862007294146763,-0.12887958862804952,0.06159798260697179,0.8340675457619012
RAW,MOTOR_ST_RAW_BMI,LANGUAGE_ST_SCALED_SUM,ST,423,-0.046890728673657504,0.33601171152504605,-0.1416053021654509,0.04867457132534247,0.7392257653551013
RAW,MOTOR_ST_RAW_BMI,LANGUAGE_ST_NORM_SIMILARITY,ST,423,-0.026754838667742902,0.5831868147510848,-0.12179182606191093,0.06876826977757966,0.8635650910737217
RAW,MOTOR_ST_RAW_BMI,LANGUAGE_ST_NORM_VOCABULARY,ST,423,0.018402259761038958,0.7058833437496697,-0.07708066673956616,0.1135507020274725,0.8832746210275975
RAW,MOTOR_ST_RAW_BMI,LANGUAGE_ST_NORM_INFORMATION,ST,423,-0.009919577837859532,0.8388091925066596,-0.10516778900313208,0.08550897707761311,0.9360624322175768
RAW,MOTOR_ST_RAW_BMI,LANGUAGE_ST_NORM_VCI,ST,423,-0.004529546838976989,0.925995848320633,-0.09983411008400994,0.09085737258331557,0.9791460163045924
RAW,MOTOR_ST_RAW_BMI,LANGUAGE_ST_NORM_PR,ST,423,-0.017867151140191686,0.7140554961116913,-0.11302228712158009,0.07761274905040008,0.8832746210275975
RAW,MOTOR_ST_RAW_BMI,MEMORY_ST_NORM_AudImm,ST,423,-0.0009962718946201704,0.9837006234807099,-0.09633480061701963,0.09436037138428677,0.9837006234807099
RAW,MOTOR_ST_RAW_BMI,MEMORY_ST_NORM_VisImm,ST,423,-0.012595656388138242,0.7961768633852477,-0.10781385532594705,0.08285152530585349,0.9015532129509423
RAW,MOTOR_ST_RAW_BMI,MEMORY_ST_NORM_ImmMem,ST,423,-0.007537048213381956,0.8771700281627708,-0.10281084400068452,0.08787378118431378,0.9544341062603954
RAW,MOTOR_ST_RAW_BMI,MEMORY_ST_NORM_WorMem,ST,423,0.030560862014797803,0.5307702563939372,-0.06497615224694966,0.12554272194109253,0.8340675457619012
RAW,MOTOR_ST_RAW_BMI,MEMORY_ST_SCALED_AudImm,ST,423,-0.0698471569363858,0.15155943823913612,-0.16410195635554659,0.025671488908691597,0.47691499139946525
RAW,MOTOR_ST_RAW_BMI,MEMORY_ST_SCALED_VisImm,ST,423,-0.09252928735216837,0.05723705050672377,-0.186233927087752,0.0028434788846059926,0.3726987960602842
RAW,MOTOR_ST_RAW_BMI,MEMORY_ST_SCALED_ImmMem,ST,423,-0.08661948992347103,0.0751456609410008,-0.18047661918968017,0.008800876002774731,0.3726987960602842
RAW,MOTOR_ST_RAW_BMI,MEMORY_ST_SCALED_WorMem,ST,423,-0.021709325560841534,0.6561563224894779,-0.1168152055942388,0.07379109690474267,0.8832746210275975
RAW,MOTOR_ST_RAW_BMI,MEMORY_ST_RAW_AudImm,ST,423,-0.07109775984229169,0.14434892251167486,-0.1653247023986593,0.02441543230888145,0.47691499139946525
RAW,MOTOR_ST_RAW_BMI,MEMORY_ST_RAW_VisImm,ST,423,-0.09257023643567328,0.057126544725752126,-0.1862737971322365,0.0028021763522741903,0.3726987960602842
RAW,MOTOR_ST_RAW_BMI,MEMORY_ST_RAW_ImmMem,ST,423,-0.08972910904859212,0.06522468518700572,-0.18350680327935412,0.005667055005534044,0.3726987960602842
RAW,MOTOR_ST_RAW_BMI,MEMORY_ST_RAW_WorMem,ST,423,-0.027549112184503594,0.5720518557939248,-0.12257481930068839,0.0679771260969842,0.8635650910737217
RAW,MOTOR_ST_RAW_BMI,MEMORY_ST_SCALED_LogMemI,ST,423,-0.0637591796810788,0.19060741436942197,-0.1581454474463979,0.03178171032618751,0.5435841076461293
RAW,MOTOR_ST_RAW_BMI,MEMORY_ST_SCALED_FacI,ST,423,-0.052277034197575026,0.2833914055394494,-0.1468925290584686,0.043286406410195696,0.661246612925382
RAW,MOTOR_ST_RAW_BMI,MEMORY_ST_SCALED_VerPairI,ST,423,-0.060421081342963104,0.21492574421765315,-0.15487651597705723,0.03512897681917724,0.5910457965985462
RAW,MOTOR_ST_RAW_BMI,MEMORY_ST_SCALED_FamPicI,ST,423,-0.09016411608997167,0.06392682712772879,-0.1839305560483674,0.00522851289621626,0.3726987960602842
RAW,MOTOR_ST_RAW_BMI,MEMORY_ST_SCALED_LetNumSeq,ST,423,-0.0016711772581887697,0.9726623589435424,-0.09700340023595581,0.09369143158214983,0.9837006234807099
RAW,MOTOR_ST_RAW_BMI,MEMORY_ST_SCALED_SpaForward,ST,423,0.019856407074763844,0.6838481039541237,-0.07563446859483815,0.11498638745575511,0.8832746210275975
RAW,MOTOR_ST_RAW_BMI,MEMORY_ST_SCALED_SpaBackward,ST,423,-0.07668035689942475,0.11531771336793008,-0.17077941812310396,0.018804810378382088,0.47496232980126185
RAW,MOTOR_ST_RAW_BMI,MEMORY_ST_SCALED_SpaTotal,ST,423,-0.04831332828267582,0.321540526417936,-0.1430022590377895,0.04725202094266259,0.728194721593561
RAW,MOTOR_ST_RAW_BMI,MOTOR_ST_RAW_HEIGHT,ST,423,-0.0013295345944532746,0.9782494997597521,-0.09666496034536776,0.0940300651908509,0.9837006234807099
RAW,MOTOR_ST_RAW_BMI,MOTOR_ST_RAW_WEIGHT,ST,423,-0.7101778000157157,3.724509241256622e-66,-0.7544395096079376,-0.6594864579559461,2.867872115767599e-64
RAW,MOTOR_ST_RAW_BMI,MOTOR_ST_RAW_PegboardSum,ST,423,0.0358440341558338,0.4621825109546673,-0.05970770539261349,0.13074487430409706,0.8340675457619012
RAW,MOTOR_ST_RAW_BMI,MOTOR_ST_NORM_BMI,ST,422,0.09945094839881324,0.04115253841201455,0.004028493186495607,0.1930786264552528,0.3726987960602842
RAW,MOTOR_ST_RAW_BMI,MOTOR_ST_NORM_WHR,ST,422,0.4401961793192752,1.987497598905087e-21,0.35985719490270024,0.5140555284002036,7.651865755784585e-20
RAW,MOTOR_ST_RAW_BMI,MOTOR_ST_NORM_AerobicRating,ST,411,0.14528298670974077,0.003156731391440293,0.049243977663541556,0.2386600602668445,0.060767079285225636
RAW,MOTOR_ST_RAW_BMI,MOTOR_ST_NORM_FunctionalReaching,ST,422,0.0043945080356175515,0.9282812881848732,-0.09110441086677665,0.0998133364056444,0.9791460163045924
RAW,MOTOR_ST_RAW_BMI,MOTOR_ST_NORM_BestLegEyeClose,ST,413,0.17776776945903197,0.00028267887262476083,0.08268992054881015,0.2696387113141021,0.007255424397368861
RAW,MOTOR_ST_RAW_BMI,MOTOR_ST_NORM_PegboardDominant,ST,422,0.05429766145396455,0.2657385262099811,-0.04137751064420504,0.1489861231019502,0.6600602102635015
RAW,MOTOR_ST_RAW_BMI,MOTOR_ST_NORM_PegboardNondominant,ST,422,0.02573865825679782,0.5980137413819029,-0.06989377321037636,0.12090229798768456,0.8688124167246514
RAW,MOTOR_ST_RAW_BMI,MOTOR_ST_NORM_PegboardSum,ST,422,0.10937860981658921,0.024639635197975136,0.014064764724451895,0.20272261066842595,0.2710359871777265
RAW,MOTOR_ST_RAW_BMI,MOTOR_ST_NORM_PegboardBoth,ST,422,0.07720612700868579,0.11326705829847679,-0.01839011123278216,0.1714035572629948,0.47496232980126185
RAW,MOTOR_ST_RAW_BMI,MOTOR_ST_NORM_PegboardAssemble,ST,422,0.07512150373604116,0.12336683890941867,-0.020486105573353338,0.16936764307803795,0.47496232980126185
RAW,MOTOR_ST_RAW_BMI,MOTOR_ST_NORM_WaisSpeed,ST,422,0.08607945422789376,0.07733985581884356,-0.009458972433145002,0.18006056004174273,0.3726987960602842
RAW,MOTOR_ST_RAW_BMI,MOTOR_ST_SCALED_FineMotor,ST,423,0.012614620936213797,0.7958767343256629,-0.08283268791489186,0.10783260237376582,0.9015532129509423
RAW,MOTOR_ST_RAW_BMI,MOTOR_ST_SCALED_Balance,ST,413,0.035564412104463525,0.471037656289521,-0.0611417224397422,0.13160905788952673,0.8340675457619012
RAW,MOTOR_ST_RAW_BMI,MOTOR_ST_SCALED_ProcessingSpeed,ST,423,-0.02359530048246474,0.628446151112794,-0.11867598810748656,0.07191416871147135,0.8714234849822978
RAW,MOTOR_ST_RAW_WHR,BASIC_Q_BFI_Agreeableness,Q,423,0.09349715156244208,0.054672085537909636,-0.0018671735762841935,0.18717620480202554,0.4209750586419042
RAW,MOTOR_ST_RAW_WHR,BASIC_Q_BFI_Conscientiousness,Q,423,0.05022017702624412,0.30278919145225186,-0.045344629951455,0.14487414473028382,0.8112121190802468
RAW,MOTOR_ST_RAW_WHR,BASIC_Q_BFI_EmotionalStability,Q,423,0.05062425675901145,0.2989105795416718,-0.04494034581826152,0.14527072847038566,0.8112121190802468
RAW,MOTOR_ST_RAW_WHR,BASIC_Q_BFI_Extraversion,Q,423,0.018766819320077174,0.7003350345472436,-0.07671813779803642,0.11391067045687123,0.9475872489409992
RAW,MOTOR_ST_RAW_WHR,BASIC_Q_BFI_Intellect,Q,423,0.0497485998062295,0.3073576737504733,-0.0458164061344255,0.14441127717368085,0.8112121190802468
RAW,MOTOR_ST_RAW_WHR,BASIC_Q_Beck_Anxiety,Q,423,-0.07060272530077796,0.14717113410710156,-0.16484072926168106,0.024912661684060287,0.7597956177021317
RAW,MOTOR_ST_RAW_WHR,BASIC_Q_Beck_Depression,Q,423,-0.05284136271141763,0.2782193241088714,-0.14744616428403007,0.04272156116541338,0.8112121190802468
RAW,MOTOR_ST_RAW_WHR,BASIC_Q_CogFailure_Sum,Q,423,-0.09621718657568808,0.04797045617480889,-0.18982341016031903,-0.0008775575856505544,0.4209750586419042
RAW,MOTOR_ST_RAW_WHR,BASIC_Q_EHI_Sum,Q,423,-0.051852176969916036,0.2873277872782754,-0.14647568320199844,0.0437116123539941,0.8112121190802468
RAW,MOTOR_ST_RAW_WHR,BASIC_Q_IPAQ_MET,Q,423,0.10235981673988159,0.035332096873568135,0.007081248323763906,0.19579656685750454,0.4209750586419042
RAW,MOTOR_ST_RAW_WHR,BASIC_Q_MOCA_SUM,Q,423,0.0952824501277929,0.05019138181865992,-6.582769255145837e-05,0.188913854987507,0.4209750586419042
RAW,MOTOR_ST_RAW_WHR,BASIC_Q_MSPSS_Sum,Q,423,-0.01131999861882824,0.8164319913251453,-0.10655267230432769,0.08411847322257938,0.9475872489409992
RAW,MOTOR_ST_RAW_WHR,BASIC_Q_PSQI_DaytimeDysfunc,Q,423,0.00227674715395249,0.9627624729935353,-0.09309114108749,0.0976032389714666,0.9729754480295391
RAW,MOTOR_ST_RAW_WHR,BASIC_Q_PSQI_SleepDisturbance,Q,423,-0.034412742719332125,0.48026253362956794,-0.12933604826712633,0.06113553345358475,0.9437255232610948
RAW,MOTOR_ST_RAW_WHR,BASIC_Q_PSQI_SleepDuration,Q,423,-0.054514753215174246,0.2632607848019133,-0.14908749776314242,0.041046279180202636,0.8112121190802468
RAW,MOTOR_ST_RAW_WHR,BASIC_Q_PSQI_SleepEfficiency,Q,423,0.0018592272617915838,0.969587587845571,-0.09350502843399179,0.09718967793382657,0.9729754480295391
RAW,MOTOR_ST_RAW_WHR,BASIC_Q_PSQI_SleepLatency,Q,423,-0.025668116006611716,0.5985826692818491,-0.12072034537840769,0.06985051559569967,0.9467570130973842
RAW,MOTOR_ST_RAW_WHR,BASIC_Q_PSQI_SleepMedication,Q,423,-0.010043077157336006,0.8368302977660772,-0.10528993296948523,0.08538636724906208,0.9475872489409992
RAW,MOTOR_ST_RAW_WHR,BASIC_Q_PSQI_SleepQuality,Q,423,0.013241849395035156,0.7859675522387845,-0.08220962658206403,0.10845259913244586,0.9475872489409992
RAW,MOTOR_ST_RAW_WHR,BASIC_Q_PSQI_Sum,Q,423,-0.033090195986848425,0.49730458704040265,-0.12803391935058525,0.06245453242614546,0.9437255232610948
RAW,MOTOR_ST_RAW_WHR,BASIC_Q_SF36_EmotionalLimit,Q,423,-0.03980622532193009,0.41416032108729284,-0.13464287731945856,0.05575306136643436,0.9437255232610948
RAW,MOTOR_ST_RAW_WHR,BASIC_Q_SF36_EmotionalWell,Q,423,-0.021466595768607977,0.6597582381917164,-0.11657566962056694,0.07403261322952868,0.9475872489409992
RAW,MOTOR_ST_RAW_WHR,BASIC_Q_SF36_Energy,Q,423,0.038400198708819146,0.4308552162130826,-0.057156753081989094,0.13325996447105912,0.9437255232610948
RAW,MOTOR_ST_RAW_WHR,BASIC_Q_SF36_GeneralHealth,Q,423,0.07439538975616339,0.12659269549839045,-0.021101975360839523,0.16854749008283607,0.7498182733366203
RAW,MOTOR_ST_RAW_WHR,BASIC_Q_SF36_Mental,Q,423,-0.013668122902439555,0.7792526881323651,-0.10887391560216488,0.08178614252382654,0.9475872489409992
RAW,MOTOR_ST_RAW_WHR,BASIC_Q_SF36_Pain,Q,423,0.04889356248416364,0.31575637623461084,-0.04667169549919555,0.14357192606075656,0.8112121190802468
RAW,MOTOR_ST_RAW_WHR,BASIC_Q_SF36_Physical,Q,423,0.0603953513476268,0.2151214657576681,-0.035154769159409446,0.15485131108336578,0.8112121190802468
RAW,MOTOR_ST_RAW_WHR,BASIC_Q_SF36_PhysicalFunct,Q,423,0.10076655183495767,0.0383023117543882,0.005471440877683916,0.19424792534027185,0.4209750586419042
RAW,MOTOR_ST_RAW_WHR,BASIC_Q_SF36_PhysicalLimit,Q,423,-0.011932235307380763,0.806694637265255,-0.10715800025534415,0.08351045523042347,0.9475872489409992
RAW,MOTOR_ST_RAW_WHR,BASIC_Q_SF36_SocialFunc,Q,423,-0.0060455619893814575,0.9013374009883155,-0.10133482930080612,0.08935362392599151,0.9655190603154588
RAW,MOTOR_ST_RAW_WHR,LANGUAGE_ST_RAW_SUM,ST,423,0.03653931680517623,0.45353821409036094,-0.059013964028609145,0.13142910558658358,0.9437255232610948
RAW,MOTOR_ST_RAW_WHR,LANGUAGE_ST_SCALED_SIMILARITY,ST,423,0.01892898983780286,0.6978720171231991,-0.07655686246544578,0.11407079063091048,0.9475872489409992
RAW,MOTOR_ST_RAW_WHR,LANGUAGE_ST_SCALED_VOCABULARY,ST,423,0.05154158624958021,0.2902286255751942,-0.04402243609715599,0.1461709279083322,0.8112121190802468
RAW,MOTOR_ST_RAW_WHR,LANGUAGE_ST_SCALED_INFORMATION,ST,423,0.010269547258762779,0.8332041282672391,-0.0851615207648887,0.10551391018995364,0.9475872489409992
RAW,MOTOR_ST_RAW_WHR,LANGUAGE_ST_SCALED_SUM,ST,423,0.029668294385086034,0.5428458987396627,-0.06586570650357043,0.12466332616832208,0.9437255232610948
RAW,MOTOR_ST_RAW_WHR,LANGUAGE_ST_NORM_SIMILARITY,ST,423,-0.005182687668190784,0.915362226013357,-0.10048071417373654,0.0902095698225861,0.9655190603154588
RAW,MOTOR_ST_RAW_WHR,LANGUAGE_ST_NORM_VOCABULARY,ST,423,0.0393542852138418,0.419484534877403,-0.05620429216606609,0.13419840697070726,0.9437255232610948
RAW,MOTOR_ST_RAW_WHR,LANGUAGE_ST_NORM_INFORMATION,ST,423,-0.017374869447781386,0.7216025971708449,-0.1125361158772088,0.07810219861034505,0.9475872489409992
RAW,MOTOR_ST_RAW_WHR,LANGUAGE_ST_NORM_VCI,ST,423,0.005329039332827143,0.9129815115193254,-0.09006440320776549,0.10062559008805831,0.9655190603154588
RAW,MOTOR_ST_RAW_WHR,LANGUAGE_ST_NORM_PR,ST,423,0.0016520304706157465,0.9729754480295391,-0.09371041031595788,0.09698443352554646,0.9729754480295391
RAW,MOTOR_ST_RAW_WHR,MEMORY_ST_NORM_AudImm,ST,423,0.002037507076933806,0.9666729824888771,-0.09332830373772995,0.09736627135666152,0.9729754480295391
RAW,MOTOR_ST_RAW_WHR,MEMORY_ST_NORM_VisImm,ST,423,-0.05506702049776596,0.2584477111748996,-0.1496290709482789,0.04049326970487848,0.8112121190802468
RAW,MOTOR_ST_RAW_WHR,MEMORY_ST_NORM_ImmMem,ST,423,-0.029336464282160166,0.5473697860459524,-0.1243363549092648,0.0661963776074754,0.9437255232610948
RAW,MOTOR_ST_RAW_WHR,MEMORY_ST_NORM_WorMem,ST,423,0.024903577815014205,0.6095229203983719,-0.07061176949440247,0.11996639757872243,0.9467570130973842
RAW,MOTOR_ST_RAW_WHR,MEMORY_ST_SCALED_AudImm,ST,423,0.03693835599876315,0.4486183917875399,-0.05861576772450871,0.13182176130820253,0.9437255232610948
RAW,MOTOR_ST_RAW_WHR,MEMORY_ST_SCALED_VisImm,ST,423,0.010167797785773921,0.8348328769416186,-0.08526254197452814,0.10541328192488189,0.9475872489409992
RAW,MOTOR_ST_RAW_WHR,MEMORY_ST_SCALED_ImmMem,ST,423,0.029578169165460595,0.5440727506049927,-0.0659555190141151,0.12457452265394506,0.9437255232610948
RAW,MOTOR_ST_RAW_WHR,MEMORY_ST_SCALED_WorMem,ST,423,0.0704566088879365,0.14801213331859708,-0.025059416900241403,0.16469786910352546,0.7597956177021317
RAW,MOTOR_ST_RAW_WHR,MEMORY_ST_RAW_AudImm,ST,423,0.021803683585849703,0.654758266345829,-0.07369720757545545,0.11690831907754116,0.9475872489409992
RAW,MOTOR_ST_RAW_WHR,MEMORY_ST_RAW_VisImm,ST,423,0.00690785178746098,0.8873526659583326,-0.088498117066861,0.10218822553221414,0.9655190603154588
RAW,MOTOR_ST_RAW_WHR,MEMORY_ST_RAW_ImmMem,ST,423,0.01644935717969819,0.7358643382509505,-0.0790222617493969,0.1116219681656377,0.9475872489409992
RAW,MOTOR_ST_RAW_WHR,MEMORY_ST_RAW_WorMem,ST,423,0.06286767077852895,0.196895228847544,-0.032675877573003366,0.15727261344670618,0.8112121190802468
RAW,MOTOR_ST_RAW_WHR,MEMORY_ST_SCALED_LogMemI,ST,423,-0.007994059173104567,0.8697865431796128,-0.10326303032140541,0.0874202536333635,0.9655190603154588
RAW,MOTOR_ST_RAW_WHR,MEMORY_ST_SCALED_FacI,ST,423,-0.02589175827256788,0.5953992941092092,-0.12094086902042282,0.06962781301604663,0.9467570130973842
RAW,MOTOR_ST_RAW_WHR,MEMORY_ST_SCALED_VerPairI,ST,423,0.05645794240446333,0.24659611435184683,-0.039100219085358386,0.15099280769415085,0.8112121190802468
RAW,MOTOR_ST_RAW_WHR,MEMORY_ST_SCALED_FamPicI,ST,423,0.016652192959483076,0.7327307580026307,-0.07882063412005222,0.11182232706594318,0.9475872489409992
RAW,MOTOR_ST_RAW_WHR,MEMORY_ST_SCALED_LetNumSeq,ST,423,0.08692608808321534,0.07411591195062378,-0.008491974888295221,0.1807754645100196,0.5188113836543665
RAW,MOTOR_ST_RAW_WHR,MEMORY_ST_SCALED_SpaForward,ST,423,0.033093963586517526,0.4972555868994975,-0.06245077540711538,0.12803762925005008,0.9437255232610948
RAW,MOTOR_ST_RAW_WHR,MEMORY_ST_SCALED_SpaBackward,ST,423,0.019806853208414438,0.6845947418216206,-0.07568375818519711,0.1149374692662345,0.9475872489409992
RAW,MOTOR_ST_RAW_WHR,MEMORY_ST_SCALED_SpaTotal,ST,423,0.016083462445890002,0.7415280493337898,-0.07938595735143607,0.11126052189669143,0.9475872489409992
RAW,MOTOR_ST_RAW_WHR,MOTOR_ST_RAW_HEIGHT,ST,423,0.038501445360401204,0.42964018743103216,-0.05705568718546319,0.133359559065713,0.9437255232610948
RAW,MOTOR_ST_RAW_WHR,MOTOR_ST_RAW_WEIGHT,ST,423,-0.350281072940749,1.1778244614011915e-13,-0.4312264417618351,-0.2637419762802414,4.534624176394587e-12
RAW,MOTOR_ST_RAW_WHR,MOTOR_ST_RAW_PegboardSum,ST,423,0.02903265422501859,0.5515279032045359,-0.06649910813298121,0.12403697531738753,0.9437255232610948
RAW,MOTOR_ST_RAW_WHR,MOTOR_ST_NORM_BMI,ST,422,-0.02940316848860136,0.546936316722642,-0.12451437602438911,0.06624346713773244,0.9437255232610948
RAW,MOTOR_ST_RAW_WHR,MOTOR_ST_NORM_WHR,ST,422,0.8890847696360713,1.2641369548604124e-144,0.867228013054587,0.9075216945023804,9.733854552425175e-143
RAW,MOTOR_ST_RAW_WHR,MOTOR_ST_NORM_AerobicRating,ST,411,0.1121384529365115,0.022987055241712788,0.015576360741723218,0.2066281546138028,0.4209750586419042
RAW,MOTOR_ST_RAW_WHR,MOTOR_ST_NORM_FunctionalReaching,ST,422,0.06726124137480313,0.16783702520823215,-0.02838169228844641,0.16168380152555756,0.8077156838146172
RAW,MOTOR_ST_RAW_WHR,MOTOR_ST_NORM_BestLegEyeClose,ST,413,0.03225457772663409,0.5133219365396874,-0.06444230183946145,0.12835139700531228,0.9437255232610948
RAW,MOTOR_ST_RAW_WHR,MOTOR_ST_NORM_PegboardDominant,ST,422,0.027077512306634362,0.5791030407693873,-0.06856040560042945,0.12222228780302336,0.9467570130973842
RAW,MOTOR_ST_RAW_WHR,MOTOR_ST_NORM_PegboardNondominant,ST,422,0.012359694148397545,0.8001466634473005,-0.08319916999085006,0.10769333089573548,0.9475872489409992
RAW,MOTOR_ST_RAW_WHR,MOTOR_ST_NORM_PegboardSum,ST,422,0.02099322135468168,0.6671778980701253,-0.07461701354646617,0.11622101158385262,0.9475872489409992
RAW,MOTOR_ST_RAW_WHR,MOTOR_ST_NORM_PegboardBoth,ST,422,0.024567777793688763,0.6147772812320678,-0.0710595755383375,0.11974763911758851,0.9467570130973842
RAW,MOTOR_ST_RAW_WHR,MOTOR_ST_NORM_PegboardAssemble,ST,422,0.07573436296483534,0.12032745325310529,-0.019869990563928432,0.1699662657912319,0.7498182733366203
RAW,MOTOR_ST_RAW_WHR,MOTOR_ST_NORM_WaisSpeed,ST,422,0.09688133697261815,0.046703851949353684,0.0014338978307595635,0.1905794895374114,0.4209750586419042
RAW,MOTOR_ST_RAW_WHR,MOTOR_ST_SCALED_FineMotor,ST,423,0.05047855739467413,0.30030526713717465,-0.04508612249205905,0.1451277354483236,0.8112121190802468
RAW,MOTOR_ST_RAW_WHR,MOTOR_ST_SCALED_Balance,ST,413,0.04945413435393597,0.31605666977152475,-0.04726774025896731,0.14525725249852106,0.8112121190802468
RAW,MOTOR_ST_RAW_WHR,MOTOR_ST_SCALED_ProcessingSpeed,ST,423,0.10220466332217196,0.03561245980777557,0.006924462272937751,0.19564577938047953,0.4209750586419042
RAW,MOTOR_ST_RAW_AerobicRating,BASIC_Q_BFI_Agreeableness,Q,411,0.040092857418099224,0.4175618764416149,-0.05685870659642917,0.1362953267622404,0.6212477384123363
RAW,MOTOR_ST_RAW_AerobicRating,BASIC_Q_BFI_Conscientiousness,Q,411,0.021839593746985256,0.658879132996509,-0.07505000761087018,0.11832068657599944,0.7805183575497107
RAW,MOTOR_ST_RAW_AerobicRating,BASIC_Q_BFI_EmotionalStability,Q,411,0.04043189317464631,0.413631829148185,-0.05652021167714821,0.13662858927835722,0.6212477384123363
RAW,MOTOR_ST_RAW_AerobicRating,BASIC_Q_BFI_Extraversion,Q,411,-0.020213696080592942,0.6828415576449142,-0.1167165343573516,0.07666726401148279,0.7879850156510689
RAW,MOTOR_ST_RAW_AerobicRating,BASIC_Q_BFI_Intellect,Q,411,0.028768890605382905,0.5608498387312746,-0.06815181854365086,0.1251516661017692,0.6965393158436797
RAW,MOTOR_ST_RAW_AerobicRating,BASIC_Q_Beck_Anxiety,Q,411,0.06930367622154716,0.16079275448869784,-0.02761248604372404,0.1649290749829635,0.5122797270845822
RAW,MOTOR_ST_RAW_AerobicRating,BASIC_Q_Beck_Depression,Q,411,0.025570111878363076,0.605231524809348,-0.07133738891653905,0.12199940882619655,0.7340016187528143
RAW,MOTOR_ST_RAW_AerobicRating,BASIC_Q_CogFailure_Sum,Q,411,-0.07555814110806452,0.12618465708405133,-0.17103910054989574,0.021328800420048404,0.48581092977359763
RAW,MOTOR_ST_RAW_AerobicRating,BASIC_Q_EHI_Sum,Q,411,-0.05119691082464155,0.3004635111913494,-0.14719898590380331,0.04576076482998192,0.548965503210466
RAW,MOTOR_ST_RAW_AerobicRating,BASIC_Q_IPAQ_MET,Q,411,-0.1139749987504875,0.020825733631056494,-0.20840836603576812,-0.017436178052091928,0.4781177851821002
RAW,MOTOR_ST_RAW_AerobicRating,BASIC_Q_MOCA_SUM,Q,411,0.0028281615061744323,0.9544167927417299,-0.093928587830981,0.09953198563283566,0.9669749084357
RAW,MOTOR_ST_RAW_AerobicRating,BASIC_Q_MSPSS_Sum,Q,411,0.05345733350509282,0.2795991335373983,-0.043498650523818155,0.1494157601699532,0.548965503210466
RAW,MOTOR_ST_RAW_AerobicRating,BASIC_Q_PSQI_DaytimeDysfunc,Q,411,0.04129569252844015,0.4037179302520206,-0.055657689528537634,0.1374775811013009,0.6212477384123363
RAW,MOTOR_ST_RAW_AerobicRating,BASIC_Q_PSQI_SleepDisturbance,Q,411,0.018655030352805264,0.7061164425964124,-0.0782171673429682,0.11517824202262977,0.7879850156510689
RAW,MOTOR_ST_RAW_AerobicRating,BASIC_Q_PSQI_SleepDuration,Q,411,0.030991792359417916,0.5309622930813227,-0.06593693109910351,0.1273410936741079,0.6702310912665876
RAW,MOTOR_ST_RAW_AerobicRating,BASIC_Q_PSQI_SleepEfficiency,Q,411,0.06958340243167122,0.1591060460725578,-0.027331616479920582,0.16520249813014606,0.5122797270845822
RAW,MOTOR_ST_RAW_AerobicRating,BASIC_Q_PSQI_SleepLatency,Q,411,0.019458092124044465,0.6940888060822302,-0.07741867864353606,0.11597086475570267,0.7879850156510689
RAW,MOTOR_ST_RAW_AerobicRating,BASIC_Q_PSQI_SleepMedication,Q,411,-0.003953400779433588,0.9363135772561232,-0.10064596528505555,0.09281314570573425,0.966154848305731
RAW,MOTOR_ST_RAW_AerobicRating,BASIC_Q_PSQI_SleepQuality,Q,411,0.03726547284828586,0.45118028845714425,-0.05968071311096615,0.13351523986204963,0.631683332144933
RAW,MOTOR_ST_RAW_AerobicRating,BASIC_Q_PSQI_Sum,Q,411,0.04960543549672429,0.3157583197866019,-0.04735283487975528,0.14563766296638006,0.548965503210466
RAW,MOTOR_ST_RAW_AerobicRating,BASIC_Q_SF36_EmotionalLimit,Q,411,-0.08006924568439655,0.10503605143995204,-0.17544147266253107,0.016791863558360813,0.4781177851821002
RAW,MOTOR_ST_RAW_AerobicRating,BASIC_Q_SF36_EmotionalWell,Q,411,-0.03824163956047113,0.43940427756056605,-0.13447524809467884,0.05870657831326151,0.631683332144933
RAW,MOTOR_ST_RAW_AerobicRating,BASIC_Q_SF36_Energy,Q,411,-0.0798454508368987,0.10601452903089285,-0.1752231618872872,0.017017034008840255,0.4781177851821002
RAW,MOTOR_ST_RAW_AerobicRating,BASIC_Q_SF36_GeneralHealth,Q,411,-0.06595083687855562,0.1820691088148029,-0.1616506407955825,0.030977839253915392,0.5122797270845822
RAW,MOTOR_ST_RAW_AerobicRating,BASIC_Q_SF36_Mental,Q,411,-0.07850822046893986,0.11201208342939631,-0.1739185047384687,0.01836227923269819,0.4781177851821002
RAW,MOTOR_ST_RAW_AerobicRating,BASIC_Q_SF36_Pain,Q,411,-0.014074299392603625,0.7760461966876241,-0.11065470486036952,0.08276943792041637,0.8536508163563865
RAW,MOTOR_ST_RAW_AerobicRating,BASIC_Q_SF36_Physical,Q,411,-0.07220250038285607,0.14395490258787386,-0.16776186713558852,0.024701070620654922,0.5122797270845822
RAW,MOTOR_ST_RAW_AerobicRating,BASIC_Q_SF36_PhysicalFunct,Q,411,0.000749387772707294,0.9879155660165563,-0.09598862354879442,0.0974733752141274,0.9879155660165563
RAW,MOTOR_ST_RAW_AerobicRating,BASIC_Q_SF36_PhysicalLimit,Q,411,-0.09298821172644496,0.059632127844638914,-0.1880279818702248,0.003776813329670586,0.4781177851821002
RAW,MOTOR_ST_RAW_AerobicRating,BASIC_Q_SF36_SocialFunc,Q,411,-0.02522731637123014,0.6100792675348067,-0.1216614833215956,0.07167865172093903,0.7340016187528143
RAW,MOTOR_ST_RAW_AerobicRating,LANGUAGE_ST_RAW_SUM,ST,411,0.09547544570048916,0.053099380690613304,-0.0012673116765831106,0.19044763114608806,0.4781177851821002
RAW,MOTOR_ST_RAW_AerobicRating,LANGUAGE_ST_SCALED_SIMILARITY,ST,411,0.08050498816297491,0.10315139601629883,-0.016353414505489893,0.17586651040293771,0.4781177851821002
RAW,MOTOR_ST_RAW_AerobicRating,LANGUAGE_ST_SCALED_VOCABULARY,ST,411,0.08491125035625659,0.08556329371985415,-0.011917689433096701,0.1801625287713793,0.4781177851821002
RAW,MOTOR_ST_RAW_AerobicRating,LANGUAGE_ST_SCALED_INFORMATION,ST,411,0.08095911098977147,0.10121585391793601,-0.01589643129349521,0.17630943911454236,0.4781177851821002
RAW,MOTOR_ST_RAW_AerobicRating,LANGUAGE_ST_SCALED_SUM,ST,411,0.09516759252408122,0.05387416964534033,-0.0015779870864100494,0.1901482057116285,0.4781177851821002
RAW,MOTOR_ST_RAW_AerobicRating,LANGUAGE_ST_NORM_SIMILARITY,ST,411,0.07053016977372983,0.15349610157593746,-0.026380865760075905,0.1661278229404215,0.5122797270845822
RAW,MOTOR_ST_RAW_AerobicRating,LANGUAGE_ST_NORM_VOCABULARY,ST,411,0.08683187349223541,0.07869388880403409,-0.00998303055699943,0.18203396181064196,0.4781177851821002
RAW,MOTOR_ST_RAW_AerobicRating,LANGUAGE_ST_NORM_INFORMATION,ST,411,0.06577521516140152,0.18323833455491043,-0.031154055896672358,0.16147885817932076,0.5122797270845822
RAW,MOTOR_ST_RAW_AerobicRating,LANGUAGE_ST_NORM_VCI,ST,411,0.089887055697492,0.06869370545672131,-0.006904027113333937,0.1850094756339246,0.4781177851821002
RAW,MOTOR_ST_RAW_AerobicRating,LANGUAGE_ST_NORM_PR,ST,411,0.07723294255417958,0.11797711582415459,-0.01964487403537209,0.17267397886592886,0.4781177851821002
RAW,MOTOR_ST_RAW_AerobicRating,MEMORY_ST_NORM_AudImm,ST,411,0.04908951637398886,0.32082399538273987,-0.04786884108578889,0.14513141585408698,0.548965503210466
RAW,MOTOR_ST_RAW_AerobicRating,MEMORY_ST_NORM_VisImm,ST,411,0.04518374658951957,0.36087815059332584,-0.05177359196348135,0.1412972359975563,0.6035029569368798
RAW,MOTOR_ST_RAW_AerobicRating,MEMORY_ST_NORM_ImmMem,ST,411,0.052445184642835305,0.288817068646642,-0.04451167977373723,0.14842327499544478,0.548965503210466
RAW,MOTOR_ST_RAW_AerobicRating,MEMORY_ST_NORM_WorMem,ST,411,0.03473945095301372,0.48246426718653646,-0.06220062019144015,0.13103019242862893,0.6405129064372983
RAW,MOTOR_ST_RAW_AerobicRating,MEMORY_ST_SCALED_AudImm,ST,411,0.05705981873335226,0.24841866190881995,-0.03989141337756638,0.15294668935147618,0.548965503210466
RAW,MOTOR_ST_RAW_AerobicRating,MEMORY_ST_SCALED_VisImm,ST,411,0.05040527797747641,0.3080088968015239,-0.04655275507555357,0.14642241127760175,0.548965503210466
RAW,MOTOR_ST_RAW_AerobicRating,MEMORY_ST_SCALED_ImmMem,ST,411,0.06011791455965748,0.2239213542260685,-0.03682729929492379,0.15594212233561014,0.5388107586064773
RAW,MOTOR_ST_RAW_AerobicRating,MEMORY_ST_SCALED_WorMem,ST,411,0.03726365522316477,0.45120238010352354,-0.059682526780444035,0.1335134521555659,0.631683332144933
RAW,MOTOR_ST_RAW_AerobicRating,MEMORY_ST_RAW_AudImm,ST,411,0.06307853811841485,0.2018932587092541,-0.033859111641736654,0.15884040222952042,0.5181926973537522
RAW,MOTOR_ST_RAW_AerobicRating,MEMORY_ST_RAW_VisImm,ST,411,0.05268270471974379,0.2866357932855235,-0.04427397100129351,0.1486561979754549,0.548965503210466
RAW,MOTOR_ST_RAW_AerobicRating,MEMORY_ST_RAW_ImmMem,ST,411,0.06434942759420872,0.1929365205902972,-0.032584450377051176,0.16008402371222408,0.5122797270845822
RAW,MOTOR_ST_RAW_AerobicRating,MEMORY_ST_RAW_WorMem,ST,411,0.03522123045553115,0.476408420147943,-0.06172010230878845,0.13150425041675096,0.6405129064372983
RAW,MOTOR_ST_RAW_AerobicRating,MEMORY_ST_SCALED_LogMemI,ST,411,0.06518878674519,0.18718271703656705,-0.03174242721302423,0.16090520710418668,0.5122797270845822
RAW,MOTOR_ST_RAW_AerobicRating,MEMORY_ST_SCALED_FacI,ST,411,0.050307772652781926,0.308946826911552,-0.04665029598998681,0.14632675248540464,0.548965503210466
RAW,MOTOR_ST_RAW_AerobicRating,MEMORY_ST_SCALED_VerPairI,ST,411,0.04160646839675256,0.40018609245117187,-0.055347337770386695,0.1377829949828058,0.6212477384123363
RAW,MOTOR_ST_RAW_AerobicRating,MEMORY_ST_SCALED_FamPicI,ST,411,0.044483916805340785,0.3683719347536799,-0.052472926138522634,0.1406099288345243,0.6035029569368798
RAW,MOTOR_ST_RAW_AerobicRating,MEMORY_ST_SCALED_LetNumSeq,ST,411,0.03992258166775669,0.41954392723949985,-0.0570287023112315,0.13612794232319506,0.6212477384123363
RAW,MOTOR_ST_RAW_AerobicRating,MEMORY_ST_SCALED_SpaForward,ST,411,0.06581208320333194,0.18299242193647014,-0.03111706346246526,0.16151492076467883,0.5122797270845822
RAW,MOTOR_ST_RAW_AerobicRating,MEMORY_ST_SCALED_SpaBackward,ST,411,-0.03117987012144031,0.5284709752165448,-0.12752629614263883,0.0657494875838286,0.6702310912665876
RAW,MOTOR_ST_RAW_AerobicRating,MEMORY_ST_SCALED_SpaTotal,ST,411,0.018968614001090425,0.7014109232742196,-0.07790538420110399,0.11548776400978623,0.7879850156510689
RAW,MOTOR_ST_RAW_AerobicRating,MOTOR_ST_RAW_HEIGHT,ST,411,-0.011280364096872058,0.8196469413319323,-0.10789368785423777,0.085544031452356,0.8889128800360392
RAW,MOTOR_ST_RAW_AerobicRating,MOTOR_ST_RAW_WEIGHT,ST,411,0.08317548122700479,0.09217950613230687,-0.013665519985412074,0.17847062192437205,0.4781177851821002
RAW,MOTOR_ST_RAW_AerobicRating,MOTOR_ST_RAW_PegboardSum,ST,411,0.10124287979789523,0.040215032966459806,0.004556449416852684,0.19605391225623583,0.4781177851821002
RAW,MOTOR_ST_RAW_AerobicRating,MOTOR_ST_NORM_BMI,ST,411,-0.03506840982166521,0.4783248314391406,-0.13135388381878796,0.06187252762298211,0.6405129064372983
RAW,MOTOR_ST_RAW_AerobicRating,MOTOR_ST_NORM_WHR,ST,411,-0.13394529981647801,0.006538355834349322,-0.22772578518079045,-0.03770274869081781,0.2517266996224489
RAW,MOTOR_ST_RAW_AerobicRating,MOTOR_ST_NORM_AerobicRating,ST,411,-0.8990534886718478,8.695765329905842e-149,-0.9161134606005356,-0.8787435943491645,6.695739304027498e-147
RAW,MOTOR_ST_RAW_AerobicRating,MOTOR_ST_NORM_FunctionalReaching,ST,411,0.003658209634801401,0.9410599171809066,-0.09310579020575867,0.1003537514039706,0.966154848305731
RAW,MOTOR_ST_RAW_AerobicRating,MOTOR_ST_NORM_BestLegEyeClose,ST,404,-0.059620908772212974,0.23180731009947697,-0.15627820366264825,0.038167475724285437,0.5408837235654462
RAW,MOTOR_ST_RAW_AerobicRating,MOTOR_ST_NORM_PegboardDominant,ST,411,0.10823895608962908,0.028227532084174327,0.011629666293496665,0.20284619577739935,0.4781177851821002
RAW,MOTOR_ST_RAW_AerobicRating,MOTOR_ST_NORM_PegboardNondominant,ST,411,0.0604193882592836,0.22160298887689006,-0.03652513356135757,0.15623732319052955,0.5388107586064773
RAW,MOTOR_ST_RAW_AerobicRating,MOTOR_ST_NORM_PegboardSum,ST,411,0.05621734289964869,0.255483891329966,-0.04073522694416849,0.15212116685086202,0.548965503210466
RAW,MOTOR_ST_RAW_AerobicRating,MOTOR_ST_NORM_PegboardBoth,ST,411,0.09191109599887111,0.06266046537370083,-0.004863194188744664,0.18697977611731698,0.4781177851821002
RAW,MOTOR_ST_RAW_AerobicRating,MOTOR_ST_NORM_PegboardAssemble,ST,411,-0.010091250251490602,0.8383821054894418,-0.10671813190169574,0.08672445791925502,0.8966030850373197
RAW,MOTOR_ST_RAW_AerobicRating,MOTOR_ST_NORM_WaisSpeed,ST,411,0.0332454487389322,0.5015056740780905,-0.06369042440795766,0.12955985463842623,0.6545074051527622
RAW,MOTOR_ST_RAW_AerobicRating,MOTOR_ST_SCALED_FineMotor,ST,411,0.05041100235088509,0.3079538909015941,-0.04654702855526937,0.14642802718839096,0.548965503210466
RAW,MOTOR_ST_RAW_AerobicRating,MOTOR_ST_SCALED_Balance,ST,404,-0.008835412475515432,0.8594747772454738,-0.10631013345554927,0.08880750753504392,0.9065692855876917
RAW,MOTOR_ST_RAW_AerobicRating,MOTOR_ST_SCALED_ProcessingSpeed,ST,411,0.05003774448770912,0.3115541092500772,-0.04692041306592965,0.14606182867623477,0.548965503210466
RAW,MOTOR_ST_RAW_FunctionalReaching,BASIC_Q_BFI_Agreeableness,Q,423,-0.005975299963056785,0.902478325581657,-0.10126528577015471,0.08942332705572324,0.914353040391942
RAW,MOTOR_ST_RAW_FunctionalReaching,BASIC_Q_BFI_Conscientiousness,Q,423,0.04224850094939724,0.38608492368126307,-0.05331394320187223,0.13704412634780747,0.5945707824691451
RAW,MOTOR_ST_RAW_FunctionalReaching,BASIC_Q_BFI_EmotionalStability,Q,423,0.011295685013688087,0.816819282731391,-0.08414261782457459,0.10652863160672517,0.8858462643706636
RAW,MOTOR_ST_RAW_FunctionalReaching,BASIC_Q_BFI_Extraversion,Q,423,0.058233085061584984,0.23202916716712638,-0.0373218200000114,0.1527327332085942,0.47016436504917714
RAW,MOTOR_ST_RAW_FunctionalReaching,BASIC_Q_BFI_Intellect,Q,423,-0.055075121182409224,0.2583775680362139,-0.14963701434913615,0.04048515769802698,0.4763329439828506
RAW,MOTOR_ST_RAW_FunctionalReaching,BASIC_Q_Beck_Anxiety,Q,423,-0.04800741992073725,0.32461759771601917,-0.14270189659393392,0.047557951439134605,0.5433816309594234
RAW,MOTOR_ST_RAW_FunctionalReaching,BASIC_Q_Beck_Depression,Q,423,-0.08563209744037838,0.07854129168210179,-0.17951407677032577,0.009795561350891316,0.3557458505601081
RAW,MOTOR_ST_RAW_FunctionalReaching,BASIC_Q_CogFailure_Sum,Q,423,-0.050133755284913976,0.30362303134047697,-0.14478932223139337,0.045431091345261035,0.5313403048458347
RAW,MOTOR_ST_RAW_FunctionalReaching,BASIC_Q_EHI_Sum,Q,423,0.013140209292133472,0.7875710015226632,-0.08231059648333368,0.10835213592892076,0.8788835814093489
RAW,MOTOR_ST_RAW_FunctionalReaching,BASIC_Q_IPAQ_MET,Q,423,0.02723347032974565,0.5764647895344572,-0.06829153854982355,0.1222636743571465,0.7653067033474691
RAW,MOTOR_ST_RAW_FunctionalReaching,BASIC_Q_MOCA_SUM,Q,423,-0.12414245724089552,0.010601375747691636,-0.21692249159126573,-0.029139695154045554,0.116615133224608
RAW,MOTOR_ST_RAW_FunctionalReaching,BASIC_Q_MSPSS_Sum,Q,423,0.029061054203969594,0.5511385504563848,-0.06647080981317963,0.12406496187201517,0.7459349608586353
RAW,MOTOR_ST_RAW_FunctionalReaching,BASIC_Q_PSQI_DaytimeDysfunc,Q,423,0.02527920902331416,0.6041367003765652,-0.07023776582019886,0.12033683924211201,0.7884495920168733
RAW,MOTOR_ST_RAW_FunctionalReaching,BASIC_Q_PSQI_SleepDisturbance,Q,423,-0.022209086577333854,0.6487653758879408,-0.11730835595538942,0.07329379904131286,0.8202861990011581
RAW,MOTOR_ST_RAW_FunctionalReaching,BASIC_Q_PSQI_SleepDuration,Q,423,-0.04236705874168106,0.3847521712867275,-0.13716066419806372,0.05319550965738522,0.5945707824691451
RAW,MOTOR_ST_RAW_FunctionalReaching,BASIC_Q_PSQI_SleepEfficiency,Q,423,-0.06485562975588864,0.18307773186119955,-0.15921872738342474,0.030681781057761197,0.43931927386275926
RAW,MOTOR_ST_RAW_FunctionalReaching,BASIC_Q_PSQI_SleepLatency,Q,423,-0.07049283893106939,0.14780326446992667,-0.1647332921163036,0.025023028847564688,0.4215130134883094
RAW,MOTOR_ST_RAW_FunctionalReaching,BASIC_Q_PSQI_SleepMedication,Q,423,-0.0172618703163177,0.7233388200433606,-0.11242451291792635,0.07821454115497663,0.863883043729632
RAW,MOTOR_ST_RAW_FunctionalReaching,BASIC_Q_PSQI_SleepQuality,Q,423,-0.04508055152200296,0.35501961615020916,-0.1398272083763794,0.05048412548504465,0.5695106342409605
RAW,MOTOR_ST_RAW_FunctionalReaching,BASIC_Q_PSQI_Sum,Q,423,-0.0632042290827873,0.19450393243213995,-0.15760213901919973,0.03233833367274151,0.43931927386275926
RAW,MOTOR_ST_RAW_FunctionalReaching,BASIC_Q_SF36_EmotionalLimit,Q,423,0.10305053246439612,0.034106637878575596,0.007779289095906982,0.1964677925690397,0.23874646515002917
RAW,MOTOR_ST_RAW_FunctionalReaching,BASIC_Q_SF36_EmotionalWell,Q,423,0.07792045226139806,0.10953675886217015,-0.01755767285015909,0.17199032402292722,0.4191068455551076
RAW,MOTOR_ST_RAW_FunctionalReaching,BASIC_Q_SF36_Energy,Q,423,0.0941637126534304,0.05296174580159544,-0.001194693430824423,0.1878250444279997,0.31369649436329605
RAW,MOTOR_ST_RAW_FunctionalReaching,BASIC_Q_SF36_GeneralHealth,Q,423,0.012092710911198666,0.8041472084567574,-0.08335107364925318,0.10731665330825758,0.884561929302433
RAW,MOTOR_ST_RAW_FunctionalReaching,BASIC_Q_SF36_Mental,Q,423,0.11935872725659509,0.014034876432232788,0.024287452721195486,0.2122904194206607,0.12007616503132497
RAW,MOTOR_ST_RAW_FunctionalReaching,BASIC_Q_SF36_Pain,Q,423,-0.05504842761248026,0.25860875512041653,-0.14961083901834246,0.04051188852952932,0.4763329439828506
RAW,MOTOR_ST_RAW_FunctionalReaching,BASIC_Q_SF36_Physical,Q,423,-0.02213647441066386,0.6498371186892291,-0.11723670718787381,0.07336605627613789,0.8202861990011581
RAW,MOTOR_ST_RAW_FunctionalReaching,BASIC_Q_SF36_PhysicalFunct,Q,423,-0.02898470162741809,0.5521856203758728,-0.12398972043252682,0.06654688873304168,0.7459349608586353
RAW,MOTOR_ST_RAW_FunctionalReaching,BASIC_Q_SF36_PhysicalLimit,Q,423,0.0020768815708422485,0.9660293275061618,-0.09328927189384484,0.09740527258837427,0.9660293275061619
RAW,MOTOR_ST_RAW_FunctionalReaching,BASIC_Q_SF36_SocialFunc,Q,423,0.09079436436969109,0.06208422669865149,-0.004593077830325716,0.18454443705480514,0.3265804357677901
RAW,MOTOR_ST_RAW_FunctionalReaching,LANGUAGE_ST_RAW_SUM,ST,423,-0.0746712450972363,0.12518775906191526,-0.16881699346839346,0.020824700928354967,0.4191068455551076
RAW,MOTOR_ST_RAW_FunctionalReaching,LANGUAGE_ST_SCALED_SIMILARITY,ST,423,-0.15316821407765357,0.0015801484811399937,-0.2449387510619375,-0.058677473847814327,0.030417858261944878
RAW,MOTOR_ST_RAW_FunctionalReaching,LANGUAGE_ST_SCALED_VOCABULARY,ST,423,-0.008087607264400302,0.8682765489910509,-0.10335558597558576,0.08732741370310837,0.914353040391942
RAW,MOTOR_ST_RAW_FunctionalReaching,LANGUAGE_ST_SCALED_INFORMATION,ST,423,-0.07851509351826813,0.10684691829473449,-0.1725708677451822,0.01695954938127798,0.4191068455551076
RAW,MOTOR_ST_RAW_FunctionalReaching,LANGUAGE_ST_SCALED_SUM,ST,423,-0.08886698018207134,0.06786086976993042,-0.18266687595957964,0.0065360815167698995,0.3265804357677901
RAW,MOTOR_ST_RAW_FunctionalReaching,LANGUAGE_ST_NORM_SIMILARITY,ST,423,-0.1348401949756327,0.00547378385854719,-0.22726598423542357,-0.04000687153177,0.08429627142162674
RAW,MOTOR_ST_RAW_FunctionalReaching,LANGUAGE_ST_NORM_VOCABULARY,ST,423,0.016151670660119452,0.7404711803396846,-0.07931816101537435,0.1113279027605074,0.863883043729632
RAW,MOTOR_ST_RAW_FunctionalReaching,LANGUAGE_ST_NORM_INFORMATION,ST,423,-0.061694823412707815,0.2053960241436277,-0.1561241096317226,0.033851989279831705,0.43931927386275926
RAW,MOTOR_ST_RAW_FunctionalReaching,LANGUAGE_ST_NORM_VCI,ST,423,-0.07495642051506005,0.12374811766327133,-0.1690955875250243,0.020538043029817526,0.4191068455551076
RAW,MOTOR_ST_RAW_FunctionalReaching,LANGUAGE_ST_NORM_PR,ST,423,-0.039028728518765834,0.42334457641190865,-0.13387820749640597,0.056529313721760434,0.6391673016415091
RAW,MOTOR_ST_RAW_FunctionalReaching,MEMORY_ST_NORM_AudImm,ST,423,-0.03394998664204402,0.48618917938380257,-0.12888047356705964,0.06159708613519487,0.6932697557880148
RAW,MOTOR_ST_RAW_FunctionalReaching,MEMORY_ST_NORM_VisImm,ST,423,-0.03441545743707487,0.48022788164532465,-0.12933872073772681,0.061132825674890964,0.6932697557880148
RAW,MOTOR_ST_RAW_FunctionalReaching,MEMORY_ST_NORM_ImmMem,ST,423,-0.03626739695715498,0.45690806428034725,-0.13116151861035064,0.05928529208162132,0.6765754028766681
RAW,MOTOR_ST_RAW_FunctionalReaching,MEMORY_ST_NORM_WorMem,ST,423,-0.048011955305777614,0.3245718381434888,-0.14270634988279582,0.04755341585686263,0.5433816309594234
RAW,MOTOR_ST_RAW_FunctionalReaching,MEMORY_ST_SCALED_AudImm,ST,423,-0.06756040628584671,0.16544608382240658,-0.16186539323094606,0.027967432082400663,0.4246449484775102
RAW,MOTOR_ST_RAW_FunctionalReaching,MEMORY_ST_SCALED_VisImm,ST,423,-0.04528162110136656,0.35287549225615006,-0.14002474439465268,0.05028315607808088,0.5695106342409605
RAW,MOTOR_ST_RAW_FunctionalReaching,MEMORY_ST_SCALED_ImmMem,ST,423,-0.0652706953409887,0.18028540897258954,-0.15962496362689235,0.03026533802526422,0.43931927386275926
RAW,MOTOR_ST_RAW_FunctionalReaching,MEMORY_ST_SCALED_WorMem,ST,423,-0.09012474686859583,0.06404340508161149,-0.18389220680107132,0.00526820356022773,0.3265804357677901
RAW,MOTOR_ST_RAW_FunctionalReaching,MEMORY_ST_RAW_AudImm,ST,423,-0.07104805272976979,0.14463042406322218,-0.16527610802684398,0.024465361942157142,0.4215130134883094
RAW,MOTOR_ST_RAW_FunctionalReaching,MEMORY_ST_RAW_VisImm,ST,423,-0.059750359601203375,0.22006963197301344,-0.15421944224860637,0.03580128216362174,0.45798274761951446
RAW,MOTOR_ST_RAW_FunctionalReaching,MEMORY_ST_RAW_ImmMem,ST,423,-0.072789225885798,0.1350171432505602,-0.16697803074225728,0.022716110143811363,0.4215130134883094
RAW,MOTOR_ST_RAW_FunctionalReaching,MEMORY_ST_RAW_WorMem,ST,423,-0.07486087904102065,0.12422899522986572,-0.1690022526605686,0.02063408292393602,0.4191068455551076
RAW,MOTOR_ST_RAW_FunctionalReaching,MEMORY_ST_SCALED_LogMemI,ST,423,-0.06768725454891056,0.16465160524662606,-0.16198948292973941,0.02784010029994545,0.4246449484775102
RAW,MOTOR_ST_RAW_FunctionalReaching,MEMORY_ST_SCALED_FacI,ST,423,-0.16560812263003447,0.0006270888120660798,-0.2568992729113756,-0.07138767931119705,0.01609527950969605
RAW,MOTOR_ST_RAW_FunctionalReaching,MEMORY_ST_SCALED_VerPairI,ST,423,-0.05490907581021308,0.2598179694451912,-0.14947419049292562,0.04065143263214638,0.4763329439828506
RAW,MOTOR_ST_RAW_FunctionalReaching,MEMORY_ST_SCALED_FamPicI,ST,423,-0.014273360607901731,0.769746938626043,-0.1094720563816978,0.08118480615617585,0.871625209914784
RAW,MOTOR_ST_RAW_FunctionalReaching,MEMORY_ST_SCALED_LetNumSeq,ST,423,-0.12825410296934406,0.00826844530645502,-0.22090045052942964,-0.03331380880208527,0.10611171476617276
RAW,MOTOR_ST_RAW_FunctionalReaching,MEMORY_ST_SCALED_SpaForward,ST,423,0.006054592626514958,0.9011907749187658,-0.08934466505494365,0.1013437675235959,0.914353040391942
RAW,MOTOR_ST_RAW_FunctionalReaching,MEMORY_ST_SCALED_SpaBackward,ST,423,-0.018021299096384585,0.7116979539073544,-0.11317451234881663,0.07745947845604079,0.863883043729632
RAW,MOTOR_ST_RAW_FunctionalReaching,MEMORY_ST_SCALED_SpaTotal,ST,423,0.008885287870601876,0.8554208814169547,-0.08653570422797145,0.10414473710430733,0.914353040391942
RAW,MOTOR_ST_RAW_FunctionalReaching,MOTOR_ST_RAW_HEIGHT,ST,423,-0.18695521816598545,0.00010978620102749902,-0.27735877086782046,-0.0932701483877839,0.0042267687395587126
RAW,MOTOR_ST_RAW_FunctionalReaching,MOTOR_ST_RAW_WEIGHT,ST,423,-0.07114777684731914,0.14406608854390732,-0.16537359926393777,0.02436519091484689,0.4215130134883094
RAW,MOTOR_ST_RAW_FunctionalReaching,MOTOR_ST_RAW_PegboardSum,ST,423,-0.11479320959044925,0.0181877405580786,-0.20786574347494638,-0.01966072164395052,0.14004560229720525
RAW,MOTOR_ST_RAW_FunctionalReaching,MOTOR_ST_NORM_BMI,ST,422,0.02059011485516306,0.673196259835793,-0.0750180369517287,0.11582315936233346,0.8360663226992914
RAW,MOTOR_ST_RAW_FunctionalReaching,MOTOR_ST_NORM_WHR,ST,422,-0.06209541449243442,0.2030007096383452,-0.1566276773786753,0.033564243672382775,0.43931927386275926
RAW,MOTOR_ST_RAW_FunctionalReaching,MOTOR_ST_NORM_AerobicRating,ST,411,0.014970030407804157,0.7622083672122039,-0.08187958990415904,0.11153956685888218,0.871625209914784
RAW,MOTOR_ST_RAW_FunctionalReaching,MOTOR_ST_NORM_FunctionalReaching,ST,422,-0.8717373767053006,3.325088597750059e-132,-0.892894387911727,-0.8467395107563184,2.5603182202675454e-130
RAW,MOTOR_ST_RAW_FunctionalReaching,MOTOR_ST_NORM_BestLegEyeClose,ST,413,0.016527588896843765,0.7377117121695684,-0.08009645932152361,0.11284392589484242,0.863883043729632
RAW,MOTOR_ST_RAW_FunctionalReaching,MOTOR_ST_NORM_PegboardDominant,ST,422,-0.062158800728357985,0.20253909371828302,-0.15668974756975274,0.033500683381015216,0.43931927386275926
RAW,MOTOR_ST_RAW_FunctionalReaching,MOTOR_ST_NORM_PegboardNondominant,ST,422,-0.05586056681921533,0.25220337945353666,-0.1505186282608666,0.039812432880022085,0.4763329439828506
RAW,MOTOR_ST_RAW_FunctionalReaching,MOTOR_ST_NORM_PegboardSum,ST,422,-0.12176382031647705,0.012305799853320717,-0.214728588648927,-0.026612454077238848,0.1184433235882119
RAW,MOTOR_ST_RAW_FunctionalReaching,MOTOR_ST_NORM_PegboardBoth,ST,422,-0.09807717996207342,0.04404681755983252,-0.19174268628440228,-0.002641207969102724,0.2826337460089254
RAW,MOTOR_ST_RAW_FunctionalReaching,MOTOR_ST_NORM_PegboardAssemble,ST,422,-0.03150881410917138,0.5185937754682534,-0.12658875403271289,0.06414482446877035,0.7260312856555547
RAW,MOTOR_ST_RAW_FunctionalReaching,MOTOR_ST_NORM_WaisSpeed,ST,422,0.06873339340137766,0.15870378296859075,-0.026903832076506044,0.16312378348867493,0.4246449484775102
RAW,MOTOR_ST_RAW_FunctionalReaching,MOTOR_ST_SCALED_FineMotor,ST,423,-0.08126277519395947,0.09508876753903277,-0.1752525600951333,0.01419488967080829,0.4067686166947513
RAW,MOTOR_ST_RAW_FunctionalReaching,MOTOR_ST_SCALED_Balance,ST,413,-0.05278703144678565,0.2845049136997587,-0.14852677891649602,0.04393305900634229,0.5094622873228237
RAW,MOTOR_ST_RAW_FunctionalReaching,MOTOR_ST_SCALED_ProcessingSpeed,ST,423,-0.006670515740752601,0.8911985186433171,-0.10195335133223095,0.08873360022218915,0.914353040391942
RAW,MOTOR_ST_RAW_WorseLegEyeOpen,BASIC_Q_BFI_Agreeableness,Q,422,-0.02251460897833147,0.6446579356241524,-0.11772229346732035,0.07310320919559726,0.8373213997161653
RAW,MOTOR_ST_RAW_WorseLegEyeOpen,BASIC_Q_BFI_Conscientiousness,Q,422,-0.04890521142851461,0.3162170688593677,-0.1436950676529964,0.04677385385747375,0.6824127806733542
RAW,MOTOR_ST_RAW_WorseLegEyeOpen,BASIC_Q_BFI_EmotionalStability,Q,422,-0.012748879002483693,0.7939927122558085,-0.10807804653696143,0.08281260568527442,0.8869365960543182
RAW,MOTOR_ST_RAW_WorseLegEyeOpen,BASIC_Q_BFI_Extraversion,Q,422,0.060929770942012365,0.2116261321783205,-0.03473295008605019,0.15548610213986938,0.5619038681976096
RAW,MOTOR_ST_RAW_WorseLegEyeOpen,BASIC_Q_BFI_Intellect,Q,422,0.03408175414493548,0.4850175113680697,-0.061579292465532745,0.12912235901195102,0.7962604865895508
RAW,MOTOR_ST_RAW_WorseLegEyeOpen,BASIC_Q_Beck_Anxiety,Q,422,0.02204253815814862,0.6516121766220366,-0.07357297415493773,0.11725650781379192,0.8373213997161653
RAW,MOTOR_ST_RAW_WorseLegEyeOpen,BASIC_Q_Beck_Depression,Q,422,0.02676516091455125,0.5834897690980138,-0.06887150757961245,0.12191436749030791,0.8373213997161653
RAW,MOTOR_ST_RAW_WorseLegEyeOpen,BASIC_Q_CogFailure_Sum,Q,422,0.02564361740405158,0.5993667076689595,-0.06998841161103671,0.12080858345037172,0.8373213997161653
RAW,MOTOR_ST_RAW_WorseLegEyeOpen,BASIC_Q_EHI_Sum,Q,422,0.029584838787107822,0.5444611910348952,-0.06606243438742337,0.1246933814029292,0.8373213997161653
RAW,MOTOR_ST_RAW_WorseLegEyeOpen,BASIC_Q_IPAQ_MET,Q,422,-0.06868401497379399,0.15900392414255896,-0.16307549061576973,0.02695340874308631,0.539848792083436
RAW,MOTOR_ST_RAW_WorseLegEyeOpen,BASIC_Q_MOCA_SUM,Q,422,-0.1478407718277608,0.0023285112354341996,-0.23991554797501016,-0.05312989278873178,0.059765121709477786
RAW,MOTOR_ST_RAW_WorseLegEyeOpen,BASIC_Q_MSPSS_Sum,Q,422,-0.0035144544992360993,0.9426160355584774,-0.09894196058011775,0.0919771034552291,0.9764676482772208
RAW,MOTOR_ST_RAW_WorseLegEyeOpen,BASIC_Q_PSQI_DaytimeDysfunc,Q,422,-0.026372115841638316,0.5890315961692728,-0.12152687220772468,0.06926295403561658,0.8373213997161653
RAW,MOTOR_ST_RAW_WorseLegEyeOpen,BASIC_Q_PSQI_SleepDisturbance,Q,422,-0.02907061366302864,0.5514814645796802,-0.12418668340197721,0.06657483859302853,0.8373213997161653
RAW,MOTOR_ST_RAW_WorseLegEyeOpen,BASIC_Q_PSQI_SleepDuration,Q,422,0.0636474154149756,0.19191631982710627,-0.032007758529326684,0.15814724051031778,0.5410323676289033
RAW,MOTOR_ST_RAW_WorseLegEyeOpen,BASIC_Q_PSQI_SleepEfficiency,Q,422,0.007565975796738878,0.876847874556435,-0.08795825269138192,0.10295231848559083,0.9377400880672985
RAW,MOTOR_ST_RAW_WorseLegEyeOpen,BASIC_Q_PSQI_SleepLatency,Q,422,-0.0014401969427842746,0.9764676482772208,-0.09688757697029676,0.09403343132665402,0.9764676482772208
RAW,MOTOR_ST_RAW_WorseLegEyeOpen,BASIC_Q_PSQI_SleepMedication,Q,422,0.021985246543808536,0.6524582335450638,-0.0736299830375824,0.11719997613131089,0.8373213997161653
RAW,MOTOR_ST_RAW_WorseLegEyeOpen,BASIC_Q_PSQI_SleepQuality,Q,422,0.002157484259203132,0.9647537417367462,-0.0933224363048799,0.09759808379551725,0.9764676482772208
RAW,MOTOR_ST_RAW_WorseLegEyeOpen,BASIC_Q_PSQI_Sum,Q,422,0.017924828561337924,0.7134992437998072,-0.07766877211636902,0.11319184445294349,0.878302403116842
RAW,MOTOR_ST_RAW_WorseLegEyeOpen,BASIC_Q_SF36_EmotionalLimit,Q,422,0.044556934654271366,0.36121330844531724,-0.05112120648091458,0.13942460135506,0.6824127806733542
RAW,MOTOR_ST_RAW_WorseLegEyeOpen,BASIC_Q_SF36_EmotionalWell,Q,422,0.020777123406102486,0.6704016081789353,-0.07483199863215684,0.1160077341566094,0.8462446529471807
RAW,MOTOR_ST_RAW_WorseLegEyeOpen,BASIC_Q_SF36_Energy,Q,422,0.030679089657922355,0.5296711639402011,-0.0649718904447073,0.12577144977606344,0.8373213997161653
RAW,MOTOR_ST_RAW_WorseLegEyeOpen,BASIC_Q_SF36_GeneralHealth,Q,422,-0.06831613378501494,0.16125353529764969,-0.16271568283262863,0.02732275205136844,0.539848792083436
RAW,MOTOR_ST_RAW_WorseLegEyeOpen,BASIC_Q_SF36_Mental,Q,422,0.04139017672387491,0.39637953387277547,-0.05428501104280857,0.1363122887792492,0.7097959094931096
RAW,MOTOR_ST_RAW_WorseLegEyeOpen,BASIC_Q_SF36_Pain,Q,422,0.03793048133493134,0.43706397397788255,-0.05773928547532055,0.1329099320532985,0.7478650221399323
RAW,MOTOR_ST_RAW_WorseLegEyeOpen,BASIC_Q_SF36_Physical,Q,422,-0.06525963869709846,0.1808783609559998,-0.15972529346020126,0.03039038556994491,0.5410323676289033
RAW,MOTOR_ST_RAW_WorseLegEyeOpen,BASIC_Q_SF36_PhysicalFunct,Q,422,-0.10821847549717284,0.02621368769018963,-0.20159656010835916,-0.012890946511350873,0.2906298080333157
RAW,MOTOR_ST_RAW_WorseLegEyeOpen,BASIC_Q_SF36_PhysicalLimit,Q,422,-0.056618797071581274,0.2458124373023414,-0.15126194625850262,0.039052979552438444,0.6152428634246936
RAW,MOTOR_ST_RAW_WorseLegEyeOpen,BASIC_Q_SF36_SocialFunc,Q,422,0.02351358423865364,0.6300439929294817,-0.07210897358335297,0.11870783023222953,0.8373213997161653
RAW,MOTOR_ST_RAW_WorseLegEyeOpen,LANGUAGE_ST_RAW_SUM,ST,422,-0.08999932091935571,0.06473415716976835,-0.18388023296144632,0.0055087069209995305,0.356037864433726
RAW,MOTOR_ST_RAW_WorseLegEyeOpen,LANGUAGE_ST_SCALED_SIMILARITY,ST,422,-0.10939313849927959,0.02462045184578666,-0.20273671094582307,-0.01407946644009736,0.2906298080333157
RAW,MOTOR_ST_RAW_WorseLegEyeOpen,LANGUAGE_ST_SCALED_VOCABULARY,ST,422,-0.09733841513074035,0.04567282013430562,-0.1910241206313232,-0.0018953261429226866,0.31149263311302783
RAW,MOTOR_ST_RAW_WorseLegEyeOpen,LANGUAGE_ST_SCALED_INFORMATION,ST,422,-0.016848090671607956,0.7300175818114012,-0.11212845140497037,0.0787392484115141,0.878302403116842
RAW,MOTOR_ST_RAW_WorseLegEyeOpen,LANGUAGE_ST_SCALED_SUM,ST,422,-0.07825995544063324,0.10841451783117644,-0.17243245598886123,0.01733021460844458,0.43936409857897823
RAW,MOTOR_ST_RAW_WorseLegEyeOpen,LANGUAGE_ST_NORM_SIMILARITY,ST,422,-0.04245295345641068,0.384354421964644,-0.1373570023706375,0.05322343959740943,0.7046497736018473
RAW,MOTOR_ST_RAW_WorseLegEyeOpen,LANGUAGE_ST_NORM_VOCABULARY,ST,422,-0.04435806159434677,0.36336264944944835,-0.13922920261657148,0.051319950599502756,0.6824127806733542
RAW,MOTOR_ST_RAW_WorseLegEyeOpen,LANGUAGE_ST_NORM_INFORMATION,ST,422,0.03400287549244755,0.4860291281780375,-0.06165796279660307,0.12904470468762125,0.7962604865895508
RAW,MOTOR_ST_RAW_WorseLegEyeOpen,LANGUAGE_ST_NORM_VCI,ST,422,-0.017159928447212397,0.7252203988354463,-0.11243644678566653,0.07842924675239245,0.878302403116842
RAW,MOTOR_ST_RAW_WorseLegEyeOpen,LANGUAGE_ST_NORM_PR,ST,422,-0.011970951042147964,0.8063059964130165,-0.10730902342494796,0.08358526681598186,0.8869365960543182
RAW,MOTOR_ST_RAW_WorseLegEyeOpen,MEMORY_ST_NORM_AudImm,ST,422,0.045721595419062656,0.348786153528627,-0.0499571486729504,0.14056876714201952,0.6824127806733542
RAW,MOTOR_ST_RAW_WorseLegEyeOpen,MEMORY_ST_NORM_VisImm,ST,422,-0.02345268761699355,0.6309308040084893,-0.11864775817689958,0.0721695867199606,0.8373213997161653
RAW,MOTOR_ST_RAW_WorseLegEyeOpen,MEMORY_ST_NORM_ImmMem,ST,422,0.012031090243582489,0.8053523439432269,-0.08352553887441723,0.10736847828906834,0.8869365960543182
RAW,MOTOR_ST_RAW_WorseLegEyeOpen,MEMORY_ST_NORM_WorMem,ST,422,-0.027709224745247115,0.5702786177381698,-0.12284498266767621,0.06793116317318477,0.8373213997161653
RAW,MOTOR_ST_RAW_WorseLegEyeOpen,MEMORY_ST_SCALED_AudImm,ST,422,-0.013879455285254017,0.7761892039722481,-0.1091954778989805,0.08168947892456778,0.8869365960543182
RAW,MOTOR_ST_RAW_WorseLegEyeOpen,MEMORY_ST_SCALED_VisImm,ST,422,-0.09101695652098567,0.06175349380280562,-0.18487139391959748,0.004482691883163834,0.356037864433726
RAW,MOTOR_ST_RAW_WorseLegEyeOpen,MEMORY_ST_SCALED_ImmMem,ST,422,-0.047643307606813554,0.32888075660186583,-0.14245610852332896,0.048035862894029724,0.6824127806733542
RAW,MOTOR_ST_RAW_WorseLegEyeOpen,MEMORY_ST_SCALED_WorMem,ST,422,-0.08303820959675519,0.08843571704383082,-0.1770950973575673,0.012521749222991738,0.43936409857897823
RAW,MOTOR_ST_RAW_WorseLegEyeOpen,MEMORY_ST_RAW_AudImm,ST,422,-0.023923554314247582,0.6240876476286572,-0.11911223100055932,0.07170089361033823,0.8373213997161653
RAW,MOTOR_ST_RAW_WorseLegEyeOpen,MEMORY_ST_RAW_VisImm,ST,422,-0.0960860447108728,0.04854430645917317,-0.1898057628719997,-0.0006311333992179142,0.31149263311302783
RAW,MOTOR_ST_RAW_WorseLegEyeOpen,MEMORY_ST_RAW_ImmMem,ST,422,-0.06366196073206394,0.1918145780110967,-0.15816147970434058,0.03199316899144443,0.5410323676289033
RAW,MOTOR_ST_RAW_WorseLegEyeOpen,MEMORY_ST_RAW_WorMem,ST,422,-0.08080960439631615,0.0973516240723643,-0.1749209398726128,0.01476499521055516,0.43936409857897823
RAW,MOTOR_ST_RAW_WorseLegEyeOpen,MEMORY_ST_SCALED_LogMemI,ST,422,-0.038533352555703934,0.42980693330850994,-0.1335029727864556,0.05713752364657312,0.7478650221399323
RAW,MOTOR_ST_RAW_WorseLegEyeOpen,MEMORY_ST_SCALED_FacI,ST,422,-0.10020460307422123,0.039634078329725715,-0.1938113809664077,-0.004789719274921179,0.31149263311302783
RAW,MOTOR_ST_RAW_WorseLegEyeOpen,MEMORY_ST_SCALED_VerPairI,ST,422,0.0032185222835508075,0.9474407219397236,-0.0922705274795544,0.09864891350107002,0.9764676482772208
RAW,MOTOR_ST_RAW_WorseLegEyeOpen,MEMORY_ST_SCALED_FamPicI,ST,422,-0.07830041292109188,0.10823154370061755,-0.17247195229843232,0.017289519881694422,0.43936409857897823
RAW,MOTOR_ST_RAW_WorseLegEyeOpen,MEMORY_ST_SCALED_LetNumSeq,ST,422,-0.08183012841686488,0.09318378045456907,-0.1759166450936544,0.013737886270402625,0.43936409857897823
RAW,MOTOR_ST_RAW_WorseLegEyeOpen,MEMORY_ST_SCALED_SpaForward,ST,422,-0.0994058828880052,0.04124487136665894,-0.19303480738060652,-0.003982978439569024,0.31149263311302783
RAW,MOTOR_ST_RAW_WorseLegEyeOpen,MEMORY_ST_SCALED_SpaBackward,ST,422,-0.0145123263842309,0.7662734654658057,-0.10982088561473767,0.08106067191768722,0.8869365960543182
RAW,MOTOR_ST_RAW_WorseLegEyeOpen,MEMORY_ST_SCALED_SpaTotal,ST,422,-0.05453227663803955,0.26367551289629726,-0.14921620378532577,0.04114259929728993,0.6152428634246936
RAW,MOTOR_ST_RAW_WorseLegEyeOpen,MOTOR_ST_RAW_HEIGHT,ST,422,0.009673234237267717,0.8429441517607574,-0.08586675664907477,0.10503694203002543,0.9141788688109622
RAW,MOTOR_ST_RAW_WorseLegEyeOpen,MOTOR_ST_RAW_WEIGHT,ST,422,0.05476868329402375,0.2616079096656652,-0.04090588351786595,0.14944803094598025,0.6152428634246936
RAW,MOTOR_ST_RAW_WorseLegEyeOpen,MOTOR_ST_RAW_PegboardSum,ST,422,-0.10027502678796574,0.039494641314406415,-0.19387984637189248,-0.0048608561335768815,0.31149263311302783
RAW,MOTOR_ST_RAW_WorseLegEyeOpen,MOTOR_ST_NORM_BMI,ST,421,0.04753220317351334,0.3305882966376581,-0.0482611637625246,0.14245915655618618,0.6824127806733542
RAW,MOTOR_ST_RAW_WorseLegEyeOpen,MOTOR_ST_NORM_WHR,ST,421,-0.01353281529171403,0.7818897052962963,-0.10896600385530457,0.08214755706014704,0.8869365960543182
RAW,MOTOR_ST_RAW_WorseLegEyeOpen,MOTOR_ST_NORM_AerobicRating,ST,410,0.06388281241020854,0.19673904277414664,-0.03317149023372598,0.15974355142178862,0.5410323676289033
RAW,MOTOR_ST_RAW_WorseLegEyeOpen,MOTOR_ST_NORM_FunctionalReaching,ST,421,-0.04646994472285697,0.3415218467810054,-0.1414159942110828,0.04932323954943681,0.6824127806733542
RAW,MOTOR_ST_RAW_WorseLegEyeOpen,MOTOR_ST_NORM_BestLegEyeClose,ST,413,-0.24103100874966893,7.168258987814034e-07,-0.32985534092119256,-0.14797642730641591,5.5195594206168064e-05
RAW,MOTOR_ST_RAW_WorseLegEyeOpen,MOTOR_ST_NORM_PegboardDominant,ST,421,-0.052648313643127456,0.2811279719838595,-0.1474803433984302,0.04314289726927848,0.6366721718457996
RAW,MOTOR_ST_RAW_WorseLegEyeOpen,MOTOR_ST_NORM_PegboardNondominant,ST,421,-0.0668362174727742,0.1710561225553425,-0.16137947932200167,0.028922658833499953,0.5410323676289033
RAW,MOTOR_ST_RAW_WorseLegEyeOpen,MOTOR_ST_NORM_PegboardSum,ST,421,-0.055256263421938484,0.2579468148958657,-0.15003802603237676,0.04053191217377259,0.6152428634246936
RAW,MOTOR_ST_RAW_WorseLegEyeOpen,MOTOR_ST_NORM_PegboardBoth,ST,421,-0.07175691571086171,0.14160330155547596,-0.16619128232810684,0.02398167690414464,0.539848792083436
RAW,MOTOR_ST_RAW_WorseLegEyeOpen,MOTOR_ST_NORM_PegboardAssemble,ST,421,-0.06981306113657741,0.15273697274140288,-0.16429098254779667,0.02593410332785504,0.539848792083436
RAW,MOTOR_ST_RAW_WorseLegEyeOpen,MOTOR_ST_NORM_WaisSpeed,ST,421,-0.0028764660407575174,0.9530757309883526,-0.09842353163701544,0.09272314878304257,0.9764676482772208
RAW,MOTOR_ST_RAW_WorseLegEyeOpen,MOTOR_ST_SCALED_FineMotor,ST,422,-0.10807026038229543,0.026420891639392333,-0.20145268164331923,-0.012741002110270702,0.2906298080333157
RAW,MOTOR_ST_RAW_WorseLegEyeOpen,MOTOR_ST_SCALED_Balance,ST,413,-0.22073712031382592,5.946331025761109e-06,-0.3106171822165045,-0.1269447780201035,0.0002289337444918027
RAW,MOTOR_ST_RAW_WorseLegEyeOpen,MOTOR_ST_SCALED_ProcessingSpeed,ST,422,-0.11329512863989037,0.019913294753522676,-0.2065222429475848,-0.018029420667508362,0.2906298080333157
RAW,MOTOR_ST_RAW_BestLegEyeOpen,BASIC_Q_BFI_Agreeableness,Q,422,-0.030642365811464258,0.5301642076768908,-0.1257352726677455,0.06500849358962753,0.7559748887244553
RAW,MOTOR_ST_RAW_BestLegEyeOpen,BASIC_Q_BFI_Conscientiousness,Q,422,-0.01311015473300422,0.7882914768993043,-0.10843514799723894,0.08245373683961627,0.8926241723712711
RAW,MOTOR_ST_RAW_BestLegEyeOpen,BASIC_Q_BFI_EmotionalStability,Q,422,-0.04764024964953947,0.32891183687348846,-0.1424531058067623,0.048038920735290876,0.6256719907471291
RAW,MOTOR_ST_RAW_BestLegEyeOpen,BASIC_Q_BFI_Extraversion,Q,422,-0.03745404917991456,0.4428484069809017,-0.13244122054106167,0.05821479173625862,0.7135978730404825
RAW,MOTOR_ST_RAW_BestLegEyeOpen,BASIC_Q_BFI_Intellect,Q,422,0.01919673786360822,0.6941583381621875,-0.0764039753677054,0.11444770888677942,0.8620998715885232
RAW,MOTOR_ST_RAW_BestLegEyeOpen,BASIC_Q_Beck_Anxiety,Q,422,0.006754143167184707,0.8899733297136884,-0.08876378809564264,0.10214898242141597,0.9633982964999751
RAW,MOTOR_ST_RAW_BestLegEyeOpen,BASIC_Q_Beck_Depression,Q,422,0.020368726521577167,0.6765105011246805,-0.07523826808297313,0.11560464370678027,0.8620998715885232
RAW,MOTOR_ST_RAW_BestLegEyeOpen,BASIC_Q_CogFailure_Sum,Q,422,0.05745204248617198,0.23892069025740828,-0.03821826256536254,0.15207868065838107,0.5749029109318887
RAW,MOTOR_ST_RAW_BestLegEyeOpen,BASIC_Q_EHI_Sum,Q,422,0.095929223494229,0.04891429225992212,0.00047285328884281855,0.1896531803674165,0.27798100838584555
RAW,MOTOR_ST_RAW_BestLegEyeOpen,BASIC_Q_IPAQ_MET,Q,422,-0.02781635582328004,0.5687884556593835,-0.1229505770416828,0.06782444343382996,0.7820841265316523
RAW,MOTOR_ST_RAW_BestLegEyeOpen,BASIC_Q_MOCA_SUM,Q,422,-0.04352620809879294,0.3724391516831731,-0.1384118015529439,0.05215118261701807,0.666925922781496
RAW,MOTOR_ST_RAW_BestLegEyeOpen,BASIC_Q_MSPSS_Sum,Q,422,-0.00875005492108346,0.8577653628380881,-0.10412378209062302,0.08678313419372544,0.9572164193990258
RAW,MOTOR_ST_RAW_BestLegEyeOpen,BASIC_Q_PSQI_DaytimeDysfunc,Q,422,0.034324593329003034,0.48191025192344267,-0.06133708716597758,0.12936142160893285,0.7135978730404825
RAW,MOTOR_ST_RAW_BestLegEyeOpen,BASIC_Q_PSQI_SleepDisturbance,Q,422,0.03342108152006253,0.4935256241678332,-0.062238183516781474,0.1284719051190701,0.7170089256777954
RAW,MOTOR_ST_RAW_BestLegEyeOpen,BASIC_Q_PSQI_SleepDuration,Q,422,-0.03702642131570991,0.4480772381563019,-0.1320204862606935,0.058641551588058415,0.7135978730404825
RAW,MOTOR_ST_RAW_BestLegEyeOpen,BASIC_Q_PSQI_SleepEfficiency,Q,422,0.14946594450736872,0.002079557409880373,0.054786951160288866,0.2414811617560354,0.1601259205607887
RAW,MOTOR_ST_RAW_BestLegEyeOpen,BASIC_Q_PSQI_SleepLatency,Q,422,0.10961658991518022,0.02432703155922415,0.014305584297226268,0.20295356860456218,0.27798100838584555
RAW,MOTOR_ST_RAW_BestLegEyeOpen,BASIC_Q_PSQI_SleepMedication,Q,422,0.016507193604868964,0.7352738649097257,-0.0790781171094729,0.11179173384845179,0.8846263687195137
RAW,MOTOR_ST_RAW_BestLegEyeOpen,BASIC_Q_PSQI_SleepQuality,Q,422,0.08141965239758968,0.09484269021060546,-0.014151035128531322,0.1755161748556327,0.3319494157371191
RAW,MOTOR_ST_RAW_BestLegEyeOpen,BASIC_Q_PSQI_Sum,Q,422,0.09014263355925729,0.06430737078163318,-0.0053642263777234685,0.18401982875364248,0.2912745617756326
RAW,MOTOR_ST_RAW_BestLegEyeOpen,BASIC_Q_SF36_EmotionalLimit,Q,422,0.04541881534697949,0.35199054494535303,-0.05025979699966277,0.14027133957329113,0.6453159990664806
RAW,MOTOR_ST_RAW_BestLegEyeOpen,BASIC_Q_SF36_EmotionalWell,Q,422,-0.047224992169899685,0.3331500210471727,-0.14204533356849883,0.04845414580406331,0.6256719907471291
RAW,MOTOR_ST_RAW_BestLegEyeOpen,BASIC_Q_SF36_Energy,Q,422,0.005485058373125844,0.9105504966943241,-0.09002277857574277,0.10089293042227304,0.9633982964999751
RAW,MOTOR_ST_RAW_BestLegEyeOpen,BASIC_Q_SF36_GeneralHealth,Q,422,-0.029581194816657993,0.5445107829184324,-0.12468979094669623,0.06606606563171954,0.7623150960858053
RAW,MOTOR_ST_RAW_BestLegEyeOpen,BASIC_Q_SF36_Mental,Q,422,-0.004543088315762102,0.925863297935041,-0.09996043717998236,0.09095705886855683,0.9633982964999751
RAW,MOTOR_ST_RAW_BestLegEyeOpen,BASIC_Q_SF36_Pain,Q,422,0.035050322665810686,0.47268878894251104,-0.060613185053984726,0.13007579870898822,0.7135978730404825
RAW,MOTOR_ST_RAW_BestLegEyeOpen,BASIC_Q_SF36_Physical,Q,422,-0.041884152923481056,0.39076238836731236,-0.13679789553317456,0.05379162195701212,0.6686378645396234
RAW,MOTOR_ST_RAW_BestLegEyeOpen,BASIC_Q_SF36_PhysicalFunct,Q,422,-0.00488323917725042,0.9203302990628378,-0.10029718524455755,0.09061970421693827,0.9633982964999751
RAW,MOTOR_ST_RAW_BestLegEyeOpen,BASIC_Q_SF36_PhysicalLimit,Q,422,-0.08591643996962856,0.07790447144089775,-0.1799016511023019,0.009623186319794964,0.3096219396995662
RAW,MOTOR_ST_RAW_BestLegEyeOpen,BASIC_Q_SF36_SocialFunc,Q,422,-0.06507085846883334,0.18214600386492405,-0.15954053929551323,0.030579794684690808,0.5009015106285412
RAW,MOTOR_ST_RAW_BestLegEyeOpen,LANGUAGE_ST_RAW_SUM,ST,422,-0.05268170358735562,0.28024856662758,-0.14740111894181449,0.04299522111482892,0.6133956941644125
RAW,MOTOR_ST_RAW_BestLegEyeOpen,LANGUAGE_ST_SCALED_SIMILARITY,ST,422,-0.014533070870860762,0.7659490786491424,-0.10984138418648076,0.08104005935757606,0.8926241723712711
RAW,MOTOR_ST_RAW_BestLegEyeOpen,LANGUAGE_ST_SCALED_VOCABULARY,ST,422,-0.07842691211649853,0.1076610057228539,-0.17259544422843137,0.01716227684042931,0.36043032350694565
RAW,MOTOR_ST_RAW_BestLegEyeOpen,LANGUAGE_ST_SCALED_INFORMATION,ST,422,-0.019744794337076717,0.6858844028644843,-0.11498875790436736,0.07585888877883501,0.8620998715885232
RAW,MOTOR_ST_RAW_BestLegEyeOpen,LANGUAGE_ST_SCALED_SUM,ST,422,-0.04255067609603707,0.3832599863516201,-0.13745305350014583,0.05312581692655389,0.6686378645396234
RAW,MOTOR_ST_RAW_BestLegEyeOpen,LANGUAGE_ST_NORM_SIMILARITY,ST,422,0.055744350358754746,0.25319304972806045,-0.03992882703643366,0.15040468799097953,0.5874752213506333
RAW,MOTOR_ST_RAW_BestLegEyeOpen,LANGUAGE_ST_NORM_VOCABULARY,ST,422,-0.036279839473104016,0.4572893231949649,-0.13128585765433443,0.059386534190111646,0.7135978730404825
RAW,MOTOR_ST_RAW_BestLegEyeOpen,LANGUAGE_ST_NORM_INFORMATION,ST,422,0.03648309082840974,0.4547709562861608,-0.05918372877231597,0.13148586516714633,0.7135978730404825
RAW,MOTOR_ST_RAW_BestLegEyeOpen,LANGUAGE_ST_NORM_VCI,ST,422,0.017732164033054422,0.7164453757090161,-0.07786033242796667,0.11300158379563538,0.8756554591999086
RAW,MOTOR_ST_RAW_BestLegEyeOpen,LANGUAGE_ST_NORM_PR,ST,422,0.02063414190768341,0.6725379139611108,-0.07497423891784874,0.11586661403228961,0.8620998715885232
RAW,MOTOR_ST_RAW_BestLegEyeOpen,MEMORY_ST_NORM_AudImm,ST,422,0.001666638788736194,0.9727689963268455,-0.09380898642645229,0.09711188877791624,0.9773929573494661
RAW,MOTOR_ST_RAW_BestLegEyeOpen,MEMORY_ST_NORM_VisImm,ST,422,-0.0022690727959679335,0.9629320241459414,-0.09770860874576612,0.09321181790780775,0.9773929573494661
RAW,MOTOR_ST_RAW_BestLegEyeOpen,MEMORY_ST_NORM_ImmMem,ST,422,-0.0013835519427433905,0.9773929573494661,-0.09683146328857158,0.094089575268212,0.9773929573494661
RAW,MOTOR_ST_RAW_BestLegEyeOpen,MEMORY_ST_NORM_WorMem,ST,422,0.020975849234702252,0.6674368270492136,-0.0746342965318862,0.11620386653026685,0.8620998715885232
RAW,MOTOR_ST_RAW_BestLegEyeOpen,MEMORY_ST_SCALED_AudImm,ST,422,-0.08232769775344992,0.09120408724332778,-0.1764020439073571,0.013237033226332302,0.3319494157371191
RAW,MOTOR_ST_RAW_BestLegEyeOpen,MEMORY_ST_SCALED_VisImm,ST,422,-0.09973255835288183,0.04057950206379626,-0.19335243909358796,-0.0043129193276878934,0.27798100838584555
RAW,MOTOR_ST_RAW_BestLegEyeOpen,MEMORY_ST_SCALED_ImmMem,ST,422,-0.09819989438192635,0.043781499234700434,-0.19186203574351285,-0.002765114860922258,0.27798100838584555
RAW,MOTOR_ST_RAW_BestLegEyeOpen,MEMORY_ST_SCALED_WorMem,ST,422,-0.059306912914520386,0.2240698229107059,-0.15389633233836264,0.036359636767160176,0.5565605278749791
RAW,MOTOR_ST_RAW_BestLegEyeOpen,MEMORY_ST_RAW_AudImm,ST,422,-0.07480351865486219,0.12496720125985515,-0.16905701728050745,0.02080575132236364,0.4009364373753686
RAW,MOTOR_ST_RAW_BestLegEyeOpen,MEMORY_ST_RAW_VisImm,ST,422,-0.10077260701508015,0.03852122125653749,-0.19436356415124748,-0.00536350261877342,0.27798100838584555
RAW,MOTOR_ST_RAW_BestLegEyeOpen,MEMORY_ST_RAW_ImmMem,ST,422,-0.09615230825093511,0.04838867724013595,-0.18987023401796574,-0.0006980148205165995,0.27798100838584555
RAW,MOTOR_ST_RAW_BestLegEyeOpen,MEMORY_ST_RAW_WorMem,ST,422,-0.060745833074294195,0.2130109795815167,-0.1553059391636105,0.03491734737386166,0.5467281809258929
RAW,MOTOR_ST_RAW_BestLegEyeOpen,MEMORY_ST_SCALED_LogMemI,ST,422,-0.051461558912132103,0.29155362067107243,-0.14620402373722818,0.04421635678237836,0.6133956941644125
RAW,MOTOR_ST_RAW_BestLegEyeOpen,MEMORY_ST_SCALED_FacI,ST,422,-0.06604779855626244,0.17565640464293358,-0.16049657296760708,0.029599525885611416,0.5009015106285412
RAW,MOTOR_ST_RAW_BestLegEyeOpen,MEMORY_ST_SCALED_VerPairI,ST,422,-0.08520124013040298,0.08042128303884837,-0.17920440473711846,0.010343588447718976,0.3096219396995662
RAW,MOTOR_ST_RAW_BestLegEyeOpen,MEMORY_ST_SCALED_FamPicI,ST,422,-0.09512670294849611,0.05084477601372685,-0.18887228024108935,0.0003370581757769767,0.27798100838584555
RAW,MOTOR_ST_RAW_BestLegEyeOpen,MEMORY_ST_SCALED_LetNumSeq,ST,422,-0.04914262436872564,0.3138706672987606,-0.14392813060245174,0.04653638697934926,0.6196933687693479
RAW,MOTOR_ST_RAW_BestLegEyeOpen,MEMORY_ST_SCALED_SpaForward,ST,422,-0.04999898323099422,0.30550216441382594,-0.1447687114986692,0.0456797436971079,0.619043859470121
RAW,MOTOR_ST_RAW_BestLegEyeOpen,MEMORY_ST_SCALED_SpaBackward,ST,422,-0.051122502778886185,0.2947485803127696,-0.14587132336278386,0.04455563753985577,0.6133956941644125
RAW,MOTOR_ST_RAW_BestLegEyeOpen,MEMORY_ST_SCALED_SpaTotal,ST,422,-0.05502202205900092,0.25940464319378614,-0.14969645066546988,0.040652201567100345,0.5874752213506333
RAW,MOTOR_ST_RAW_BestLegEyeOpen,MOTOR_ST_RAW_HEIGHT,ST,422,-0.01457849235478427,0.7652389541854029,-0.109886266939704,0.08099492645039615,0.8926241723712711
RAW,MOTOR_ST_RAW_BestLegEyeOpen,MOTOR_ST_RAW_WEIGHT,ST,422,0.013230621680418178,0.7863929000665553,-0.08233406695497165,0.10855421757032589,0.8926241723712711
RAW,MOTOR_ST_RAW_BestLegEyeOpen,MOTOR_ST_RAW_PegboardSum,ST,422,-0.10322358149381392,0.03401779428819252,-0.19674559104304665,-0.007840136246552115,0.27798100838584555
RAW,MOTOR_ST_RAW_BestLegEyeOpen,MOTOR_ST_NORM_BMI,ST,421,0.06738168950494614,0.1675820609125008,-0.028375168820551983,0.161913101656934,0.4963007188562524
RAW,MOTOR_ST_RAW_BestLegEyeOpen,MOTOR_ST_NORM_WHR,ST,421,-0.09690380275009743,0.046914995365660045,-0.19071165131945172,-0.0013421089140260149,0.27798100838584555
RAW,MOTOR_ST_RAW_BestLegEyeOpen,MOTOR_ST_NORM_AerobicRating,ST,410,0.06385320939763676,0.19694700370095966,-0.033201181758904005,0.159714585526543,0.5229282512059964
RAW,MOTOR_ST_RAW_BestLegEyeOpen,MOTOR_ST_NORM_FunctionalReaching,ST,421,0.0070316677629570275,0.8856184660750517,-0.08860200058396789,0.10253688208675531,0.9633982964999751
RAW,MOTOR_ST_RAW_BestLegEyeOpen,MOTOR_ST_NORM_BestLegEyeClose,ST,413,-0.10782804568424632,0.028446357556704643,-0.20222024863253582,-0.011450885968067143,0.27798100838584555
RAW,MOTOR_ST_RAW_BestLegEyeOpen,MOTOR_ST_NORM_PegboardDominant,ST,421,-0.0931213632708213,0.05624145545267351,-0.18703091328057836,0.002474786079681024,0.27798100838584555
RAW,MOTOR_ST_RAW_BestLegEyeOpen,MOTOR_ST_NORM_PegboardNondominant,ST,421,-0.09900118845353091,0.04232756457651448,-0.19275150675223132,-0.0034598011529509286,0.27798100838584555
RAW,MOTOR_ST_RAW_BestLegEyeOpen,MOTOR_ST_NORM_PegboardSum,ST,421,0.023754261719790944,0.6269557049237453,-0.0719832851831234,0.11905808877650614,0.8469401627917261
RAW,MOTOR_ST_RAW_BestLegEyeOpen,MOTOR_ST_NORM_PegboardBoth,ST,421,-0.0692002415325863,0.15638114206884796,-0.16369174860179905,0.026549473887828776,0.4816539175720517
RAW,MOTOR_ST_RAW_BestLegEyeOpen,MOTOR_ST_NORM_PegboardAssemble,ST,421,-0.09255497165105818,0.05776228745679908,-0.18647952360584547,0.003046097474169568,0.27798100838584555
RAW,MOTOR_ST_RAW_BestLegEyeOpen,MOTOR_ST_NORM_WaisSpeed,ST,421,0.03529614170147337,0.4701173463316519,-0.060482011958014247,0.13043027227833412,0.7135978730404825
RAW,MOTOR_ST_RAW_BestLegEyeOpen,MOTOR_ST_SCALED_FineMotor,ST,422,-0.123709658556964,0.010972846590241449,-0.21661229535587095,-0.028586548501553385,0.27798100838584555
RAW,MOTOR_ST_RAW_BestLegEyeOpen,MOTOR_ST_SCALED_Balance,ST,413,-0.08961966999995757,0.06884593619307827,-0.18452025121129595,0.006936623973802362,0.29450761593705704
RAW,MOTOR_ST_RAW_BestLegEyeOpen,MOTOR_ST_SCALED_ProcessingSpeed,ST,422,-0.10170739018012882,0.036747386007588596,-0.1952721814541146,-0.00630793393536451,0.27798100838584555
RAW,MOTOR_ST_RAW_WorseLegEyeClose,BASIC_Q_BFI_Agreeableness,Q,413,0.009275536581999371,0.8509284673276146,-0.08729890702055167,0.10567725590139782,0.9235841373088652
RAW,MOTOR_ST_RAW_WorseLegEyeClose,BASIC_Q_BFI_Conscientiousness,Q,413,0.09585105541768646,0.05159428401231356,-0.0006512746771478618,0.19058459280491527,0.5452509796404797
RAW,MOTOR_ST_RAW_WorseLegEyeClose,BASIC_Q_BFI_EmotionalStability,Q,413,-0.023941536480103505,0.6275739194367094,-0.12016024017929479,0.0727227790404495,0.8833970700110295
RAW,MOTOR_ST_RAW_WorseLegEyeClose,BASIC_Q_BFI_Extraversion,Q,413,0.026117854378738106,0.5966257215293322,-0.07055627321451685,0.12230591593367977,0.8833970700110295
RAW,MOTOR_ST_RAW_WorseLegEyeClose,BASIC_Q_BFI_Intellect,Q,413,-0.08899510846084518,0.07080921202184547,-0.18391203350754462,0.007566173842211135,0.5452509796404797
RAW,MOTOR_ST_RAW_WorseLegEyeClose,BASIC_Q_Beck_Anxiety,Q,413,-0.03962549433519796,0.4218822722102495,-0.13560329242717378,0.057089104340733055,0.7198672146423235
RAW,MOTOR_ST_RAW_WorseLegEyeClose,BASIC_Q_Beck_Depression,Q,413,-0.1162228235475456,0.01813841124721515,-0.21035992784087373,-0.019950260905837538,0.4655525553451889
RAW,MOTOR_ST_RAW_WorseLegEyeClose,BASIC_Q_CogFailure_Sum,Q,413,0.02419178081422609,0.623980525582964,-0.07247370935820387,0.1204070068690471,0.8833970700110295
RAW,MOTOR_ST_RAW_WorseLegEyeClose,BASIC_Q_EHI_Sum,Q,413,0.07853317272557711,0.11102396790567981,-0.018100300545379394,0.17371305350068825,0.5452509796404797
RAW,MOTOR_ST_RAW_WorseLegEyeClose,BASIC_Q_IPAQ_MET,Q,413,-0.06250728689726483,0.20490938704471062,-0.15805027778971464,0.034195275787972435,0.5725274528989411
RAW,MOTOR_ST_RAW_WorseLegEyeClose,BASIC_Q_MOCA_SUM,Q,413,0.001155078005100729,0.9813289552223634,-0.09535185626303405,0.09764050119821441,0.9813289552223634
RAW,MOTOR_ST_RAW_WorseLegEyeClose,BASIC_Q_MSPSS_Sum,Q,413,0.0617221854729676,0.21066643306604552,-0.03498247512920256,0.1572817276140004,0.5725274528989411
RAW,MOTOR_ST_RAW_WorseLegEyeClose,BASIC_Q_PSQI_DaytimeDysfunc,Q,413,-0.04517002691041679,0.3598512153939492,-0.14105152615301525,0.05155097671021755,0.7139561711766629
RAW,MOTOR_ST_RAW_WorseLegEyeClose,BASIC_Q_PSQI_SleepDisturbance,Q,413,0.06369310814461873,0.19643135826778962,-0.033006058307475925,0.15921088052131246,0.5725274528989411
RAW,MOTOR_ST_RAW_WorseLegEyeClose,BASIC_Q_PSQI_SleepDuration,Q,413,0.04329505503392549,0.3801584807564049,-0.05342444859377405,0.13920976894437295,0.7139561711766629
RAW,MOTOR_ST_RAW_WorseLegEyeClose,BASIC_Q_PSQI_SleepEfficiency,Q,413,0.01826535332304409,0.7113067316971926,-0.078369081527292,0.11455974357012458,0.8833970700110295
RAW,MOTOR_ST_RAW_WorseLegEyeClose,BASIC_Q_PSQI_SleepLatency,Q,413,0.060012110782984726,0.2236076742577276,-0.03669670416440841,0.1556073034103012,0.5739263639281675
RAW,MOTOR_ST_RAW_WorseLegEyeClose,BASIC_Q_PSQI_SleepMedication,Q,413,0.007965901408893944,0.8717798214326364,-0.08859850877601391,0.10438197134635138,0.9235841373088652
RAW,MOTOR_ST_RAW_WorseLegEyeClose,BASIC_Q_PSQI_SleepQuality,Q,413,0.019391543559449834,0.6943746744881234,-0.07724931258414926,0.11567140407998795,0.8833970700110295
RAW,MOTOR_ST_RAW_WorseLegEyeClose,BASIC_Q_PSQI_Sum,Q,413,0.04419662144541083,0.37030774542530975,-0.05252368842167142,0.14009544715830333,0.7139561711766629
RAW,MOTOR_ST_RAW_WorseLegEyeClose,BASIC_Q_SF36_EmotionalLimit,Q,413,0.04374697916745216,0.3752007466694061,-0.052972948274202035,0.1396537480546096,0.7139561711766629
RAW,MOTOR_ST_RAW_WorseLegEyeClose,BASIC_Q_SF36_EmotionalWell,Q,413,0.06435086239329073,0.19184058738519902,-0.03234630214615728,0.15985453268352465,0.5725274528989411
RAW,MOTOR_ST_RAW_WorseLegEyeClose,BASIC_Q_SF36_Energy,Q,413,0.07212386578973547,0.14341434488940405,-0.024543253843899254,0.16745473955320767,0.5452509796404797
RAW,MOTOR_ST_RAW_WorseLegEyeClose,BASIC_Q_SF36_GeneralHealth,Q,413,-0.0384794896876568,0.4354412615144937,-0.13447646754466694,0.058233043370122195,0.7198672146423235
RAW,MOTOR_ST_RAW_WorseLegEyeClose,BASIC_Q_SF36_Mental,Q,413,0.07662137577521913,0.12001821588595143,-0.020022973959441134,0.17184709963323475,0.5452509796404797
RAW,MOTOR_ST_RAW_WorseLegEyeClose,BASIC_Q_SF36_Pain,Q,413,-0.04142063830036821,0.40114620253735905,-0.13736789354199494,0.05529668543375186,0.7183315719855035
RAW,MOTOR_ST_RAW_WorseLegEyeClose,BASIC_Q_SF36_Physical,Q,413,-0.05225359627484284,0.2894067556573397,-0.1480036269678595,0.04446692464450899,0.675282429867126
RAW,MOTOR_ST_RAW_WorseLegEyeClose,BASIC_Q_SF36_PhysicalFunct,Q,413,-0.05828657670771625,0.23723024510390428,-0.1539171851116,0.03842585345247867,0.5848324828661716
RAW,MOTOR_ST_RAW_WorseLegEyeClose,BASIC_Q_SF36_PhysicalLimit,Q,413,-0.018630538841086976,0.7058001911303581,-0.11492024401139575,0.07800600493032896,0.8833970700110295
RAW,MOTOR_ST_RAW_WorseLegEyeClose,BASIC_Q_SF36_SocialFunc,Q,413,0.07063730480105931,0.15186947965843997,-0.026036472294460336,0.16600210108346322,0.5452509796404797
RAW,MOTOR_ST_RAW_WorseLegEyeClose,LANGUAGE_ST_RAW_SUM,ST,413,-0.04411544087631844,0.3711882179751894,-0.14001570351129516,0.052604802842111845,0.7139561711766629
RAW,MOTOR_ST_RAW_WorseLegEyeClose,LANGUAGE_ST_SCALED_SIMILARITY,ST,413,-0.048681267375612715,0.32368823200271146,-0.14449878159748916,0.048040713154009325,0.7139561711766629
RAW,MOTOR_ST_RAW_WorseLegEyeClose,LANGUAGE_ST_SCALED_VOCABULARY,ST,413,-0.031409025621009376,0.5244315063115312,-0.12751884078807416,0.06528515047856263,0.8241066527752633
RAW,MOTOR_ST_RAW_WorseLegEyeClose,LANGUAGE_ST_SCALED_INFORMATION,ST,413,-0.04025657208557022,0.4145221842195821,-0.13622370233748268,0.05645905563298431,0.7198672146423235
RAW,MOTOR_ST_RAW_WorseLegEyeClose,LANGUAGE_ST_SCALED_SUM,ST,413,-0.0459968693357918,0.35111574746339275,-0.14186351045139484,0.05072457940742924,0.7139561711766629
RAW,MOTOR_ST_RAW_WorseLegEyeClose,LANGUAGE_ST_NORM_SIMILARITY,ST,413,0.006976008403218311,0.887600339751377,-0.08958059986537802,0.10340270821274258,0.9235841373088652
RAW,MOTOR_ST_RAW_WorseLegEyeClose,LANGUAGE_ST_NORM_VOCABULARY,ST,413,0.018295670221130395,0.7108490144732497,-0.07833894068290574,0.11458967248882232,0.8833970700110295
RAW,MOTOR_ST_RAW_WorseLegEyeClose,LANGUAGE_ST_NORM_INFORMATION,ST,413,0.020737472608047664,0.6743370731584979,-0.0759107378507032,0.1169996521094244,0.8833970700110295
RAW,MOTOR_ST_RAW_WorseLegEyeClose,LANGUAGE_ST_NORM_VCI,ST,413,0.014088557390245966,0.7752919657063924,-0.08251993422216924,0.11043472834507222,0.9235524770288729
RAW,MOTOR_ST_RAW_WorseLegEyeClose,LANGUAGE_ST_NORM_PR,ST,413,0.03590769694869188,0.46676440708166034,-0.06079927639717765,0.13194681278179096,0.7487679030268302
RAW,MOTOR_ST_RAW_WorseLegEyeClose,MEMORY_ST_NORM_AudImm,ST,413,0.0859963215606562,0.08088224763136324,-0.010587846130504128,0.18099070769242703,0.5452509796404797
RAW,MOTOR_ST_RAW_WorseLegEyeClose,MEMORY_ST_NORM_VisImm,ST,413,0.09038514648614754,0.06650071633886338,-0.006164929273745233,0.18526559720543084,0.5452509796404797
RAW,MOTOR_ST_RAW_WorseLegEyeClose,MEMORY_ST_NORM_ImmMem,ST,413,0.10192636094835106,0.03840503807085728,0.005483992574756325,0.19649008558139963,0.5452509796404797
RAW,MOTOR_ST_RAW_WorseLegEyeClose,MEMORY_ST_NORM_WorMem,ST,413,0.018721928286728293,0.7044245372211723,-0.07791513924199746,0.11501045702627656,0.8833970700110295
RAW,MOTOR_ST_RAW_WorseLegEyeClose,MEMORY_ST_SCALED_AudImm,ST,413,-0.00933146080917388,0.8500402705294264,-0.10573256004453269,0.08724340392245314,0.9235841373088652
RAW,MOTOR_ST_RAW_WorseLegEyeClose,MEMORY_ST_SCALED_VisImm,ST,413,-0.002588043833360625,0.9581813337665214,-0.09905961129354189,0.09393172063947444,0.9795767385372499
RAW,MOTOR_ST_RAW_WorseLegEyeClose,MEMORY_ST_SCALED_ImmMem,ST,413,-0.0075020224571618055,0.8791875910743034,-0.10392309699077017,0.08905875500794018,0.9235841373088652
RAW,MOTOR_ST_RAW_WorseLegEyeClose,MEMORY_ST_SCALED_WorMem,ST,413,-0.07877577199494931,0.10992157848541123,-0.17394978661546215,0.01785626998721816,0.5452509796404797
RAW,MOTOR_ST_RAW_WorseLegEyeClose,MEMORY_ST_RAW_AudImm,ST,413,-0.016016948164103317,0.7455314259959637,-0.11233962497585905,0.08060393765217151,0.9112050762172889
RAW,MOTOR_ST_RAW_WorseLegEyeClose,MEMORY_ST_RAW_VisImm,ST,413,-0.008367850885881822,0.8653700394513523,-0.10477955116494601,0.08819967369142587,0.9235841373088652
RAW,MOTOR_ST_RAW_WorseLegEyeClose,MEMORY_ST_RAW_ImmMem,ST,413,-0.013809816837658192,0.7796222208685291,-0.11015932520448245,0.08279682418283581,0.9235524770288729
RAW,MOTOR_ST_RAW_WorseLegEyeClose,MEMORY_ST_RAW_WorMem,ST,413,-0.0784763770153564,0.1112833039484728,-0.1736576295460042,0.01815742967617832,0.5452509796404797
RAW,MOTOR_ST_RAW_WorseLegEyeClose,MEMORY_ST_SCALED_LogMemI,ST,413,-0.025764646812877615,0.6016012508366098,-0.12195774257418272,0.0709079503322865,0.8833970700110295
RAW,MOTOR_ST_RAW_WorseLegEyeClose,MEMORY_ST_SCALED_FacI,ST,413,-0.05757102964567345,0.24304726560672069,-0.15321616013757475,0.039142729828778276,0.5848324828661716
RAW,MOTOR_ST_RAW_WorseLegEyeClose,MEMORY_ST_SCALED_VerPairI,ST,413,0.002050908180163192,0.9668549627120909,-0.09446409301987944,0.09852771532404327,0.9795767385372499
RAW,MOTOR_ST_RAW_WorseLegEyeClose,MEMORY_ST_SCALED_FamPicI,ST,413,0.009371584763684606,0.8494031327194089,-0.08720358174600053,0.10577223873993093,0.9235841373088652
RAW,MOTOR_ST_RAW_WorseLegEyeClose,MEMORY_ST_SCALED_LetNumSeq,ST,413,-0.07214232015513425,0.14331169037424166,-0.16747277019912016,0.024524714120911735,0.5452509796404797
RAW,MOTOR_ST_RAW_WorseLegEyeClose,MEMORY_ST_SCALED_SpaForward,ST,413,-0.06765756250316293,0.16994835729053914,-0.16308910812583588,0.02902826072175202,0.5452509796404797
RAW,MOTOR_ST_RAW_WorseLegEyeClose,MEMORY_ST_SCALED_SpaBackward,ST,413,-0.02768834423759259,0.5747322395282747,-0.1238537352634609,0.06899229724294681,0.8833970700110295
RAW,MOTOR_ST_RAW_WorseLegEyeClose,MEMORY_ST_SCALED_SpaTotal,ST,413,-0.06105798571899164,0.21562722252038044,-0.1566314399006646,0.0356483560414265,0.5725274528989411
RAW,MOTOR_ST_RAW_WorseLegEyeClose,MOTOR_ST_RAW_HEIGHT,ST,413,-0.023424008462811615,0.6350332896691657,-0.11964986652241011,0.07323783952226925,0.8833970700110295
RAW,MOTOR_ST_RAW_WorseLegEyeClose,MOTOR_ST_RAW_WEIGHT,ST,413,0.06837419383257742,0.1654600916725311,-0.028308890460420146,0.16378983815555517,0.5452509796404797
RAW,MOTOR_ST_RAW_WorseLegEyeClose,MOTOR_ST_RAW_PegboardSum,ST,413,-0.04565680346307615,0.35469215542156746,-0.14152957108501843,0.05106447824465702,0.7139561711766629
RAW,MOTOR_ST_RAW_WorseLegEyeClose,MOTOR_ST_NORM_BMI,ST,413,-0.0841067221343443,0.08780422652994702,-0.17914905681329407,0.012490960630154178,0.5452509796404797
RAW,MOTOR_ST_RAW_WorseLegEyeClose,MOTOR_ST_NORM_WHR,ST,413,-0.06770166376193659,0.16966955161425196,-0.16313223360415705,0.028983993801855228,0.5452509796404797
RAW,MOTOR_ST_RAW_WorseLegEyeClose,MOTOR_ST_NORM_AerobicRating,ST,404,-0.08258697162085014,0.09738469952566393,-0.1787133159145862,0.015101072923130114,0.5452509796404797
RAW,MOTOR_ST_RAW_WorseLegEyeClose,MOTOR_ST_NORM_FunctionalReaching,ST,413,-0.03814883595796204,0.4393994686777819,-0.13415130154542743,0.058563053908019455,0.7198672146423235
RAW,MOTOR_ST_RAW_WorseLegEyeClose,MOTOR_ST_NORM_BestLegEyeClose,ST,413,-0.12130277751988795,0.01363235631092571,-0.21527918284305889,-0.025100276758032693,0.4655525553451889
RAW,MOTOR_ST_RAW_WorseLegEyeClose,MOTOR_ST_NORM_PegboardDominant,ST,413,0.07309139878259871,0.13810769407866916,-0.02357115603724219,0.168399971639765,0.5452509796404797
RAW,MOTOR_ST_RAW_WorseLegEyeClose,MOTOR_ST_NORM_PegboardNondominant,ST,413,-0.012818232068677025,0.7950809996323204,-0.10917949291621126,0.08378170480905013,0.9235841373088652
RAW,MOTOR_ST_RAW_WorseLegEyeClose,MOTOR_ST_NORM_PegboardSum,ST,413,-0.009661657769539884,0.8447999343665187,-0.10605908364823609,0.08691568123954564,0.9235841373088652
RAW,MOTOR_ST_RAW_WorseLegEyeClose,MOTOR_ST_NORM_PegboardBoth,ST,413,0.019804864656247586,0.6881978605200957,-0.07683828698628542,0.1160793321534049,0.8833970700110295
RAW,MOTOR_ST_RAW_WorseLegEyeClose,MOTOR_ST_NORM_PegboardAssemble,ST,413,-0.0704505910571702,0.15295764661597422,-0.16581961878554607,0.026223991733107285,0.5452509796404797
RAW,MOTOR_ST_RAW_WorseLegEyeClose,MOTOR_ST_NORM_WaisSpeed,ST,413,0.04208354073846855,0.39364574283709336,-0.05463463165561959,0.13801936332289105,0.7183315719855035
RAW,MOTOR_ST_RAW_WorseLegEyeClose,MOTOR_ST_SCALED_FineMotor,ST,413,-0.10230972298651042,0.03767860766003764,-0.1968625021711237,-0.00587138198836722,0.5452509796404797
RAW,MOTOR_ST_RAW_WorseLegEyeClose,MOTOR_ST_SCALED_Balance,ST,413,-0.3103181315808889,1.1398184324456564e-10,-0.394986736410748,-0.22042227180699456,8.776601929831554e-09
RAW,MOTOR_ST_RAW_WorseLegEyeClose,MOTOR_ST_SCALED_ProcessingSpeed,ST,413,-0.09412668981962395,0.05596243378517115,-0.1889071752916319,0.002391336677084508,0.5452509796404797
RAW,MOTOR_ST_RAW_BestLegEyeClose,BASIC_Q_BFI_Agreeableness,Q,413,0.06557952978669675,0.18347662798082406,-0.031113669466242402,0.1610566402693322,0.5433730905585944
RAW,MOTOR_ST_RAW_BestLegEyeClose,BASIC_Q_BFI_Conscientiousness,Q,413,0.021516514512667756,0.6628422226710416,-0.0751357935213161,0.11776830268260023,0.8620220892902137
RAW,MOTOR_ST_RAW_BestLegEyeClose,BASIC_Q_BFI_EmotionalStability,Q,413,-0.06158617270600801,0.21167553049635182,-0.1571485704586171,0.03511883914994408,0.5675753512199535
RAW,MOTOR_ST_RAW_BestLegEyeClose,BASIC_Q_BFI_Extraversion,Q,413,0.07354405765569401,0.13567735222927113,-0.02311629875079305,0.1688421368900224,0.5223578060826939
RAW,MOTOR_ST_RAW_BestLegEyeClose,BASIC_Q_BFI_Intellect,Q,413,0.017126801200008535,0.728570079853957,-0.0795008940630678,0.11343563545958102,0.8620220892902137
RAW,MOTOR_ST_RAW_BestLegEyeClose,BASIC_Q_Beck_Anxiety,Q,413,0.02259396536573272,0.6470742763587654,-0.07406381737972344,0.11883119181475589,0.8620220892902137
RAW,MOTOR_ST_RAW_BestLegEyeClose,BASIC_Q_Beck_Depression,Q,413,0.023109237946247953,0.6395884061598531,-0.07355108402010048,0.11933942255031585,0.8620220892902137
RAW,MOTOR_ST_RAW_BestLegEyeClose,BASIC_Q_CogFailure_Sum,Q,413,0.1084268899386509,0.02757250330563595,0.012056730755769388,0.20280132762534125,0.24084786717553358
RAW,MOTOR_ST_RAW_BestLegEyeClose,BASIC_Q_EHI_Sum,Q,413,0.012832912065433334,0.7948515368779893,-0.0837671254405141,0.10919400028817482,0.8620220892902137
RAW,MOTOR_ST_RAW_BestLegEyeClose,BASIC_Q_IPAQ_MET,Q,413,-0.05380055741348671,0.27534641793784703,-0.14952061916326326,0.04291856294708743,0.5730182211138979
RAW,MOTOR_ST_RAW_BestLegEyeClose,BASIC_Q_MOCA_SUM,Q,413,-0.019257791674535486,0.6963778719043672,-0.1155393904370341,0.07738231460437624,0.8620220892902137
RAW,MOTOR_ST_RAW_BestLegEyeClose,BASIC_Q_MSPSS_Sum,Q,413,0.022924443477841186,0.6422689448727691,-0.07373497371360789,0.11915715932940443,0.8620220892902137
RAW,MOTOR_ST_RAW_BestLegEyeClose,BASIC_Q_PSQI_DaytimeDysfunc,Q,413,-0.0316103806885086,0.5217748451565571,-0.12771711337402267,0.06508445171443512,0.8199318995317326
RAW,MOTOR_ST_RAW_BestLegEyeClose,BASIC_Q_PSQI_SleepDisturbance,Q,413,0.05754672614981434,0.2432465790942658,-0.03916707672665846,0.15319234819272093,0.5675753512199535
RAW,MOTOR_ST_RAW_BestLegEyeClose,BASIC_Q_PSQI_SleepDuration,Q,413,0.06930700406209601,0.15975178417054978,-0.027372365031525528,0.16470180608980486,0.5348211904840144
RAW,MOTOR_ST_RAW_BestLegEyeClose,BASIC_Q_PSQI_SleepEfficiency,Q,413,0.10272310850787744,0.03690837121434078,0.006289142732015492,0.1972640544654753,0.2521340997439417
RAW,MOTOR_ST_RAW_BestLegEyeClose,BASIC_Q_PSQI_SleepLatency,Q,413,0.09920041623696797,0.04392008410276955,0.0027302451594049416,0.1938411828802283,0.26014203660871194
RAW,MOTOR_ST_RAW_BestLegEyeClose,BASIC_Q_PSQI_SleepMedication,Q,413,0.05585833445675502,0.25737411351270245,-0.04085820255621213,0.15153783318201974,0.5730182211138979
RAW,MOTOR_ST_RAW_BestLegEyeClose,BASIC_Q_PSQI_SleepQuality,Q,413,0.05887004736064894,0.232560024232456,-0.03784122515868593,0.15448874292919518,0.5675753512199535
RAW,MOTOR_ST_RAW_BestLegEyeClose,BASIC_Q_PSQI_Sum,Q,413,0.10564833316279078,0.031830638314986365,0.009246289794488261,0.2001046379081943,0.24509591502539502
RAW,MOTOR_ST_RAW_BestLegEyeClose,BASIC_Q_SF36_EmotionalLimit,Q,413,0.013825541806853572,0.7793777494840827,-0.0827812040105749,0.11017486228952046,0.8620220892902137
RAW,MOTOR_ST_RAW_BestLegEyeClose,BASIC_Q_SF36_EmotionalWell,Q,413,0.029604208057850242,0.5485484513776815,-0.06708373610926284,0.12574130954798513,0.8447646151216296
RAW,MOTOR_ST_RAW_BestLegEyeClose,BASIC_Q_SF36_Energy,Q,413,0.04085352268821328,0.4076302374726213,-0.055863007521913026,0.13681049272096163,0.7299425182649265
RAW,MOTOR_ST_RAW_BestLegEyeClose,BASIC_Q_SF36_GeneralHealth,Q,413,-0.07037370296985439,0.15340746406931055,-0.16574447129479333,0.026301209625154472,0.5348211904840144
RAW,MOTOR_ST_RAW_BestLegEyeClose,BASIC_Q_SF36_Mental,Q,413,0.0352949114097204,0.4744074447051949,-0.06141054866981817,0.1313438829368944,0.774565239960875
RAW,MOTOR_ST_RAW_BestLegEyeClose,BASIC_Q_SF36_Pain,Q,413,-0.018485950202949512,0.7079785907160451,-0.11477751337807711,0.0781497616446143,0.8620220892902137
RAW,MOTOR_ST_RAW_BestLegEyeClose,BASIC_Q_SF36_Physical,Q,413,-0.06682109842477575,0.17530141795803983,-0.1622710825182445,0.029867795072340726,0.5399283673107627
RAW,MOTOR_ST_RAW_BestLegEyeClose,BASIC_Q_SF36_PhysicalFunct,Q,413,-0.13547262466435533,0.005824383894735548,-0.22897562241568917,-0.03949258952376117,0.1381423152471481
RAW,MOTOR_ST_RAW_BestLegEyeClose,BASIC_Q_SF36_PhysicalLimit,Q,413,-0.0027503373705459475,0.9555615522380552,-0.0992203108359705,0.0937708554481075,0.9619117955542478
RAW,MOTOR_ST_RAW_BestLegEyeClose,BASIC_Q_SF36_SocialFunc,Q,413,0.03508794632811356,0.47700422980967105,-0.06161698626711556,0.1311402305100717,0.774565239960875
RAW,MOTOR_ST_RAW_BestLegEyeClose,LANGUAGE_ST_RAW_SUM,ST,413,-0.002356992151525447,0.9619117955542478,-0.09883082024500331,0.09416073014021697,0.9619117955542478
RAW,MOTOR_ST_RAW_BestLegEyeClose,LANGUAGE_ST_SCALED_SIMILARITY,ST,413,-0.035755797577155864,0.46865261965919763,-0.1317973630973879,0.060950807417282135,0.774565239960875
RAW,MOTOR_ST_RAW_BestLegEyeClose,LANGUAGE_ST_SCALED_VOCABULARY,ST,413,0.010253508820474157,0.8354243107781341,-0.08632821281197366,0.10664429848553209,0.8934398879155044
RAW,MOTOR_ST_RAW_BestLegEyeClose,LANGUAGE_ST_SCALED_INFORMATION,ST,413,0.00844030701690096,0.8642155261639072,-0.08812777567243882,0.10485121633533831,0.9115698015701487
RAW,MOTOR_ST_RAW_BestLegEyeClose,LANGUAGE_ST_SCALED_SUM,ST,413,-0.0035787178200186154,0.9421976840038662,-0.10004047681462978,0.0929496870566647,0.9619117955542478
RAW,MOTOR_ST_RAW_BestLegEyeClose,LANGUAGE_ST_NORM_SIMILARITY,ST,413,0.02732030323065374,0.5798288421477865,-0.06935885437382694,0.12349104902486566,0.8585927085649915
RAW,MOTOR_ST_RAW_BestLegEyeClose,LANGUAGE_ST_NORM_VOCABULARY,ST,413,0.06229417475484039,0.20646071878559275,-0.034408969265674036,0.1578416698529106,0.5675753512199535
RAW,MOTOR_ST_RAW_BestLegEyeClose,LANGUAGE_ST_NORM_INFORMATION,ST,413,0.05987756268355812,0.22464941511992179,-0.036831554979146655,0.1554755369636354,0.5675753512199535
RAW,MOTOR_ST_RAW_BestLegEyeClose,LANGUAGE_ST_NORM_VCI,ST,413,0.05812434830236289,0.238540406406181,-0.038588391966105584,0.15375825758419528,0.5675753512199535
RAW,MOTOR_ST_RAW_BestLegEyeClose,LANGUAGE_ST_NORM_PR,ST,413,0.07038053169741833,0.15336747353769872,-0.026294351653040855,0.16575114547807962,0.5348211904840144
RAW,MOTOR_ST_RAW_BestLegEyeClose,MEMORY_ST_NORM_AudImm,ST,413,0.10896147836843162,0.026812002167301337,0.012597628344651128,0.20332000085704796,0.24084786717553358
RAW,MOTOR_ST_RAW_BestLegEyeClose,MEMORY_ST_NORM_VisImm,ST,413,0.11947084847860216,0.015128743030739153,0.023242493180970415,0.2135057546067008,0.23298264267338292
RAW,MOTOR_ST_RAW_BestLegEyeClose,MEMORY_ST_NORM_ImmMem,ST,413,0.13211514515131942,0.007176224168683017,0.03607879383292902,0.22573365800940004,0.1381423152471481
RAW,MOTOR_ST_RAW_BestLegEyeClose,MEMORY_ST_NORM_WorMem,ST,413,-0.01555956961713958,0.7525577803612524,-0.11188788284063984,0.08105844112706292,0.8620220892902137
RAW,MOTOR_ST_RAW_BestLegEyeClose,MEMORY_ST_SCALED_AudImm,ST,413,0.01304211583203908,0.7915834073210113,-0.0835593512264269,0.10940073952818846,0.8620220892902137
RAW,MOTOR_ST_RAW_BestLegEyeClose,MEMORY_ST_SCALED_VisImm,ST,413,0.01665364182524462,0.7357855157744777,-0.07997117933096402,0.11296840618843904,0.8620220892902137
RAW,MOTOR_ST_RAW_BestLegEyeClose,MEMORY_ST_SCALED_ImmMem,ST,413,0.01592747803438804,0.7469042493047712,-0.08069284853574775,0.11225126054553186,0.8620220892902137
RAW,MOTOR_ST_RAW_BestLegEyeClose,MEMORY_ST_SCALED_WorMem,ST,413,-0.08276509428158184,0.0930019581433387,-0.17784106826381682,0.013841759567199036,0.39784170983539335
RAW,MOTOR_ST_RAW_BestLegEyeClose,MEMORY_ST_RAW_AudImm,ST,413,0.01676655483143163,0.7340615122745041,-0.07985895609863992,0.11307990792627053,0.8620220892902137
RAW,MOTOR_ST_RAW_BestLegEyeClose,MEMORY_ST_RAW_VisImm,ST,413,0.017146767657800262,0.7282661227689603,-0.07948104794142026,0.11345535074123338,0.8620220892902137
RAW,MOTOR_ST_RAW_BestLegEyeClose,MEMORY_ST_RAW_ImmMem,ST,413,0.018762289868181577,0.7038172944355415,-0.0778750084635883,0.11505029853877045,0.8620220892902137
RAW,MOTOR_ST_RAW_BestLegEyeClose,MEMORY_ST_RAW_WorMem,ST,413,-0.08518884232284565,0.08378419257059525,-0.18020379973181005,0.011401186365511452,0.39348360459696013
RAW,MOTOR_ST_RAW_BestLegEyeClose,MEMORY_ST_SCALED_LogMemI,ST,413,0.021154139343943362,0.6681794757816767,-0.07549627720575035,0.11741077543905962,0.8620220892902137
RAW,MOTOR_ST_RAW_BestLegEyeClose,MEMORY_ST_SCALED_FacI,ST,413,0.013967302387926907,0.7771748244163577,-0.08264038603092323,0.11031492696941039,0.8620220892902137
RAW,MOTOR_ST_RAW_BestLegEyeClose,MEMORY_ST_SCALED_VerPairI,ST,413,0.005868123697914589,0.9053593780950857,-0.09067953006874756,0.10230649868932963,0.9420631366665081
RAW,MOTOR_ST_RAW_BestLegEyeClose,MEMORY_ST_SCALED_FamPicI,ST,413,0.01522693054131932,0.7576807567148848,-0.08138896400452934,0.11155931796590508,0.8620220892902137
RAW,MOTOR_ST_RAW_BestLegEyeClose,MEMORY_ST_SCALED_LetNumSeq,ST,413,-0.06745220910691961,0.17125109716622244,-0.16288829355769244,0.029234380509326953,0.5399283673107627
RAW,MOTOR_ST_RAW_BestLegEyeClose,MEMORY_ST_SCALED_SpaForward,ST,413,-0.05131935756270835,0.29812747961549046,-0.14708726879264944,0.04540178418188542,0.5886106648818659
RAW,MOTOR_ST_RAW_BestLegEyeClose,MEMORY_ST_SCALED_SpaBackward,ST,413,-0.08798119521473714,0.07409361566161995,-0.18292449804754615,0.008588022171949544,0.3803472270629824
RAW,MOTOR_ST_RAW_BestLegEyeClose,MEMORY_ST_SCALED_SpaTotal,ST,413,-0.07876715147909244,0.10996060252709115,-0.17394137473587934,0.01786494155973458,0.4456298102413694
RAW,MOTOR_ST_RAW_BestLegEyeClose,MOTOR_ST_RAW_HEIGHT,ST,413,0.039967832941702364,0.4178802383449465,-0.0567473335151333,0.1359398534277304,0.7312904171036564
RAW,MOTOR_ST_RAW_BestLegEyeClose,MOTOR_ST_RAW_WEIGHT,ST,413,0.11217325185096075,0.022612401226401707,0.015848494503125313,0.20643504237733445,0.24084786717553358
RAW,MOTOR_ST_RAW_BestLegEyeClose,MOTOR_ST_RAW_PegboardSum,ST,413,-0.10146568596047477,0.03929362593412078,-0.19604252732421587,-0.005018516296586347,0.2521340997439417
RAW,MOTOR_ST_RAW_BestLegEyeClose,MOTOR_ST_NORM_BMI,ST,413,-0.09042419556178846,0.06638285966242503,-0.1853036164426487,0.0061255599067393095,0.3651057281433377
RAW,MOTOR_ST_RAW_BestLegEyeClose,MOTOR_ST_NORM_WHR,ST,413,-0.059563648212716536,0.2270933262187347,-0.15516809914528903,0.037146162021842254,0.5675753512199535
RAW,MOTOR_ST_RAW_BestLegEyeClose,MOTOR_ST_NORM_AerobicRating,ST,404,0.04891310955700087,0.32674948600169096,-0.04888655496061489,0.14578375396733975,0.6243066248491707
RAW,MOTOR_ST_RAW_BestLegEyeClose,MOTOR_ST_NORM_FunctionalReaching,ST,413,0.05458779527686085,0.26837253457885857,-0.04213043392993734,0.15029243306552892,0.5730182211138979
RAW,MOTOR_ST_RAW_BestLegEyeClose,MOTOR_ST_NORM_BestLegEyeClose,ST,413,-0.6148866208977768,2.6055185481185454e-44,-0.6715377151838859,-0.5510887745132116,1.00312464102564e-42
RAW,MOTOR_ST_RAW_BestLegEyeClose,MOTOR_ST_NORM_PegboardDominant,ST,413,-0.028329019918671764,0.5659109337260976,-0.12448502822394547,0.06835414237202528,0.8544145469982257
RAW,MOTOR_ST_RAW_BestLegEyeClose,MOTOR_ST_NORM_PegboardNondominant,ST,413,-0.052973269265460636,0.2828067970896425,-0.14870941394158385,0.04374665788894577,0.5730558783132229
RAW,MOTOR_ST_RAW_BestLegEyeClose,MOTOR_ST_NORM_PegboardSum,ST,413,-0.03462459711061486,0.4828458638717143,-0.13068426820392753,0.062079124568884335,0.774565239960875
RAW,MOTOR_ST_RAW_BestLegEyeClose,MOTOR_ST_NORM_PegboardBoth,ST,413,-0.04781105339932149,0.3324230080365714,-0.14364464218475195,0.04891090775582599,0.6243066248491707
RAW,MOTOR_ST_RAW_BestLegEyeClose,MOTOR_ST_NORM_PegboardAssemble,ST,413,-0.053896028762016546,0.27449416298974455,-0.1496142262048013,0.04282298993848898,0.5730182211138979
RAW,MOTOR_ST_RAW_BestLegEyeClose,MOTOR_ST_NORM_WaisSpeed,ST,413,0.08435378539041691,0.08687300361231587,-0.012242170054551837,0.17938988870162864,0.39348360459696013
RAW,MOTOR_ST_RAW_BestLegEyeClose,MOTOR_ST_SCALED_FineMotor,ST,413,-0.10802862828118107,0.028151049410127305,-0.2024148881662807,-0.011653805509474329,0.24084786717553358
RAW,MOTOR_ST_RAW_BestLegEyeClose,MOTOR_ST_SCALED_Balance,ST,413,-0.6911959745896519,5.993941179687852e-60,-0.7384399196255284,-0.6371995111164092,4.615334708359646e-58
RAW,MOTOR_ST_RAW_BestLegEyeClose,MOTOR_ST_SCALED_ProcessingSpeed,ST,413,-0.042298584664587704,0.3912309056281309,-0.1382306806917977,0.05441984476325127,0.71725666031824
RAW,MOTOR_ST_RAW_PegboardDominant,BASIC_Q_BFI_Agreeableness,Q,423,-0.006304727448576006,0.8971308098613237,-0.10159133649571984,0.0890965119079699,0.9820297553802639
RAW,MOTOR_ST_RAW_PegboardDominant,BASIC_Q_BFI_Conscientiousness,Q,423,-0.06105843417680289,0.2101183182298743,-0.15550082237287205,0.03449003902195211,0.5393036834566775
RAW,MOTOR_ST_RAW_PegboardDominant,BASIC_Q_BFI_EmotionalStability,Q,423,-0.04355881238711088,0.3715114622079173,-0.13833196745380333,0.052004855605840686,0.7186988820447502
RAW,MOTOR_ST_RAW_PegboardDominant,BASIC_Q_BFI_Extraversion,Q,423,0.001606882669887225,0.9737137231323109,-0.09375516157437147,0.09693971006959291,0.9820297553802639
RAW,MOTOR_ST_RAW_PegboardDominant,BASIC_Q_BFI_Intellect,Q,423,-0.03356234977182895,0.4911839258061027,-0.12849882147661035,0.06198368350732184,0.7718604548381615
RAW,MOTOR_ST_RAW_PegboardDominant,BASIC_Q_Beck_Anxiety,Q,423,-0.029085560321238373,0.5508026893366774,-0.12408911112722042,0.06644639129326652,0.8156116745946954
RAW,MOTOR_ST_RAW_PegboardDominant,BASIC_Q_Beck_Depression,Q,423,-0.0037845550716166998,0.9381408669144475,-0.09909647603077412,0.09159617705396227,0.9820297553802639
RAW,MOTOR_ST_RAW_PegboardDominant,BASIC_Q_CogFailure_Sum,Q,423,0.04096927851477099,0.4006431193419165,-0.05459165404196625,0.1357865318809082,0.7186988820447502
RAW,MOTOR_ST_RAW_PegboardDominant,BASIC_Q_EHI_Sum,Q,423,0.1083893930455635,0.025799577353584693,0.013177902636330579,0.2016530536205599,0.16554728801883511
RAW,MOTOR_ST_RAW_PegboardDominant,BASIC_Q_IPAQ_MET,Q,423,0.05488673726853781,0.2600121725355874,-0.0406738016535073,0.14945228495926585,0.606695069249704
RAW,MOTOR_ST_RAW_PegboardDominant,BASIC_Q_MOCA_SUM,Q,423,0.029547255408732976,0.544493887988854,-0.06598632515229445,0.12454406190339427,0.8156116745946954
RAW,MOTOR_ST_RAW_PegboardDominant,BASIC_Q_MSPSS_Sum,Q,423,0.022611222334090554,0.6428430871366713,-0.07289361079064807,0.11770513835758656,0.9166466242504386
RAW,MOTOR_ST_RAW_PegboardDominant,BASIC_Q_PSQI_DaytimeDysfunc,Q,423,-0.01656765701219577,0.7340362054574879,-0.11173882434908894,0.07890466749536101,0.980528284302378
RAW,MOTOR_ST_RAW_PegboardDominant,BASIC_Q_PSQI_SleepDisturbance,Q,423,0.07251610373376598,0.13649167582429086,-0.022990538194840395,0.16671110256529023,0.47772086538501807
RAW,MOTOR_ST_RAW_PegboardDominant,BASIC_Q_PSQI_SleepDuration,Q,423,0.049524269285246274,0.30954679147718644,-0.04604081634063264,0.14419107532097178,0.6461472217861997
RAW,MOTOR_ST_RAW_PegboardDominant,BASIC_Q_PSQI_SleepEfficiency,Q,423,0.015484094546304013,0.7508357975185239,-0.07998166796621724,0.11066838656339457,0.980528284302378
RAW,MOTOR_ST_RAW_PegboardDominant,BASIC_Q_PSQI_SleepLatency,Q,423,0.03248669983090906,0.5051864257976962,-0.06305629881630967,0.12743963134288017,0.7779870957284523
RAW,MOTOR_ST_RAW_PegboardDominant,BASIC_Q_PSQI_SleepMedication,Q,423,0.009980703517016593,0.837829615747871,-0.08544829201101498,0.10522824421284625,0.980528284302378
RAW,MOTOR_ST_RAW_PegboardDominant,BASIC_Q_PSQI_SleepQuality,Q,423,0.005827829688215169,0.9048736184948823,-0.08956962124506253,0.10111932048981843,0.9820297553802639
RAW,MOTOR_ST_RAW_PegboardDominant,BASIC_Q_PSQI_Sum,Q,423,0.04306902608806398,0.3769186711028913,-0.0524942228810287,0.13785061793293601,0.7186988820447502
RAW,MOTOR_ST_RAW_PegboardDominant,BASIC_Q_SF36_EmotionalLimit,Q,423,0.008986812292417925,0.8537873481839044,-0.086434931132375,0.10424516733694854,0.9812182956740394
RAW,MOTOR_ST_RAW_PegboardDominant,BASIC_Q_SF36_EmotionalWell,Q,423,0.026576632225559737,0.5856988615446032,-0.06894575749630712,0.12161613426073767,0.850920987527065
RAW,MOTOR_ST_RAW_PegboardDominant,BASIC_Q_SF36_Energy,Q,423,0.017675797147221,0.716985854217167,-0.07780300763800124,0.11283331372384281,0.980528284302378
RAW,MOTOR_ST_RAW_PegboardDominant,BASIC_Q_SF36_GeneralHealth,Q,423,-0.012614954994543156,0.7958714478563976,-0.1078329326002463,0.08283235609580912,0.980528284302378
RAW,MOTOR_ST_RAW_PegboardDominant,BASIC_Q_SF36_Mental,Q,423,0.014285689816327569,0.769553650890904,-0.08117255569903772,0.10948424030318854,0.980528284302378
RAW,MOTOR_ST_RAW_PegboardDominant,BASIC_Q_SF36_Pain,Q,423,-0.0841965914994955,0.083698840135837,-0.17811437802010385,0.011241333135208382,0.32224053452297247
RAW,MOTOR_ST_RAW_PegboardDominant,BASIC_Q_SF36_Physical,Q,423,-0.09097012175064273,0.061578260964149756,-0.18471561704995226,0.00441586027255378,0.26341811634664064
RAW,MOTOR_ST_RAW_PegboardDominant,BASIC_Q_SF36_PhysicalFunct,Q,423,-0.03602670049093305,0.45990262803684484,-0.13092464595358577,0.05952545292677293,0.7534574969965331
RAW,MOTOR_ST_RAW_PegboardDominant,BASIC_Q_SF36_PhysicalLimit,Q,423,-0.09473729539440422,0.05152586296302939,-0.18838331223528937,0.0006159482328221849,0.24796821550957895
RAW,MOTOR_ST_RAW_PegboardDominant,BASIC_Q_SF36_SocialFunc,Q,423,-0.01166249999580589,0.8109810754139715,-0.10689131745061385,0.08377834065352043,0.980528284302378
RAW,MOTOR_ST_RAW_PegboardDominant,LANGUAGE_ST_RAW_SUM,ST,423,0.03971587256432027,0.4152215506737272,-0.05584327543968041,0.13455402098287,0.7186988820447502
RAW,MOTOR_ST_RAW_PegboardDominant,LANGUAGE_ST_SCALED_SIMILARITY,ST,423,-0.0041355693535523,0.9324165953010424,-0.09944403666342778,0.0912480910930844,0.9820297553802639
RAW,MOTOR_ST_RAW_PegboardDominant,LANGUAGE_ST_SCALED_VOCABULARY,ST,423,0.00981705046744189,0.8404528151163241,-0.08561076380965317,0.10506638464422469,0.980528284302378
RAW,MOTOR_ST_RAW_PegboardDominant,LANGUAGE_ST_SCALED_INFORMATION,ST,423,0.11211164461360147,0.021096776623915958,0.01694510093524779,0.20526512534800412,0.1476774363674117
RAW,MOTOR_ST_RAW_PegboardDominant,LANGUAGE_ST_SCALED_SUM,ST,423,0.05534717069894534,0.25602954808075346,-0.040212720626206705,0.14990377463387528,0.606695069249704
RAW,MOTOR_ST_RAW_PegboardDominant,LANGUAGE_ST_NORM_SIMILARITY,ST,423,0.050608035101623906,0.29906564571320454,-0.044956576284354476,0.14525480832327603,0.6461472217861997
RAW,MOTOR_ST_RAW_PegboardDominant,LANGUAGE_ST_NORM_VOCABULARY,ST,423,0.04002941233276715,0.4115457621953778,-0.05553021024255011,0.13486236137357183,0.7186988820447502
RAW,MOTOR_ST_RAW_PegboardDominant,LANGUAGE_ST_NORM_INFORMATION,ST,423,0.14147992106155236,0.003546840818885672,0.04676306484333336,0.23367537097793753,0.030345193672688526
RAW,MOTOR_ST_RAW_PegboardDominant,LANGUAGE_ST_NORM_VCI,ST,423,0.09521142188872296,0.050363598929627496,-0.00013750619676003475,0.1888447336410232,0.24796821550957895
RAW,MOTOR_ST_RAW_PegboardDominant,LANGUAGE_ST_NORM_PR,ST,423,0.08808066520863955,0.07034077563174718,-0.0073285619366030745,0.1819006907693235,0.28506524861287014
RAW,MOTOR_ST_RAW_PegboardDominant,MEMORY_ST_NORM_AudImm,ST,423,0.00985105198321494,0.8399076575297535,-0.08557700813517516,0.10510001395122336,0.980528284302378
RAW,MOTOR_ST_RAW_PegboardDominant,MEMORY_ST_NORM_VisImm,ST,423,0.018817404283452677,0.699566420506849,-0.07666783260105418,0.11396061639818386,0.9793929887095887
RAW,MOTOR_ST_RAW_PegboardDominant,MEMORY_ST_NORM_ImmMem,ST,423,0.014518743205924119,0.7659027174929788,-0.08094098548367179,0.10971454201931284,0.980528284302378
RAW,MOTOR_ST_RAW_PegboardDominant,MEMORY_ST_NORM_WorMem,ST,423,0.07510287862844695,0.12301377945817878,-0.020390817453271485,0.16923865978894537,0.45105052467998885
RAW,MOTOR_ST_RAW_PegboardDominant,MEMORY_ST_SCALED_AudImm,ST,423,-0.0641279578860614,0.18804994655837046,-0.15850645753915557,0.03141178776058117,0.5393036834566775
RAW,MOTOR_ST_RAW_PegboardDominant,MEMORY_ST_SCALED_VisImm,ST,423,-0.04942831045922266,0.3104863273518102,-0.14409687969636414,0.046136806307130254,0.6461472217861997
RAW,MOTOR_ST_RAW_PegboardDominant,MEMORY_ST_SCALED_ImmMem,ST,423,-0.06465385403323841,0.18444664328753818,-0.15902123232256754,0.03088421441799468,0.5393036834566775
RAW,MOTOR_ST_RAW_PegboardDominant,MEMORY_ST_SCALED_WorMem,ST,423,0.0017247224918988191,0.9717868074372877,-0.09363835595377107,0.09705644150462207,0.9820297553802639
RAW,MOTOR_ST_RAW_PegboardDominant,MEMORY_ST_RAW_AudImm,ST,423,-0.05724875234673185,0.24002966526263297,-0.15176800107213542,0.03830803319868255,0.596202716942669
RAW,MOTOR_ST_RAW_PegboardDominant,MEMORY_ST_RAW_VisImm,ST,423,-0.0530643017910086,0.27619383538629205,-0.1476648626242574,0.04249840111502525,0.6254978036689556
RAW,MOTOR_ST_RAW_PegboardDominant,MEMORY_ST_RAW_ImmMem,ST,423,-0.061186243282981556,0.20916368803975,-0.15562600618098843,0.03436190267868313,0.5393036834566775
RAW,MOTOR_ST_RAW_PegboardDominant,MEMORY_ST_RAW_WorMem,ST,423,0.0033288109499139272,0.945577763820912,-0.09204808437499788,0.09864518130008834,0.9820297553802639
RAW,MOTOR_ST_RAW_PegboardDominant,MEMORY_ST_SCALED_LogMemI,ST,423,-0.037340403131198165,0.4436921605447507,-0.1322173467397622,0.05821453908154306,0.7427020948249087
RAW,MOTOR_ST_RAW_PegboardDominant,MEMORY_ST_SCALED_FacI,ST,423,-0.06295098779950546,0.19630126086916005,-0.15735419143085563,0.032592318591687076,0.5393036834566775
RAW,MOTOR_ST_RAW_PegboardDominant,MEMORY_ST_SCALED_VerPairI,ST,423,-0.06792667959815686,0.1631598399001888,-0.16222369308465878,0.027599754163736865,0.5329107522613394
RAW,MOTOR_ST_RAW_PegboardDominant,MEMORY_ST_SCALED_FamPicI,ST,423,-0.040698144711420935,0.4037704438057986,-0.13551994291958186,0.05486242727140647,0.7186988820447502
RAW,MOTOR_ST_RAW_PegboardDominant,MEMORY_ST_SCALED_LetNumSeq,ST,423,-0.003368292249869033,0.9449333060744294,-0.09868427869868103,0.09200893701296399,0.9820297553802639
RAW,MOTOR_ST_RAW_PegboardDominant,MEMORY_ST_SCALED_SpaForward,ST,423,-0.03930911871400269,0.42001882716900985,-0.13415398489454014,0.05624938563275588,0.7186988820447502
RAW,MOTOR_ST_RAW_PegboardDominant,MEMORY_ST_SCALED_SpaBackward,ST,423,0.033766947221345905,0.48854424717420647,-0.061779638284801854,0.12870026362183792,0.7718604548381615
RAW,MOTOR_ST_RAW_PegboardDominant,MEMORY_ST_SCALED_SpaTotal,ST,423,0.009882949063067983,0.8393963106130661,-0.08554534148174893,0.10513156166116425,0.980528284302378
RAW,MOTOR_ST_RAW_PegboardDominant,MOTOR_ST_RAW_HEIGHT,ST,423,0.043237617018708374,0.37505200393451615,-0.05232578136402068,0.1380163098661643,0.7186988820447502
RAW,MOTOR_ST_RAW_PegboardDominant,MOTOR_ST_RAW_WEIGHT,ST,423,0.06745601661543317,0.16610205265288502,-0.02807221733937434,0.161763271481515,0.5329107522613394
RAW,MOTOR_ST_RAW_PegboardDominant,MOTOR_ST_RAW_PegboardSum,ST,423,-0.7120477330663655,1.197003480563918e-66,-0.756064599990811,-0.6616187383292507,3.0723089334473897e-65
RAW,MOTOR_ST_RAW_PegboardDominant,MOTOR_ST_NORM_BMI,ST,422,-0.0975018238549328,0.045308886300463154,-0.1911830701120287,-0.002060299941389704,0.24796821550957895
RAW,MOTOR_ST_RAW_PegboardDominant,MOTOR_ST_NORM_WHR,ST,422,-0.0010997257161301868,0.982029755380264,-0.09655029015558887,0.09437088174003433,0.9820297553802639
RAW,MOTOR_ST_RAW_PegboardDominant,MOTOR_ST_NORM_AerobicRating,ST,411,0.13019411909995957,0.008225735669435652,0.03388986861501329,0.2241028624703746,0.06333816465465453
RAW,MOTOR_ST_RAW_PegboardDominant,MOTOR_ST_NORM_FunctionalReaching,ST,422,-0.09155751925307365,0.06021679077712028,-0.18539781582242354,0.0039375962543850155,0.26341811634664064
RAW,MOTOR_ST_RAW_PegboardDominant,MOTOR_ST_NORM_BestLegEyeClose,ST,413,-0.002290002583319022,0.9629935395086635,-0.0987644842022464,0.09422712570218869,0.9820297553802639
RAW,MOTOR_ST_RAW_PegboardDominant,MOTOR_ST_NORM_PegboardDominant,ST,422,-0.9177257310830715,1.6510573205933071e-170,-0.9315742475848509,-0.9012177837127359,1.2713141368568466e-168
RAW,MOTOR_ST_RAW_PegboardDominant,MOTOR_ST_NORM_PegboardNondominant,ST,422,-0.41576471573189117,4.549655645709659e-19,-0.49170984995422345,-0.33354202864876703,5.838724745327395e-18
RAW,MOTOR_ST_RAW_PegboardDominant,MOTOR_ST_NORM_PegboardSum,ST,422,-0.4586946929126907,2.3997023533032975e-23,-0.5309083416028808,-0.37986736516298386,3.6955416240870782e-22
RAW,MOTOR_ST_RAW_PegboardDominant,MOTOR_ST_NORM_PegboardBoth,ST,422,-0.727860826769352,8.129465494294956e-71,-0.769831981126166,-0.6796216701805032,3.1298442153035584e-69
RAW,MOTOR_ST_RAW_PegboardDominant,MOTOR_ST_NORM_PegboardAssemble,ST,422,-0.4021667198759664,7.766346168450533e-18,-0.4792292732493938,-0.31895090079555966,8.542980785295586e-17
RAW,MOTOR_ST_RAW_PegboardDominant,MOTOR_ST_NORM_WaisSpeed,ST,422,-0.06383923217736415,0.1905777719249608,-0.15833501710805503,0.03181535532818001,0.5393036834566775
RAW,MOTOR_ST_RAW_PegboardDominant,MOTOR_ST_SCALED_FineMotor,ST,423,-0.542806382982923,8.772243270747008e-34,-0.6067514421391046,-0.471881062954564,1.688656829618799e-32
RAW,MOTOR_ST_RAW_PegboardDominant,MOTOR_ST_SCALED_Balance,ST,413,-0.10589437017322557,0.03143216968290478,-0.200343483478512,-0.009495088657393047,0.18617515889105138
RAW,MOTOR_ST_RAW_PegboardDominant,MOTOR_ST_SCALED_ProcessingSpeed,ST,423,-0.14835345945897901,0.0022200609616255997,-0.24030202903372558,-0.05376631267638609,0.021368086755646398
RAW,MOTOR_ST_RAW_PegboardNondominant,BASIC_Q_BFI_Agreeableness,Q,423,-0.0782803453738186,0.1079024957766731,-0.17234169272891034,0.017195680371502774,0.6232497160341584
RAW,MOTOR_ST_RAW_PegboardNondominant,BASIC_Q_BFI_Conscientiousness,Q,423,-0.057534358523569265,0.2376886088612243,-0.15204793864754573,0.03802190056471863,0.7039239570120874
RAW,MOTOR_ST_RAW_PegboardNondominant,BASIC_Q_BFI_EmotionalStability,Q,423,-0.06065137172715637,0.21317967631992965,-0.15510210108496644,0.03489812276337761,0.6839514615264409
RAW,MOTOR_ST_RAW_PegboardNondominant,BASIC_Q_BFI_Extraversion,Q,423,-0.06253619460152504,0.1992713128293518,-0.15694804325536155,0.03300830316082457,0.6839514615264409
RAW,MOTOR_ST_RAW_PegboardNondominant,BASIC_Q_BFI_Intellect,Q,423,-0.09126765038315526,0.06072949875657745,-0.18500538394949878,0.004115846141519657,0.42510649129604217
RAW,MOTOR_ST_RAW_PegboardNondominant,BASIC_Q_Beck_Anxiety,Q,423,0.004966522085726955,0.918879987412875,-0.09042397763786375,0.1002667209236158,0.9723516251032983
RAW,MOTOR_ST_RAW_PegboardNondominant,BASIC_Q_Beck_Depression,Q,423,0.023006814793667965,0.6370391451162625,-0.07249990413910283,0.11809543494515738,0.9083706328509669
RAW,MOTOR_ST_RAW_PegboardNondominant,BASIC_Q_CogFailure_Sum,Q,423,-0.01466090047444001,0.7636782666239788,-0.10985501581089853,0.0807997278572621,0.9630641215125918
RAW,MOTOR_ST_RAW_PegboardNondominant,BASIC_Q_EHI_Sum,Q,423,0.07896899433477865,0.10482902929605711,-0.016502944535829484,0.17301396367700705,0.6232497160341584
RAW,MOTOR_ST_RAW_PegboardNondominant,BASIC_Q_IPAQ_MET,Q,423,-0.04100913963106241,0.40018457711459793,-0.13582572367322857,0.0545518447509045,0.846586921074556
RAW,MOTOR_ST_RAW_PegboardNondominant,BASIC_Q_MOCA_SUM,Q,423,-0.034651027450682215,0.4772261287733987,-0.12957061949814344,0.06089785244209062,0.846586921074556
RAW,MOTOR_ST_RAW_PegboardNondominant,BASIC_Q_MSPSS_Sum,Q,423,-0.0639914774274052,0.18899347825693072,-0.15837285490838848,0.03154869478449816,0.6839514615264409
RAW,MOTOR_ST_RAW_PegboardNondominant,BASIC_Q_PSQI_DaytimeDysfunc,Q,423,-0.06364264459700002,0.19142086392308638,-0.15803136186339917,0.03189860158961434,0.6839514615264409
RAW,MOTOR_ST_RAW_PegboardNondominant,BASIC_Q_PSQI_SleepDisturbance,Q,423,0.039468459389453175,0.4181357004264389,-0.05609030086900602,0.13431069765466122,0.846586921074556
RAW,MOTOR_ST_RAW_PegboardNondominant,BASIC_Q_PSQI_SleepDuration,Q,423,-0.0196907048785048,0.6863459744805562,-0.11482280907857566,0.07579928525511412,0.9271691234211022
RAW,MOTOR_ST_RAW_PegboardNondominant,BASIC_Q_PSQI_SleepEfficiency,Q,423,0.06086662746655408,0.2115568485214553,-0.03468233093166828,0.15531294982891805,0.6839514615264409
RAW,MOTOR_ST_RAW_PegboardNondominant,BASIC_Q_PSQI_SleepLatency,Q,423,0.05093225625969318,0.29597649563122236,-0.04463216949421716,0.14557299391673578,0.7421531653304007
RAW,MOTOR_ST_RAW_PegboardNondominant,BASIC_Q_PSQI_SleepMedication,Q,423,-0.03412299972856454,0.4839687511510506,-0.12905080640399777,0.061424527751491466,0.846586921074556
RAW,MOTOR_ST_RAW_PegboardNondominant,BASIC_Q_PSQI_SleepQuality,Q,423,-0.027097492190778154,0.5783707946089048,-0.12212962772518135,0.06842698121624777,0.8982899872360648
RAW,MOTOR_ST_RAW_PegboardNondominant,BASIC_Q_PSQI_Sum,Q,423,-0.009710630748508595,0.8421595694755803,-0.1049611284758071,0.085716412665823,0.9630641215125918
RAW,MOTOR_ST_RAW_PegboardNondominant,BASIC_Q_SF36_EmotionalLimit,Q,423,0.0491604371696446,0.313118998818973,-0.046404757187249124,0.1438339193818386,0.7421531653304007
RAW,MOTOR_ST_RAW_PegboardNondominant,BASIC_Q_SF36_EmotionalWell,Q,423,-0.030009799991121158,0.5382095672108006,-0.12499980971398301,0.06552537177953525,0.8633778474006593
RAW,MOTOR_ST_RAW_PegboardNondominant,BASIC_Q_SF36_Energy,Q,423,-0.014125370692583239,0.7720681186289945,-0.10932580814153775,0.08133184855352435,0.9630641215125918
RAW,MOTOR_ST_RAW_PegboardNondominant,BASIC_Q_SF36_GeneralHealth,Q,423,-0.0485441654576143,0.3192311859490373,-0.1432288997400166,0.04702115519564798,0.7421531653304007
RAW,MOTOR_ST_RAW_PegboardNondominant,BASIC_Q_SF36_Mental,Q,423,0.021229220406367367,0.6632883162942782,-0.07426879105855036,0.11634140692206903,0.9271691234211022
RAW,MOTOR_ST_RAW_PegboardNondominant,BASIC_Q_SF36_Pain,Q,423,-0.01970384798236144,0.6861477241971683,-0.11483578391453468,0.07578621258038204,0.9271691234211022
RAW,MOTOR_ST_RAW_PegboardNondominant,BASIC_Q_SF36_Physical,Q,423,-0.036258680809881205,0.45701631316708163,-0.13115294112068318,0.05929398902590957,0.846586921074556
RAW,MOTOR_ST_RAW_PegboardNondominant,BASIC_Q_SF36_PhysicalFunct,Q,423,0.009009157157188627,0.853427901746315,-0.08641275136743792,0.10426727111696113,0.9630641215125918
RAW,MOTOR_ST_RAW_PegboardNondominant,BASIC_Q_SF36_PhysicalLimit,Q,423,-0.033569347726341806,0.4910935135804791,-0.12850571163798435,0.06197670457283272,0.846586921074556
RAW,MOTOR_ST_RAW_PegboardNondominant,BASIC_Q_SF36_SocialFunc,Q,423,0.0477024680799772,0.3277039950809561,-0.04786290750112512,0.14240245596947737,0.7421531653304007
RAW,MOTOR_ST_RAW_PegboardNondominant,LANGUAGE_ST_RAW_SUM,ST,423,-0.04136501610433295,0.39610470118123003,-0.13617561133125977,0.054196417504829286,0.846586921074556
RAW,MOTOR_ST_RAW_PegboardNondominant,LANGUAGE_ST_SCALED_SIMILARITY,ST,423,-0.03328621841539824,0.49475859023837687,-0.1282269361989873,0.06225905689739162,0.846586921074556
RAW,MOTOR_ST_RAW_PegboardNondominant,LANGUAGE_ST_SCALED_VOCABULARY,ST,423,-0.04942694901229542,0.31049967080109797,-0.14409554325308518,0.046138168183175905,0.7421531653304007
RAW,MOTOR_ST_RAW_PegboardNondominant,LANGUAGE_ST_SCALED_INFORMATION,ST,423,-0.015644272936883596,0.7483447396507481,-0.11082663869975212,0.07982247364525752,0.9630641215125918
RAW,MOTOR_ST_RAW_PegboardNondominant,LANGUAGE_ST_SCALED_SUM,ST,423,-0.036011552793352324,0.4600914496520934,-0.13090973853656104,0.05954056654626787,0.846586921074556
RAW,MOTOR_ST_RAW_PegboardNondominant,LANGUAGE_ST_NORM_SIMILARITY,ST,423,-0.01747737977312528,0.7200287692133878,-0.11263735754894624,0.07800028182845418,0.955900262576394
RAW,MOTOR_ST_RAW_PegboardNondominant,LANGUAGE_ST_NORM_VOCABULARY,ST,423,-0.023874198425463095,0.6243910800750369,-0.1189511039266207,0.071636551175071,0.9071342106750535
RAW,MOTOR_ST_RAW_PegboardNondominant,LANGUAGE_ST_NORM_INFORMATION,ST,423,0.012821078879538936,0.7926113288364978,-0.08262760985695954,0.10803668811480717,0.9630641215125918
RAW,MOTOR_ST_RAW_PegboardNondominant,LANGUAGE_ST_NORM_VCI,ST,423,-0.008414396723149378,0.8630055114853095,-0.10367889562811386,0.08700308503908435,0.9630641215125918
RAW,MOTOR_ST_RAW_PegboardNondominant,LANGUAGE_ST_NORM_PR,ST,423,-0.012385904752464705,0.7994983442620117,-0.10760650476956046,0.08305986600993767,0.9630641215125918
RAW,MOTOR_ST_RAW_PegboardNondominant,MEMORY_ST_NORM_AudImm,ST,423,0.0630260812889878,0.19576704019588975,-0.03251700587937288,0.15742771642548983,0.6839514615264409
RAW,MOTOR_ST_RAW_PegboardNondominant,MEMORY_ST_NORM_VisImm,ST,423,0.02440518572154256,0.6167020556316519,-0.07110796070513074,0.11947485017193335,0.9071342106750535
RAW,MOTOR_ST_RAW_PegboardNondominant,MEMORY_ST_NORM_ImmMem,ST,423,0.047924514620448506,0.3254548045239763,-0.04764085965034368,0.1426204913083386,0.7421531653304007
RAW,MOTOR_ST_RAW_PegboardNondominant,MEMORY_ST_NORM_WorMem,ST,423,0.0936912749798733,0.05416930806041072,-0.0016713352468634883,0.1873651756117118,0.4171036720651625
RAW,MOTOR_ST_RAW_PegboardNondominant,MEMORY_ST_SCALED_AudImm,ST,423,0.00287888849317945,0.9529243032981933,-0.09249418050653188,0.09819961293557389,0.9783356180528118
RAW,MOTOR_ST_RAW_PegboardNondominant,MEMORY_ST_SCALED_VisImm,ST,423,-0.005859051522767905,0.9043664236534631,-0.10115022403511281,0.08953864875026575,0.9723516251032983
RAW,MOTOR_ST_RAW_PegboardNondominant,MEMORY_ST_SCALED_ImmMem,ST,423,-0.00047953993856603215,0.9921541315131543,-0.09582283840731573,0.09487247769603174,0.9921541315131542
RAW,MOTOR_ST_RAW_PegboardNondominant,MEMORY_ST_SCALED_WorMem,ST,423,0.03417658032094148,0.4832822177004534,-0.061371086818125024,0.1291035558112707,0.846586921074556
RAW,MOTOR_ST_RAW_PegboardNondominant,MEMORY_ST_RAW_AudImm,ST,423,0.011302362389607886,0.8167129143693362,-0.08413598687405835,0.10653523404367317,0.9630641215125918
RAW,MOTOR_ST_RAW_PegboardNondominant,MEMORY_ST_RAW_VisImm,ST,423,-0.010541862533074634,0.8288485838928286,-0.10578321514491563,0.08489114491175569,0.9630641215125918
RAW,MOTOR_ST_RAW_PegboardNondominant,MEMORY_ST_RAW_ImmMem,ST,423,0.001250107935793478,0.9795485863337665,-0.09410878912943799,0.09658627512359837,0.9921541315131542
RAW,MOTOR_ST_RAW_PegboardNondominant,MEMORY_ST_RAW_WorMem,ST,423,0.03406875757885618,0.4846642977434407,-0.06147862795982181,0.12899740515478483,0.846586921074556
RAW,MOTOR_ST_RAW_PegboardNondominant,MEMORY_ST_SCALED_LogMemI,ST,423,0.02473581170955384,0.6119353901021863,-0.07077880002819872,0.1198009406992454,0.9071342106750535
RAW,MOTOR_ST_RAW_PegboardNondominant,MEMORY_ST_SCALED_FacI,ST,423,-0.048667088350018546,0.3180058654541432,-0.1433495839205487,0.046898212922294784,0.7421531653304007
RAW,MOTOR_ST_RAW_PegboardNondominant,MEMORY_ST_SCALED_VerPairI,ST,423,-0.010497058319422969,0.82956484805717,-0.10573890718133078,0.08493563099711468,0.9630641215125918
RAW,MOTOR_ST_RAW_PegboardNondominant,MEMORY_ST_SCALED_FamPicI,ST,423,0.003959976145078805,0.9352797179310056,-0.09142222233658388,0.09927017403339433,0.9731964632525328
RAW,MOTOR_ST_RAW_PegboardNondominant,MEMORY_ST_SCALED_LetNumSeq,ST,423,0.03119264138129363,0.5223057228377396,-0.06434641402578344,0.12616508777080337,0.8559838439542166
RAW,MOTOR_ST_RAW_PegboardNondominant,MEMORY_ST_SCALED_SpaForward,ST,423,0.031179308056776572,0.5224836450110153,-0.06435970505918086,0.12615195388555367,0.8559838439542166
RAW,MOTOR_ST_RAW_PegboardNondominant,MEMORY_ST_SCALED_SpaBackward,ST,423,0.0065130270429143225,0.893751919029695,-0.08888985351375236,0.10179749037443382,0.9723516251032983
RAW,MOTOR_ST_RAW_PegboardNondominant,MEMORY_ST_SCALED_SpaTotal,ST,423,0.026746433303283836,0.5833051865169252,-0.06877664137828966,0.12178353943795273,0.8982899872360648
RAW,MOTOR_ST_RAW_PegboardNondominant,MOTOR_ST_RAW_HEIGHT,ST,423,0.06697586516534358,0.16914436884647044,-0.0285541612970165,0.16129352556291637,0.6839514615264409
RAW,MOTOR_ST_RAW_PegboardNondominant,MOTOR_ST_RAW_WEIGHT,ST,423,0.0714484936090175,0.14237452518491137,-0.02406311489039453,0.1656675716553932,0.6839514615264409
RAW,MOTOR_ST_RAW_PegboardNondominant,MOTOR_ST_RAW_PegboardSum,ST,423,-0.704784199334312,9.35938649503703e-65,-0.7497490867537048,-0.6533407137769979,2.402242533726171e-63
RAW,MOTOR_ST_RAW_PegboardNondominant,MOTOR_ST_NORM_BMI,ST,422,-0.12266320996615623,0.011672887727494204,-0.21559934633138844,-0.027524811843306875,0.0998680394463393
RAW,MOTOR_ST_RAW_PegboardNondominant,MOTOR_ST_NORM_WHR,ST,422,0.004790413988258872,0.9218398523706594,-0.09071176851111225,0.10020529082770081,0.9723516251032983
RAW,MOTOR_ST_RAW_PegboardNondominant,MOTOR_ST_NORM_AerobicRating,ST,411,0.07822452296317843,0.11331813018802878,-0.01864763202473565,0.1736416746679716,0.6232497160341584
RAW,MOTOR_ST_RAW_PegboardNondominant,MOTOR_ST_NORM_FunctionalReaching,ST,422,-0.05189484347389784,0.28750461685379103,-0.1466291549942396,0.04378275304457918,0.7421531653304007
RAW,MOTOR_ST_RAW_PegboardNondominant,MOTOR_ST_NORM_BestLegEyeClose,ST,413,-0.059055432201295936,0.23108986394800632,-0.15467032933414965,0.03765545864307494,0.7039239570120874
RAW,MOTOR_ST_RAW_PegboardNondominant,MOTOR_ST_NORM_PegboardDominant,ST,422,-0.3726358588938605,2.389816859411658e-15,-0.45201736146708343,-0.28739852177508907,3.0669316362449615e-14
RAW,MOTOR_ST_RAW_PegboardNondominant,MOTOR_ST_NORM_PegboardNondominant,ST,422,-0.9351999293262163,1.8292876555803683e-191,-0.9461896957675413,-0.9220555948848137,1.4085514947968835e-189
RAW,MOTOR_ST_RAW_PegboardNondominant,MOTOR_ST_NORM_PegboardSum,ST,422,-0.497488508254123,9.061355220462058e-28,-0.5660663759660801,-0.4220722740420373,1.7443108799389462e-26
RAW,MOTOR_ST_RAW_PegboardNondominant,MOTOR_ST_NORM_PegboardBoth,ST,422,-0.7453852385660825,5.61799054551698e-76,-0.7849899793629592,-0.6997125850404825,2.1629263600240372e-74
RAW,MOTOR_ST_RAW_PegboardNondominant,MOTOR_ST_NORM_PegboardAssemble,ST,422,-0.2875883565116387,1.7669590501581137e-09,-0.3728140488950911,-0.19755110283176036,1.943654955173925e-08
RAW,MOTOR_ST_RAW_PegboardNondominant,MOTOR_ST_NORM_WaisSpeed,ST,422,-0.0754275062425829,0.12184188116597722,-0.16966654594119554,0.020178486522114226,0.6254549899853498
RAW,MOTOR_ST_RAW_PegboardNondominant,MOTOR_ST_SCALED_FineMotor,ST,423,-0.46912718106940726,1.553050060728118e-24,-0.5403068344381837,-0.391281600955026,2.3916970935213015e-23
RAW,MOTOR_ST_RAW_PegboardNondominant,MOTOR_ST_SCALED_Balance,ST,413,-0.07047536499419503,0.15281292510546504,-0.16584383165295571,0.026199111284698293,0.6839514615264409
RAW,MOTOR_ST_RAW_PegboardNondominant,MOTOR_ST_SCALED_ProcessingSpeed,ST,423,-0.12856613573467382,0.00811167631872139,-0.22120221201491216,-0.033630717526665826,0.07807488456769338
RAW,MOTOR_ST_RAW_PegboardBoth,BASIC_Q_BFI_Agreeableness,Q,423,-0.036183497970205744,0.4579506309251839,-0.13107895370958766,0.059369005624279866,0.6186350628287572
RAW,MOTOR_ST_RAW_PegboardBoth,BASIC_Q_BFI_Conscientiousness,Q,423,-0.023329275524794357,0.6323244942811244,-0.11841355709944536,0.07217895857266853,0.7377119099946451
RAW,MOTOR_ST_RAW_PegboardBoth,BASIC_Q_BFI_EmotionalStability,Q,423,0.027432703182122344,0.5736774870192962,-0.06809308390333703,0.12246007093740234,0.7056943338825693
RAW,MOTOR_ST_RAW_PegboardBoth,BASIC_Q_BFI_Extraversion,Q,423,-0.03130811588489787,0.5207661102594092,-0.12627883361915362,0.06423130437043717,0.6573604998356477
RAW,MOTOR_ST_RAW_PegboardBoth,BASIC_Q_BFI_Intellect,Q,423,-0.055497797240795725,0.25473588443504186,-0.15005146674845682,0.040061873393945464,0.4840515411646715
RAW,MOTOR_ST_RAW_PegboardBoth,BASIC_Q_Beck_Anxiety,Q,423,-0.05301941070465636,0.27660088066552657,-0.14762082619841255,0.04254333746285308,0.4840515411646715
RAW,MOTOR_ST_RAW_PegboardBoth,BASIC_Q_Beck_Depression,Q,423,-0.026573196674596358,0.5857473391485772,-0.1216127471297408,0.06894917913195679,0.7056943338825693
RAW,MOTOR_ST_RAW_PegboardBoth,BASIC_Q_CogFailure_Sum,Q,423,-0.08013633543433023,0.09977776256447994,-0.17415334198015908,0.015328466298546065,0.3621085705105773
RAW,MOTOR_ST_RAW_PegboardBoth,BASIC_Q_EHI_Sum,Q,423,0.0032881733196978707,0.9462411335377486,-0.09208837797899447,0.09860493850763455,0.9551886386868419
RAW,MOTOR_ST_RAW_PegboardBoth,BASIC_Q_IPAQ_MET,Q,423,0.02003349930958612,0.6811823410648805,-0.07545831699769301,0.1151612041812924,0.7713388273822912
RAW,MOTOR_ST_RAW_PegboardBoth,BASIC_Q_MOCA_SUM,Q,423,-0.07518007667246182,0.12262807716260068,-0.16931407155559247,0.020313213212739236,0.3635763501203294
RAW,MOTOR_ST_RAW_PegboardBoth,BASIC_Q_MSPSS_Sum,Q,423,0.041507204866220136,0.39448162875987125,-0.05405440145881733,0.13631540067768938,0.5841362579713478
RAW,MOTOR_ST_RAW_PegboardBoth,BASIC_Q_PSQI_DaytimeDysfunc,Q,423,-0.06783960475088048,0.163701190365174,-0.16213851603575397,0.027687165272789773,0.42016638860394656
RAW,MOTOR_ST_RAW_PegboardBoth,BASIC_Q_PSQI_SleepDisturbance,Q,423,0.04950498406623827,0.3097354632284675,-0.046060107959765104,0.14417214459716643,0.5074389503955744
RAW,MOTOR_ST_RAW_PegboardBoth,BASIC_Q_PSQI_SleepDuration,Q,423,0.047883896373245555,0.3258654921385919,-0.04768147884310986,0.14258060750393992,0.5227425603056578
RAW,MOTOR_ST_RAW_PegboardBoth,BASIC_Q_PSQI_SleepEfficiency,Q,423,0.002740265301148428,0.9551886386868419,-0.09263161707515037,0.09806232355776534,0.9551886386868419
RAW,MOTOR_ST_RAW_PegboardBoth,BASIC_Q_PSQI_SleepLatency,Q,423,-0.05450498980360359,0.2633464249043249,-0.1490779228997428,0.041056055186190106,0.4840515411646715
RAW,MOTOR_ST_RAW_PegboardBoth,BASIC_Q_PSQI_SleepMedication,Q,423,-0.06263759108990917,0.19854227773091124,-0.15704732941106378,0.03290661849777825,0.4367930110080047
RAW,MOTOR_ST_RAW_PegboardBoth,BASIC_Q_PSQI_SleepQuality,Q,423,-0.01529221161893227,0.7538233256524385,-0.11047880480444391,0.08017236563349414,0.8177782807942455
RAW,MOTOR_ST_RAW_PegboardBoth,BASIC_Q_PSQI_Sum,Q,423,-0.0374316032110617,0.4425789970904502,-0.1323070768468924,0.058123520371499614,0.608546120999369
RAW,MOTOR_ST_RAW_PegboardBoth,BASIC_Q_SF36_EmotionalLimit,Q,423,0.038352398304921466,0.43142954314496523,-0.05720446746752322,0.13321294336779557,0.6040013604029514
RAW,MOTOR_ST_RAW_PegboardBoth,BASIC_Q_SF36_EmotionalWell,Q,423,0.034864516243429074,0.4745146087241474,-0.06068489534259302,0.12978077219502202,0.6299590495130922
RAW,MOTOR_ST_RAW_PegboardBoth,BASIC_Q_SF36_Energy,Q,423,0.040693315613838946,0.40382627548209366,-0.054867249819504554,0.13551519464461248,0.586691004002287
RAW,MOTOR_ST_RAW_PegboardBoth,BASIC_Q_SF36_GeneralHealth,Q,423,-0.032290691588645414,0.5077603860236989,-0.12724659912690284,0.06325173030653035,0.6516258287304135
RAW,MOTOR_ST_RAW_PegboardBoth,BASIC_Q_SF36_Mental,Q,423,0.0501674488689169,0.30329775825717337,-0.04539738247207848,0.14482239247792852,0.5074389503955744
RAW,MOTOR_ST_RAW_PegboardBoth,BASIC_Q_SF36_Pain,Q,423,-0.025732015626469665,0.5976723225781778,-0.12078335489468116,0.06978688543688527,0.7080118282849184
RAW,MOTOR_ST_RAW_PegboardBoth,BASIC_Q_SF36_Physical,Q,423,-0.04157953877827493,0.39365748417918855,-0.13638651251627706,0.05398215392673172,0.5841362579713478
RAW,MOTOR_ST_RAW_PegboardBoth,BASIC_Q_SF36_PhysicalFunct,Q,423,0.003073272480976083,0.9497497870295978,-0.09230145433719815,0.09839212047526522,0.9551886386868419
RAW,MOTOR_ST_RAW_PegboardBoth,BASIC_Q_SF36_PhysicalLimit,Q,423,-0.0464591089992349,0.3404836268288158,-0.1411813879480986,0.04910609941909246,0.5350456993024248
RAW,MOTOR_ST_RAW_PegboardBoth,BASIC_Q_SF36_SocialFunc,Q,423,0.044316745086298986,0.3632390014895383,-0.05124748086193046,0.13907675619555643,0.559388062293889
RAW,MOTOR_ST_RAW_PegboardBoth,LANGUAGE_ST_RAW_SUM,ST,423,-0.09993928316943419,0.03992621999887282,-0.19344364258461816,-0.004635777617574603,0.2364860723010159
RAW,MOTOR_ST_RAW_PegboardBoth,LANGUAGE_ST_SCALED_SIMILARITY,ST,423,-0.13011614955694073,0.007371557675883372,-0.22270094067638188,-0.03520523554038959,0.05505653866104152
RAW,MOTOR_ST_RAW_PegboardBoth,LANGUAGE_ST_SCALED_VOCABULARY,ST,423,-0.09486388518744115,0.05121337560806891,-0.18850651386853895,0.0004882104797715944,0.2726040610257003
RAW,MOTOR_ST_RAW_PegboardBoth,LANGUAGE_ST_SCALED_INFORMATION,ST,423,-0.03297827801602952,0.4987613226796879,-0.12792371417434448,0.0625661348601759,0.6509257940056944
RAW,MOTOR_ST_RAW_PegboardBoth,LANGUAGE_ST_SCALED_SUM,ST,423,-0.09159055660173805,0.05981929570679002,-0.18531984795841136,0.003790222993369524,0.2726040610257003
RAW,MOTOR_ST_RAW_PegboardBoth,LANGUAGE_ST_NORM_SIMILARITY,ST,423,-0.10612752207051025,0.02907790608295493,-0.1994568949380323,-0.010890038735582875,0.1865832306989608
RAW,MOTOR_ST_RAW_PegboardBoth,LANGUAGE_ST_NORM_VOCABULARY,ST,423,-0.07231853547850958,0.13756600424026516,-0.16651800623686303,0.02318904212673397,0.3766373888182862
RAW,MOTOR_ST_RAW_PegboardBoth,LANGUAGE_ST_NORM_INFORMATION,ST,423,-0.0035816693991885303,0.9414509587187003,-0.09889557595593064,0.09179735953242207,0.9551886386868419
RAW,MOTOR_ST_RAW_PegboardBoth,LANGUAGE_ST_NORM_VCI,ST,423,-0.06563218002721273,0.17787933945922227,-0.15997873272006768,0.029902626683525432,0.4257158001678619
RAW,MOTOR_ST_RAW_PegboardBoth,LANGUAGE_ST_NORM_PR,ST,423,-0.0627481400385209,0.19774965329580632,-0.15715557536524322,0.03279575310882211,0.4367930110080047
RAW,MOTOR_ST_RAW_PegboardBoth,MEMORY_ST_NORM_AudImm,ST,423,-0.03923253184611489,0.42092571340697077,-0.1340786594422948,0.056325847770526495,0.6002088876358657
RAW,MOTOR_ST_RAW_PegboardBoth,MEMORY_ST_NORM_VisImm,ST,423,-0.00775906105438512,0.8735818099592311,-0.10303051798299193,0.08765346550006586,0.9214493063953533
RAW,MOTOR_ST_RAW_PegboardBoth,MEMORY_ST_NORM_ImmMem,ST,423,-0.02242097914831308,0.6456420263433073,-0.1175174315317749,0.07308293647951167,0.7420065078870846
RAW,MOTOR_ST_RAW_PegboardBoth,MEMORY_ST_NORM_WorMem,ST,423,-0.018659775410953934,0.7019625226371883,-0.11380497721015179,0.07682458808481218,0.7833494817835289
RAW,MOTOR_ST_RAW_PegboardBoth,MEMORY_ST_SCALED_AudImm,ST,423,-0.07154221594451923,0.14185044513935455,-0.1657591885967775,0.023968965357730514,0.3766373888182862
RAW,MOTOR_ST_RAW_PegboardBoth,MEMORY_ST_SCALED_VisImm,ST,423,-0.06176750783112678,0.2048616031299778,-0.15619529283911687,0.03377911025262873,0.4381762066946748
RAW,MOTOR_ST_RAW_PegboardBoth,MEMORY_ST_SCALED_ImmMem,ST,423,-0.0749023851957195,0.12401990906609775,-0.16904280040362535,0.020592360456733363,0.3635763501203294
RAW,MOTOR_ST_RAW_PegboardBoth,MEMORY_ST_SCALED_WorMem,ST,423,-0.07928098543854574,0.10345959157445066,-0.17331850591243567,0.016189071709840325,0.3621085705105773
RAW,MOTOR_ST_RAW_PegboardBoth,MEMORY_ST_RAW_AudImm,ST,423,-0.0799101633292698,0.10074103433504292,-0.17393260732163626,0.015556041799787652,0.3621085705105773
RAW,MOTOR_ST_RAW_PegboardBoth,MEMORY_ST_RAW_VisImm,ST,423,-0.0649485842812115,0.1824496286433694,-0.1593097073421345,0.03058852093333654,0.4257158001678619
RAW,MOTOR_ST_RAW_PegboardBoth,MEMORY_ST_RAW_ImmMem,ST,423,-0.08070679287610619,0.09738067239475134,-0.17471004298075327,0.014754425235631577,0.3621085705105773
RAW,MOTOR_ST_RAW_PegboardBoth,MEMORY_ST_RAW_WorMem,ST,423,-0.07777433271773077,0.11020582228082272,-0.17184765862570894,0.01770463760971855,0.3635763501203294
RAW,MOTOR_ST_RAW_PegboardBoth,MEMORY_ST_SCALED_LogMemI,ST,423,-0.08402120767913386,0.08434728350124802,-0.17794334290794617,0.011417943841542474,0.360818934977561
RAW,MOTOR_ST_RAW_PegboardBoth,MEMORY_ST_SCALED_FacI,ST,423,-0.06546078124724969,0.1790171965028309,-0.1598109953272769,0.030074610221562714,0.4257158001678619
RAW,MOTOR_ST_RAW_PegboardBoth,MEMORY_ST_SCALED_VerPairI,ST,423,-0.05089328088834552,0.2963467199549328,-0.14553474512977257,0.04467116824663522,0.5070821652562183
RAW,MOTOR_ST_RAW_PegboardBoth,MEMORY_ST_SCALED_FamPicI,ST,423,-0.053673065195047776,0.27071411443071147,-0.14826199903607545,0.04188898575031853,0.4840515411646715
RAW,MOTOR_ST_RAW_PegboardBoth,MEMORY_ST_SCALED_LetNumSeq,ST,423,-0.07621747255994848,0.11753582714539847,-0.17032735632933624,0.019270247171794375,0.3635763501203294
RAW,MOTOR_ST_RAW_PegboardBoth,MEMORY_ST_SCALED_SpaForward,ST,423,-0.09146022289779047,0.060185312174505255,-0.1851929240695463,0.003921655758214739,0.2726040610257003
RAW,MOTOR_ST_RAW_PegboardBoth,MEMORY_ST_SCALED_SpaBackward,ST,423,-0.013564612354436699,0.7808817482976935,-0.10877161189918266,0.08188897888812131,0.8351096474850334
RAW,MOTOR_ST_RAW_PegboardBoth,MEMORY_ST_SCALED_SpaTotal,ST,423,-0.0553832221532373,0.25571950514149067,-0.14993912413678934,0.040176616747656387,0.4840515411646715
RAW,MOTOR_ST_RAW_PegboardBoth,MOTOR_ST_RAW_HEIGHT,ST,423,0.05875688785032532,0.22784952512419024,-0.03679694064021042,0.15324603233571318,0.4741733360692608
RAW,MOTOR_ST_RAW_PegboardBoth,MOTOR_ST_RAW_WEIGHT,ST,423,0.1408832064103162,0.0036906427331366044,0.04615552862553431,0.2330996845017647,0.03157549893905762
RAW,MOTOR_ST_RAW_PegboardBoth,MOTOR_ST_RAW_PegboardSum,ST,423,-0.6996119934911219,1.9250168656998915e-63,-0.7452469469880297,-0.6474535997823042,4.940876621963055e-62
RAW,MOTOR_ST_RAW_PegboardBoth,MOTOR_ST_NORM_BMI,ST,422,-0.05419477710070059,0.26664669057726714,-0.14888522400145401,0.04148052153577121,0.4840515411646715
RAW,MOTOR_ST_RAW_PegboardBoth,MOTOR_ST_NORM_WHR,ST,422,-0.015295518388199033,0.7540552978752134,-0.11059473704708361,0.08028240397314164,0.8177782807942455
RAW,MOTOR_ST_RAW_PegboardBoth,MOTOR_ST_NORM_AerobicRating,ST,411,0.05815866397760207,0.23940971715372236,-0.03879061547720067,0.15402322121832768,0.4840515411646715
RAW,MOTOR_ST_RAW_PegboardBoth,MOTOR_ST_NORM_FunctionalReaching,ST,422,-0.1292201848155523,0.007865219808720217,-0.22194311708371928,-0.03418112399340191,0.05505653866104152
RAW,MOTOR_ST_RAW_PegboardBoth,MOTOR_ST_NORM_BestLegEyeClose,ST,413,-0.02683716800725563,0.586551134655642,-0.12301490411514156,0.0698400020565899,0.7056943338825693
RAW,MOTOR_ST_RAW_PegboardBoth,MOTOR_ST_NORM_PegboardDominant,ST,422,-0.4391707245179566,2.5191060512653942e-21,-0.5131196309586615,-0.3587501001145017,3.2328527657905894e-20
RAW,MOTOR_ST_RAW_PegboardBoth,MOTOR_ST_NORM_PegboardNondominant,ST,422,-0.49377149233528433,2.545986012080264e-27,-0.5627084931799684,-0.4180142149126217,3.920818458603607e-26
RAW,MOTOR_ST_RAW_PegboardBoth,MOTOR_ST_NORM_PegboardSum,ST,422,-0.9166296725135481,2.3610632574806802e-169,-0.930656008012546,-0.8999132837600714,1.8180187082601237e-167
RAW,MOTOR_ST_RAW_PegboardBoth,MOTOR_ST_NORM_PegboardBoth,ST,422,-0.7576975962139707,7.29786712945712e-80,-0.7956114475188086,-0.7138714638375505,2.809678844840991e-78
RAW,MOTOR_ST_RAW_PegboardBoth,MOTOR_ST_NORM_PegboardAssemble,ST,422,-0.4162851420072722,4.070907663626176e-19,-0.492186890889731,-0.3341012481286432,4.477998429988793e-18
RAW,MOTOR_ST_RAW_PegboardBoth,MOTOR_ST_NORM_WaisSpeed,ST,422,-0.09316015289515865,0.05584551109131172,-0.1869582089410027,0.00232119010377209,0.2726040610257003
RAW,MOTOR_ST_RAW_PegboardBoth,MOTOR_ST_SCALED_FineMotor,ST,423,-0.535541154859119,9.092064901959813e-33,-0.6002390635067097,-0.4638804183661658,1.750222493627264e-31
RAW,MOTOR_ST_RAW_PegboardBoth,MOTOR_ST_SCALED_Balance,ST,413,-0.07511693618316907,0.12748781108115448,-0.17037825451072552,0.021535470097687606,0.3635763501203294
RAW,MOTOR_ST_RAW_PegboardBoth,MOTOR_ST_SCALED_ProcessingSpeed,ST,423,-0.1498410533723039,0.002000758140307226,-0.24173506505589892,-0.05528320455917518,0.01925729710045705
RAW,MOTOR_ST_RAW_PegboardAssemble,BASIC_Q_BFI_Agreeableness,Q,423,-0.01704981327316809,0.726600886436772,-0.11221506948637237,0.07842535948577395,0.8003480340581188
RAW,MOTOR_ST_RAW_PegboardAssemble,BASIC_Q_BFI_Conscientiousness,Q,423,-0.06441060278827831,0.18610695659796003,-0.1587831315994509,0.031128248060308852,0.39806210161230343
RAW,MOTOR_ST_RAW_PegboardAssemble,BASIC_Q_BFI_EmotionalStability,Q,423,-0.1218591563409163,0.01213443412622774,-0.21471209885850304,-0.026823134232417736,0.06229009518130239
RAW,MOTOR_ST_RAW_PegboardAssemble,BASIC_Q_BFI_Extraversion,Q,423,-0.027340888641566616,0.5749611977811272,-0.12236956439010321,0.06818454075435336,0.7633105556749448
RAW,MOTOR_ST_RAW_PegboardAssemble,BASIC_Q_BFI_Intellect,Q,423,-0.03577412836239485,0.4630566745393583,-0.13067607464595415,0.059777451114258445,0.687601256066291
RAW,MOTOR_ST_RAW_PegboardAssemble,BASIC_Q_Beck_Anxiety,Q,423,0.08249435362703349,0.09016517576545108,-0.012955227373497054,0.17645410799549247,0.26190027969865226
RAW,MOTOR_ST_RAW_PegboardAssemble,BASIC_Q_Beck_Depression,Q,423,0.054057420875794744,0.26729286933047885,-0.041504181817386285,0.14863897825173017,0.5416197615380756
RAW,MOTOR_ST_RAW_PegboardAssemble,BASIC_Q_CogFailure_Sum,Q,423,0.07300075757388512,0.1338835781069013,-0.022503557153142992,0.16718475574153677,0.32215735981973126
RAW,MOTOR_ST_RAW_PegboardAssemble,BASIC_Q_EHI_Sum,Q,423,-0.07070389196758749,0.14659098751338587,-0.16493963907788703,0.02481105031679838,0.32279772850193006
RAW,MOTOR_ST_RAW_PegboardAssemble,BASIC_Q_IPAQ_MET,Q,423,0.012822423344258642,0.7925900761538327,-0.08262627435163142,0.10803801710532362,0.8247221062681772
RAW,MOTOR_ST_RAW_PegboardAssemble,BASIC_Q_MOCA_SUM,Q,423,-0.03584059744654441,0.462225465132934,-0.1307414919960048,0.0597111342542572,0.687601256066291
RAW,MOTOR_ST_RAW_PegboardAssemble,BASIC_Q_MSPSS_Sum,Q,423,-0.04467782161813464,0.3593387440090464,-0.1394315332949065,0.05088663147669983,0.6148685175265906
RAW,MOTOR_ST_RAW_PegboardAssemble,BASIC_Q_PSQI_DaytimeDysfunc,Q,423,0.13036417703525405,0.007258900517794052,0.035457227826255704,0.22294072108305596,0.0465779449891785
RAW,MOTOR_ST_RAW_PegboardAssemble,BASIC_Q_PSQI_SleepDisturbance,Q,423,0.13826685342205372,0.004385542807104819,0.043492554414780484,0.23057476834310203,0.03069879964973373
RAW,MOTOR_ST_RAW_PegboardAssemble,BASIC_Q_PSQI_SleepDuration,Q,423,0.10725507639080248,0.027401511570097098,0.012030426037146236,0.20055180855083551,0.1110482310998672
RAW,MOTOR_ST_RAW_PegboardAssemble,BASIC_Q_PSQI_SleepEfficiency,Q,423,0.022831066632218865,0.639614926631467,-0.07267481817513162,0.11792204318475612,0.7937372491899287
RAW,MOTOR_ST_RAW_PegboardAssemble,BASIC_Q_PSQI_SleepLatency,Q,423,0.11775294227168577,0.015389136678565,0.022659673291631054,0.21073460562271001,0.06594300592794647
RAW,MOTOR_ST_RAW_PegboardAssemble,BASIC_Q_PSQI_SleepMedication,Q,423,-0.03789985241319009,0.43688880005305153,-0.13276775427146434,0.057656177359522554,0.687601256066291
RAW,MOTOR_ST_RAW_PegboardAssemble,BASIC_Q_PSQI_SleepQuality,Q,423,0.09787357872541207,0.044236992376798026,0.0025496927271207778,0.1914347855163954,0.14809775708754122
RAW,MOTOR_ST_RAW_PegboardAssemble,BASIC_Q_PSQI_Sum,Q,423,0.15331338935708327,0.0015637930835610146,0.058825627063188786,0.24507849310844937,0.012041206743419812
RAW,MOTOR_ST_RAW_PegboardAssemble,BASIC_Q_SF36_EmotionalLimit,Q,423,-0.023205395972558558,0.6341339715396899,-0.11829134660465943,0.07230225838468506,0.7937372491899287
RAW,MOTOR_ST_RAW_PegboardAssemble,BASIC_Q_SF36_EmotionalWell,Q,423,-0.12219507628656939,0.011897265594628987,-0.21503735221768425,-0.027163883375322214,0.06229009518130239
RAW,MOTOR_ST_RAW_PegboardAssemble,BASIC_Q_SF36_Energy,Q,423,-0.1566298072460645,0.0012299747180762011,-0.24826975482907174,-0.06221120760273831,0.01052311703242972
RAW,MOTOR_ST_RAW_PegboardAssemble,BASIC_Q_SF36_GeneralHealth,Q,423,-0.1259373578208449,0.009519390367682953,-0.21865941149416115,-0.030961458118779556,0.05638408140858364
RAW,MOTOR_ST_RAW_PegboardAssemble,BASIC_Q_SF36_Mental,Q,423,-0.09943084020635339,0.0409528750127765,-0.19294926449958247,-0.004122241336628012,0.14333506254471776
RAW,MOTOR_ST_RAW_PegboardAssemble,BASIC_Q_SF36_Pain,Q,423,-0.046408473618302935,0.3410107276393211,-0.1411316542547428,0.049156721718091774,0.6148685175265906
RAW,MOTOR_ST_RAW_PegboardAssemble,BASIC_Q_SF36_Physical,Q,423,-0.07068027919680678,0.14672624022815003,-0.16491655323610743,0.024834767059297987,0.32279772850193006
RAW,MOTOR_ST_RAW_PegboardAssemble,BASIC_Q_SF36_PhysicalFunct,Q,423,-0.03566785339186828,0.46438738800309537,-0.13057147953744974,0.059883480946822096,0.687601256066291
RAW,MOTOR_ST_RAW_PegboardAssemble,BASIC_Q_SF36_PhysicalLimit,Q,423,-0.013432675211534868,0.7829595783757671,-0.10864121010760883,0.08202005375315413,0.8247221062681772
RAW,MOTOR_ST_RAW_PegboardAssemble,BASIC_Q_SF36_SocialFunc,Q,423,-0.027964324046758644,0.5662713314565441,-0.12298408724385226,0.06756350255605728,0.7633105556749448
RAW,MOTOR_ST_RAW_PegboardAssemble,LANGUAGE_ST_RAW_SUM,ST,423,-0.0015279491323966948,0.9750045298106573,-0.09686151750452288,0.09383340089676562,0.9750045298106572
RAW,MOTOR_ST_RAW_PegboardAssemble,LANGUAGE_ST_SCALED_SIMILARITY,ST,423,-0.045141298483409475,0.35437097324361516,-0.13988688857652581,0.050423409603500696,0.6148685175265906
RAW,MOTOR_ST_RAW_PegboardAssemble,LANGUAGE_ST_SCALED_VOCABULARY,ST,423,-0.03012964836608401,0.5365871939305011,-0.1251178904616258,0.06540592904618926,0.7512220715027016
RAW,MOTOR_ST_RAW_PegboardAssemble,LANGUAGE_ST_SCALED_INFORMATION,ST,423,0.08803702291443809,0.0704805582156743,-0.007372542917141463,0.18185816238732044,0.22612512427528839
RAW,MOTOR_ST_RAW_PegboardAssemble,LANGUAGE_ST_SCALED_SUM,ST,423,0.016341839051492675,0.7375271513453417,-0.079129136299932,0.11151575983085454,0.8003480340581188
RAW,MOTOR_ST_RAW_PegboardAssemble,LANGUAGE_ST_NORM_SIMILARITY,ST,423,-0.04816482802906477,0.32303188305886077,-0.14285645317479223,0.04740053418047905,0.6148685175265906
RAW,MOTOR_ST_RAW_PegboardAssemble,LANGUAGE_ST_NORM_VOCABULARY,ST,423,-0.023057475075848058,0.6362974721238055,-0.11814541490640863,0.0724494832068888,0.7937372491899287
RAW,MOTOR_ST_RAW_PegboardAssemble,LANGUAGE_ST_NORM_INFORMATION,ST,423,0.10087871869591489,0.038086498926873165,0.0055847561840202285,0.19435696593619972,0.1396504960652016
RAW,MOTOR_ST_RAW_PegboardAssemble,LANGUAGE_ST_NORM_VCI,ST,423,0.018537886238124322,0.7038173764881892,-0.07694579865889302,0.11368462339239749,0.7969696763175084
RAW,MOTOR_ST_RAW_PegboardAssemble,LANGUAGE_ST_NORM_PR,ST,423,0.022024363289075904,0.6514932771828961,-0.07347761742395574,0.11712608158287438,0.7937372491899287
RAW,MOTOR_ST_RAW_PegboardAssemble,MEMORY_ST_NORM_AudImm,ST,423,-0.01973087242095126,0.6857401557983839,-0.11486246226395903,0.07575933285281294,0.7969696763175084
RAW,MOTOR_ST_RAW_PegboardAssemble,MEMORY_ST_NORM_VisImm,ST,423,-0.008968205982602565,0.8540866781474331,-0.10422676170381102,0.08645339989329805,0.8768623228980313
RAW,MOTOR_ST_RAW_PegboardAssemble,MEMORY_ST_NORM_ImmMem,ST,423,-0.016312361251599027,0.7379832521834602,-0.11148664075183373,0.07915843726946367,0.8003480340581188
RAW,MOTOR_ST_RAW_PegboardAssemble,MEMORY_ST_NORM_WorMem,ST,423,-0.07592319844969779,0.11896322881697831,-0.1700399419459789,0.01956612246168712,0.31586788341059757
RAW,MOTOR_ST_RAW_PegboardAssemble,MEMORY_ST_SCALED_AudImm,ST,423,-0.027386415310457265,0.5743244946264994,-0.12241444268197763,0.06813919164816243,0.7633105556749448
RAW,MOTOR_ST_RAW_PegboardAssemble,MEMORY_ST_SCALED_VisImm,ST,423,-0.018587829862901768,0.7030571440845576,-0.11373393824896615,0.07689613342867363,0.7969696763175084
RAW,MOTOR_ST_RAW_PegboardAssemble,MEMORY_ST_SCALED_ImmMem,ST,423,-0.026555546789078118,0.5859964184568522,-0.12159534596327483,0.06896675749316393,0.7647749867996207
RAW,MOTOR_ST_RAW_PegboardAssemble,MEMORY_ST_SCALED_WorMem,ST,423,-0.07387396252605263,0.1292817097595312,-0.1680380309900615,0.021626044860706562,0.32215735981973126
RAW,MOTOR_ST_RAW_PegboardAssemble,MEMORY_ST_RAW_AudImm,ST,423,-0.039315091942519344,0.41994814464556535,-0.13415985969557537,0.05624342208517642,0.687601256066291
RAW,MOTOR_ST_RAW_PegboardAssemble,MEMORY_ST_RAW_VisImm,ST,423,-0.021119990141137992,0.6649152232974201,-0.11623360541983392,0.07437746666993576,0.7937372491899287
RAW,MOTOR_ST_RAW_PegboardAssemble,MEMORY_ST_RAW_ImmMem,ST,423,-0.03412471896573943,0.48394671421243746,-0.1290524989793297,0.06142281300405357,0.6900721665621794
RAW,MOTOR_ST_RAW_PegboardAssemble,MEMORY_ST_RAW_WorMem,ST,423,-0.07169189977416911,0.14101650155648912,-0.16590550653120617,0.02381859573825759,0.32279772850193006
RAW,MOTOR_ST_RAW_PegboardAssemble,MEMORY_ST_SCALED_LogMemI,ST,423,-0.05520470504502336,0.25725729984176354,-0.14976408053778972,0.04035539100539031,0.535373299670697
RAW,MOTOR_ST_RAW_PegboardAssemble,MEMORY_ST_SCALED_FacI,ST,423,-0.03496162855794557,0.4732839814482262,-0.12987636415628667,0.060588022007604846,0.687601256066291
RAW,MOTOR_ST_RAW_PegboardAssemble,MEMORY_ST_SCALED_VerPairI,ST,423,-0.005946179758289596,0.9029512425005563,-0.10123646307406063,0.08945221535103928,0.9148321799018794
RAW,MOTOR_ST_RAW_PegboardAssemble,MEMORY_ST_SCALED_FamPicI,ST,423,-0.012898288929257023,0.7913910769486225,-0.1081130089590849,0.08255091377257907,0.8247221062681772
RAW,MOTOR_ST_RAW_PegboardAssemble,MEMORY_ST_SCALED_LetNumSeq,ST,423,-0.07340891717116096,0.1317170646177003,-0.16758361721884416,0.02209340250427433,0.32215735981973126
RAW,MOTOR_ST_RAW_PegboardAssemble,MEMORY_ST_SCALED_SpaForward,ST,423,-0.0846680936750069,0.08197548897631951,-0.17857416098711737,0.010766503073659074,0.2524845060470641
RAW,MOTOR_ST_RAW_PegboardAssemble,MEMORY_ST_SCALED_SpaBackward,ST,423,-0.036630102332144934,0.452416245768717,-0.13151844142440333,0.05892337293967913,0.687601256066291
RAW,MOTOR_ST_RAW_PegboardAssemble,MEMORY_ST_SCALED_SpaTotal,ST,423,-0.04748047440027778,0.3299626738202256,-0.1421844633490404,0.04808489304920978,0.6148685175265906
RAW,MOTOR_ST_RAW_PegboardAssemble,MOTOR_ST_RAW_HEIGHT,ST,423,0.0773308025299193,0.11225640857562043,-0.018150708093055776,0.17141458896024814,0.30870512358295615
RAW,MOTOR_ST_RAW_PegboardAssemble,MOTOR_ST_RAW_WEIGHT,ST,423,0.10178869997267762,0.03637345443119323,0.006504144979061198,0.19524149923241899,0.1396504960652016
RAW,MOTOR_ST_RAW_PegboardAssemble,MOTOR_ST_RAW_PegboardSum,ST,423,-0.43924848732882654,2.2202380813525394e-21,-0.5131065839598667,-0.35893341420579433,3.4191666452829106e-20
RAW,MOTOR_ST_RAW_PegboardAssemble,MOTOR_ST_NORM_BMI,ST,422,-0.15940664206645777,0.001016370679434914,-0.25104714057805283,-0.06493404764928283,0.009782567789561047
RAW,MOTOR_ST_RAW_PegboardAssemble,MOTOR_ST_NORM_WHR,ST,422,-0.045161599629271174,0.3547272611510419,-0.1400186574296372,0.050516886994258624,0.6148685175265906
RAW,MOTOR_ST_RAW_PegboardAssemble,MOTOR_ST_NORM_AerobicRating,ST,411,-0.021079627913516828,0.6700379376278619,-0.1175709475266662,0.07580599785138888,0.7937372491899287
RAW,MOTOR_ST_RAW_PegboardAssemble,MOTOR_ST_NORM_FunctionalReaching,ST,422,-0.04324795794891875,0.375506168013614,-0.13813835680228143,0.05242919529946699,0.6285646725445277
RAW,MOTOR_ST_RAW_PegboardAssemble,MOTOR_ST_NORM_BestLegEyeClose,ST,413,-0.05324275013570631,0.2803618092398783,-0.14897367010931922,0.04347692880794581,0.5535348541402726
RAW,MOTOR_ST_RAW_PegboardAssemble,MOTOR_ST_NORM_PegboardDominant,ST,422,-0.4077356702996676,2.468122438183213e-18,-0.4843443644411316,-0.3249218148845989,3.167423795668457e-17
RAW,MOTOR_ST_RAW_PegboardAssemble,MOTOR_ST_NORM_PegboardNondominant,ST,422,-0.3280584039710879,4.799336078560018e-12,-0.4106586371360602,-0.2401173841059191,5.2792696864160205e-11
RAW,MOTOR_ST_RAW_PegboardAssemble,MOTOR_ST_NORM_PegboardSum,ST,422,-0.4521016510992747,1.1947449464099931e-22,-0.5249083866611735,-0.37272708396998044,2.299884021839237e-21
RAW,MOTOR_ST_RAW_PegboardAssemble,MOTOR_ST_NORM_PegboardBoth,ST,422,-0.48532648651790894,2.541152458102321e-26,-0.5550709674723594,-0.4088055881229889,6.52229130912929e-25
RAW,MOTOR_ST_RAW_PegboardAssemble,MOTOR_ST_NORM_PegboardAssemble,ST,422,-0.8952243136145044,1.589675656051525e-149,-0.912687859523034,-0.8744970273074133,1.2240502551596743e-147
RAW,MOTOR_ST_RAW_PegboardAssemble,MOTOR_ST_NORM_WaisSpeed,ST,422,-0.11786247148511479,0.015415248139000472,-0.2109497270738898,-0.022656686826304284,0.06594300592794647
RAW,MOTOR_ST_RAW_PegboardAssemble,MOTOR_ST_SCALED_FineMotor,ST,423,-0.6735722526806336,3.085086671067236e-57,-0.7225173051346914,-0.6179088753537922,1.1877583683608859e-55
RAW,MOTOR_ST_RAW_PegboardAssemble,MOTOR_ST_SCALED_Balance,ST,413,-0.0830609346662605,0.09183516301121572,-0.17812951976983163,0.013543927181784718,0.26190027969865226
RAW,MOTOR_ST_RAW_PegboardAssemble,MOTOR_ST_SCALED_ProcessingSpeed,ST,423,-0.11897388861442981,0.014349512049620644,-0.21191759967501017,-0.023897297006816073,0.06594300592794647
RAW,MOTOR_ST_RAW_SymbolSearch,BASIC_Q_BFI_Agreeableness,Q,423,-0.046722962452491884,0.33774540542159665,-0.14144053510475477,0.04884230618864152,0.5498149655860421
RAW,MOTOR_ST_RAW_SymbolSearch,BASIC_Q_BFI_Conscientiousness,Q,423,0.004828860649694227,0.9211210441810245,-0.09056051506067715,0.10013043830566634,0.9332410579202485
RAW,MOTOR_ST_RAW_SymbolSearch,BASIC_Q_BFI_EmotionalStability,Q,423,-0.007309972942894955,0.8808426693828316,-0.10258615130640732,0.08809911094311561,0.9165525073307842
RAW,MOTOR_ST_RAW_SymbolSearch,BASIC_Q_BFI_Extraversion,Q,423,0.02123994323091078,0.6631286925535278,-0.07425812256053319,0.11635198936822111,0.8235630536551878
RAW,MOTOR_ST_RAW_SymbolSearch,BASIC_Q_BFI_Intellect,Q,423,-0.013580814849497318,0.7806266882138513,-0.1087876256200553,0.08187288205713962,0.8839449263598022
RAW,MOTOR_ST_RAW_SymbolSearch,BASIC_Q_Beck_Anxiety,Q,423,0.01635633618943831,0.7373028754016043,-0.07911472606637927,0.11153008049045889,0.8549541267042998
RAW,MOTOR_ST_RAW_SymbolSearch,BASIC_Q_Beck_Depression,Q,423,0.07175806668545175,0.14064906051241657,-0.02375212429993041,0.16597018424496676,0.3493541180469702
RAW,MOTOR_ST_RAW_SymbolSearch,BASIC_Q_CogFailure_Sum,Q,423,-0.01592913382835352,0.743921123236209,-0.11110806202086121,0.0795393507893517,0.8549541267042998
RAW,MOTOR_ST_RAW_SymbolSearch,BASIC_Q_EHI_Sum,Q,423,0.026797950430088098,0.5825798523259182,-0.06872533098065023,0.12183432858682965,0.773424976363719
RAW,MOTOR_ST_RAW_SymbolSearch,BASIC_Q_IPAQ_MET,Q,423,-0.06467525066167619,0.1843011248530627,-0.15904217538059096,0.030862748424074386,0.3642531232842205
RAW,MOTOR_ST_RAW_SymbolSearch,BASIC_Q_MOCA_SUM,Q,423,-0.048762398412536254,0.3170579115943264,-0.14344315622699,0.04680288583968456,0.5425213153947362
RAW,MOTOR_ST_RAW_SymbolSearch,BASIC_Q_MSPSS_Sum,Q,423,-0.009865217256966116,0.83968056355753,-0.10511402409586423,0.0855629452160135,0.9106394844215465
RAW,MOTOR_ST_RAW_SymbolSearch,BASIC_Q_PSQI_DaytimeDysfunc,Q,423,0.028840742082291808,0.55416246950749,-0.06669032928856476,0.12384785291734232,0.748605441264504
RAW,MOTOR_ST_RAW_SymbolSearch,BASIC_Q_PSQI_SleepDisturbance,Q,423,-0.018387252819768784,0.7061120741886687,-0.11353588354279272,0.07709558955028234,0.8513141430613305
RAW,MOTOR_ST_RAW_SymbolSearch,BASIC_Q_PSQI_SleepDuration,Q,423,0.11102961057484234,0.02238033686880312,0.015849722548992588,0.20421538142189796,0.10136976111163766
RAW,MOTOR_ST_RAW_SymbolSearch,BASIC_Q_PSQI_SleepEfficiency,Q,423,0.04417417168150738,0.36478628531005086,-0.0513899577051423,0.1389366634634642,0.5732355912015086
RAW,MOTOR_ST_RAW_SymbolSearch,BASIC_Q_PSQI_SleepLatency,Q,423,0.07773130514760487,0.11040345216832759,-0.017747913282803778,0.17180564744006008,0.3148542895170824
RAW,MOTOR_ST_RAW_SymbolSearch,BASIC_Q_PSQI_SleepMedication,Q,423,0.02266411950018758,0.642065735961232,-0.07284096751176404,0.11775732908080166,0.8235630536551878
RAW,MOTOR_ST_RAW_SymbolSearch,BASIC_Q_PSQI_SleepQuality,Q,423,0.10918423501731465,0.024725745428720358,0.013982115542146336,0.20242458108735678,0.10577124433397042
RAW,MOTOR_ST_RAW_SymbolSearch,BASIC_Q_PSQI_Sum,Q,423,0.11122788030688455,0.022140198976400554,0.016050420377809505,0.2044077504174137,0.10136976111163766
RAW,MOTOR_ST_RAW_SymbolSearch,BASIC_Q_SF36_EmotionalLimit,Q,423,-0.04144490102404935,0.39519232768149654,-0.1362541486688498,0.05411663009673015,0.5851886390668314
RAW,MOTOR_ST_RAW_SymbolSearch,BASIC_Q_SF36_EmotionalWell,Q,423,0.008128020092488315,0.8676243783839833,-0.08728730628831118,0.10339556955996553,0.9151654402132426
RAW,MOTOR_ST_RAW_SymbolSearch,BASIC_Q_SF36_Energy,Q,423,-0.06634116541888593,0.1732295921498106,-0.16067251502800217,0.029191162362138322,0.3642531232842205
RAW,MOTOR_ST_RAW_SymbolSearch,BASIC_Q_SF36_GeneralHealth,Q,423,-0.08295731766537275,0.08836807016914655,-0.1769057108176231,0.012489148627932541,0.2617054385778571
RAW,MOTOR_ST_RAW_SymbolSearch,BASIC_Q_SF36_Mental,Q,423,-0.05269118320833865,0.27958942882116644,-0.14729883627524412,0.042871884147007454,0.5125806195054718
RAW,MOTOR_ST_RAW_SymbolSearch,BASIC_Q_SF36_Pain,Q,423,0.005415799815631834,0.9115705375570379,-0.08997834333475958,0.1007114738056786,0.9332410579202485
RAW,MOTOR_ST_RAW_SymbolSearch,BASIC_Q_SF36_Physical,Q,423,-0.03271167208200517,0.502240576823961,-0.1276611789367291,0.06283197951165054,0.7031368075535452
RAW,MOTOR_ST_RAW_SymbolSearch,BASIC_Q_SF36_PhysicalFunct,Q,423,-0.06853567794661632,0.15941119514870522,-0.16281937901862448,0.02698836317094841,0.3610194713661854
RAW,MOTOR_ST_RAW_SymbolSearch,BASIC_Q_SF36_PhysicalLimit,Q,423,0.017439644258307792,0.7206079806862135,-0.07803779908354545,0.11260008927343322,0.8536433001975144
RAW,MOTOR_ST_RAW_SymbolSearch,BASIC_Q_SF36_SocialFunc,Q,423,-0.06464721072327687,0.18449184166343635,-0.15901472982166692,0.030890879246896763,0.3642531232842205
RAW,MOTOR_ST_RAW_SymbolSearch,LANGUAGE_ST_RAW_SUM,ST,423,-0.12907505290279062,0.007861672728335014,-0.22169433894170792,-0.03414762821750685,0.0605348800081796
RAW,MOTOR_ST_RAW_SymbolSearch,LANGUAGE_ST_SCALED_SIMILARITY,ST,423,-0.10396071556967235,0.032547234347863545,-0.19735215923575428,-0.008699266513954532,0.1218976633945954
RAW,MOTOR_ST_RAW_SymbolSearch,LANGUAGE_ST_SCALED_VOCABULARY,ST,423,-0.13965827948960868,0.00400250904481445,-0.2319177213428155,-0.0449086068931543,0.05136553274178545
RAW,MOTOR_ST_RAW_SymbolSearch,LANGUAGE_ST_SCALED_INFORMATION,ST,423,-0.07331529283379677,0.13221161449653643,-0.16749212842473488,0.022187487311340664,0.3493541180469702
RAW,MOTOR_ST_RAW_SymbolSearch,LANGUAGE_ST_SCALED_SUM,ST,423,-0.11869030070816358,0.014585318331174697,-0.21164285118980808,-0.023609809479080233,0.09683433065960724
RAW,MOTOR_ST_RAW_SymbolSearch,LANGUAGE_ST_NORM_SIMILARITY,ST,423,-0.07057067984673507,0.1473552650941639,-0.16480939829013488,0.024944847589398963,0.35457360663283194
RAW,MOTOR_ST_RAW_SymbolSearch,LANGUAGE_ST_NORM_VOCABULARY,ST,423,-0.14470529831374312,0.0028538439562855278,-0.23678596764020127,-0.050048148578762046,0.05136553274178545
RAW,MOTOR_ST_RAW_SymbolSearch,LANGUAGE_ST_NORM_INFORMATION,ST,423,-0.06890696553528175,0.15715783450007909,-0.16318251671370612,0.026615581790257668,0.3610194713661854
RAW,MOTOR_ST_RAW_SymbolSearch,LANGUAGE_ST_NORM_VCI,ST,423,-0.1052041619096444,0.030515499605693892,-0.1985600908294169,-0.009956354047339237,0.1218976633945954
RAW,MOTOR_ST_RAW_SymbolSearch,LANGUAGE_ST_NORM_PR,ST,423,-0.1174496068425383,0.01565745085048974,-0.21044065692765976,-0.022352239682068568,0.09683433065960724
RAW,MOTOR_ST_RAW_SymbolSearch,MEMORY_ST_NORM_AudImm,ST,423,-0.06530765771627552,0.18003828447417763,-0.1596611381830749,0.03022825137730813,0.3642531232842205
RAW,MOTOR_ST_RAW_SymbolSearch,MEMORY_ST_NORM_VisImm,ST,423,-0.0037927030918249584,0.938007953340906,-0.09910454414580765,0.09158809727249513,0.938007953340906
RAW,MOTOR_ST_RAW_SymbolSearch,MEMORY_ST_NORM_ImmMem,ST,423,-0.04193238650353956,0.3896521891517099,-0.1367333849113337,0.05362971322167628,0.5851886390668314
RAW,MOTOR_ST_RAW_SymbolSearch,MEMORY_ST_NORM_WorMem,ST,423,-0.13265653837938382,0.006288348423572445,-0.22515632986360298,-0.03778680474165822,0.054901921752676004
RAW,MOTOR_ST_RAW_SymbolSearch,MEMORY_ST_SCALED_AudImm,ST,423,-0.07194491764594088,0.13961539213578014,-0.16615282543437146,0.0235644088155618,0.3493541180469702
RAW,MOTOR_ST_RAW_SymbolSearch,MEMORY_ST_SCALED_VisImm,ST,423,-0.04269922012257822,0.38103317632427114,-0.13748715236667033,0.05286368206148225,0.5851886390668314
RAW,MOTOR_ST_RAW_SymbolSearch,MEMORY_ST_SCALED_ImmMem,ST,423,-0.06719509707406603,0.16775015309916655,-0.161508011721493,0.0283341164586491,0.3642531232842205
RAW,MOTOR_ST_RAW_SymbolSearch,MEMORY_ST_SCALED_WorMem,ST,423,-0.13266682954062803,0.006284267306970852,-0.22516627430091724,-0.03779726530134601,0.054901921752676004
RAW,MOTOR_ST_RAW_SymbolSearch,MEMORY_ST_RAW_AudImm,ST,423,-0.090911917062709,0.06174544104492966,-0.18465892886178412,0.00447454918345339,0.19127242739722722
RAW,MOTOR_ST_RAW_SymbolSearch,MEMORY_ST_RAW_VisImm,ST,423,-0.03907018843143747,0.42285184895056377,-0.1339189862630938,0.056487923084940064,0.6143319314942153
RAW,MOTOR_ST_RAW_SymbolSearch,MEMORY_ST_RAW_ImmMem,ST,423,-0.07387700992893793,0.12926586680366012,-0.1680410085931067,0.02162298216793284,0.3493541180469702
RAW,MOTOR_ST_RAW_SymbolSearch,MEMORY_ST_RAW_WorMem,ST,423,-0.13979036998089728,0.003967767930865414,-0.2320451919257351,-0.045043055003716,0.05136553274178545
RAW,MOTOR_ST_RAW_SymbolSearch,MEMORY_ST_SCALED_LogMemI,ST,423,-0.11235881404540068,0.020812704236080986,-0.20550488866910366,-0.017195350676350092,0.10136976111163766
RAW,MOTOR_ST_RAW_SymbolSearch,MEMORY_ST_SCALED_FacI,ST,423,0.011228612231204372,0.8178879158762309,-0.08420922380514864,0.10646231110398557,0.9106394844215465
RAW,MOTOR_ST_RAW_SymbolSearch,MEMORY_ST_SCALED_VerPairI,ST,423,-0.03481043579169538,0.4752006857915183,-0.1297275376412824,0.06073884192977469,0.6776009778879057
RAW,MOTOR_ST_RAW_SymbolSearch,MEMORY_ST_SCALED_FamPicI,ST,423,-0.049144338409867476,0.3132776833328841,-0.1438181154581677,0.04642086017202445,0.5425213153947362
RAW,MOTOR_ST_RAW_SymbolSearch,MEMORY_ST_SCALED_LetNumSeq,ST,423,-0.09792405079824332,0.044127178996653686,-0.19148387796154906,-0.0026006528763840055,0.1544451264882879
RAW,MOTOR_ST_RAW_SymbolSearch,MEMORY_ST_SCALED_SpaForward,ST,423,-0.13233488866710733,0.0064171077373257664,-0.22484550727523292,-0.03745987096974284,0.054901921752676004
RAW,MOTOR_ST_RAW_SymbolSearch,MEMORY_ST_SCALED_SpaBackward,ST,423,-0.11668867385614824,0.01634865322824538,-0.20970319705754628,-0.021581105332900447,0.09683433065960724
RAW,MOTOR_ST_RAW_SymbolSearch,MEMORY_ST_SCALED_SpaTotal,ST,423,-0.14381007476222574,0.003032660460796806,-0.23592279137992592,-0.049136147726546266,0.05136553274178545
RAW,MOTOR_ST_RAW_SymbolSearch,MOTOR_ST_RAW_HEIGHT,ST,423,-0.009937987829061315,0.838514134765033,-0.10518599713468967,0.08549069986576015,0.9106394844215465
RAW,MOTOR_ST_RAW_SymbolSearch,MOTOR_ST_RAW_WEIGHT,ST,423,-0.008649700213409668,0.8592138668445107,-0.10391168103096877,0.08676954090829747,0.9151654402132426
RAW,MOTOR_ST_RAW_SymbolSearch,MOTOR_ST_RAW_PegboardSum,ST,423,-0.11294912422725845,0.0201476662934844,-0.20607746573607294,-0.01779306574823613,0.10136976111163766
RAW,MOTOR_ST_RAW_SymbolSearch,MOTOR_ST_NORM_BMI,ST,422,0.04629755491954142,0.3427417967289613,-0.049381391275630175,0.14113449766029817,0.5498149655860421
RAW,MOTOR_ST_RAW_SymbolSearch,MOTOR_ST_NORM_WHR,ST,422,-0.01831238865964948,0.7075857812457812,-0.11357454781104544,0.0772834118574051,0.8513141430613305
RAW,MOTOR_ST_RAW_SymbolSearch,MOTOR_ST_NORM_AerobicRating,ST,411,0.029946644873307636,0.5449138305172856,-0.06697842946076824,0.12631180176795648,0.748605441264504
RAW,MOTOR_ST_RAW_SymbolSearch,MOTOR_ST_NORM_FunctionalReaching,ST,422,0.049794280249815456,0.3074890232479323,-0.04588452746482601,0.14456779250362456,0.5425213153947362
RAW,MOTOR_ST_RAW_SymbolSearch,MOTOR_ST_NORM_BestLegEyeClose,ST,413,0.025714851103376457,0.6023042055941874,-0.07095752834414222,0.12190865469017222,0.7860580310297022
RAW,MOTOR_ST_RAW_SymbolSearch,MOTOR_ST_NORM_PegboardDominant,ST,422,-0.059085948328695286,0.22580363182205462,-0.15367983508277538,0.036581083448143654,0.42407023537312694
RAW,MOTOR_ST_RAW_SymbolSearch,MOTOR_ST_NORM_PegboardNondominant,ST,422,-0.10367173958807531,0.03324481728943511,-0.19718102278494495,-0.008293112669477475,0.1218976633945954
RAW,MOTOR_ST_RAW_SymbolSearch,MOTOR_ST_NORM_PegboardSum,ST,422,-0.06330312156923441,0.19433615027121073,-0.1578101812515862,0.03235308719850433,0.37409708927208063
RAW,MOTOR_ST_RAW_SymbolSearch,MOTOR_ST_NORM_PegboardBoth,ST,422,-0.09304130207403176,0.05616037956012483,-0.18684250691057105,0.0024410794211279594,0.18801518374476572
RAW,MOTOR_ST_RAW_SymbolSearch,MOTOR_ST_NORM_PegboardAssemble,ST,422,-0.046313819202235054,0.34257208694957697,-0.1411504721918028,0.04936513177679855,0.5498149655860421
RAW,MOTOR_ST_RAW_SymbolSearch,MOTOR_ST_NORM_WaisSpeed,ST,422,-0.6499620721687741,5.122439164366463e-52,-0.7018743901857999,-0.5911817360403988,3.9442781565621765e-50
RAW,MOTOR_ST_RAW_SymbolSearch,MOTOR_ST_SCALED_FineMotor,ST,423,-0.0907884066649971,0.062101437466632214,-0.1845386344115631,0.00459908492611459,0.19127242739722722
RAW,MOTOR_ST_RAW_SymbolSearch,MOTOR_ST_SCALED_Balance,ST,413,0.022138685044323907,0.6537183480094936,-0.07451681159727135,0.11838209150216647,0.8235630536551878
RAW,MOTOR_ST_RAW_SymbolSearch,MOTOR_ST_SCALED_ProcessingSpeed,ST,423,-0.5378441199800436,4.359291288353914e-33,-0.602304316034655,-0.46641523436683396,1.678327146016257e-31
RAW,MOTOR_ST_RAW_SymbolCoding,BASIC_Q_BFI_Agreeableness,Q,423,-0.07203847039792712,0.1391000474586248,-0.16624426800518952,0.02347042068261039,0.3060201044089746
RAW,MOTOR_ST_RAW_SymbolCoding,BASIC_Q_BFI_Conscientiousness,Q,423,-0.035314894471006684,0.46882211554623476,-0.13022408459081444,0.060235610247548914,0.6685056092048163
RAW,MOTOR_ST_RAW_SymbolCoding,BASIC_Q_BFI_EmotionalStability,Q,423,0.024607886670445823,0.61377777100031,-0.07090616057979536,0.11967477294284487,0.7949598231274555
RAW,MOTOR_ST_RAW_SymbolCoding,BASIC_Q_BFI_Extraversion,Q,423,0.03684673837861566,0.4497452835714779,-0.05870719451025237,0.131731611938043,0.661451181551527
RAW,MOTOR_ST_RAW_SymbolCoding,BASIC_Q_BFI_Intellect,Q,423,-0.07120575733317017,0.1437387530817504,-0.16543028068673027,0.024306949709967097,0.30744122186929945
RAW,MOTOR_ST_RAW_SymbolCoding,BASIC_Q_Beck_Anxiety,Q,423,0.058980168623577356,0.22608422191126948,-0.03657318493061894,0.15346482022719635,0.42459719724799394
RAW,MOTOR_ST_RAW_SymbolCoding,BASIC_Q_Beck_Depression,Q,423,0.032320463918129656,0.5073689775399199,-0.06322204605375346,0.12727591988137912,0.7103165685558879
RAW,MOTOR_ST_RAW_SymbolCoding,BASIC_Q_CogFailure_Sum,Q,423,0.020287989393959385,0.6773584552474048,-0.0752051682181117,0.11541241393121202,0.8278825564134947
RAW,MOTOR_ST_RAW_SymbolCoding,BASIC_Q_EHI_Sum,Q,423,0.015868499433796927,0.7448620176966854,-0.0795996165227125,0.11104816061307334,0.8938256912196002
RAW,MOTOR_ST_RAW_SymbolCoding,BASIC_Q_IPAQ_MET,Q,423,0.037085175450566665,0.44681585548115477,-0.05846925074672957,0.131966224581104,0.661451181551527
RAW,MOTOR_ST_RAW_SymbolCoding,BASIC_Q_MOCA_SUM,Q,423,-0.08631666126608245,0.07617414610714723,-0.18018143104199175,0.009105961425096848,0.24439205209376405
RAW,MOTOR_ST_RAW_SymbolCoding,BASIC_Q_MSPSS_Sum,Q,423,0.011648634840373737,0.8112015642683523,-0.08379211034670424,0.10687760883237025,0.9052539195458424
RAW,MOTOR_ST_RAW_SymbolCoding,BASIC_Q_PSQI_DaytimeDysfunc,Q,423,0.08784374676375889,0.07110233727037699,-0.007567314551691274,0.18166981513709668,0.23803825955734906
RAW,MOTOR_ST_RAW_SymbolCoding,BASIC_Q_PSQI_SleepDisturbance,Q,423,0.0007641323571654267,0.9874981553781894,-0.09459043911479463,0.09610481010749886,0.9874981553781894
RAW,MOTOR_ST_RAW_SymbolCoding,BASIC_Q_PSQI_SleepDuration,Q,423,0.03661487760933843,0.4526042906059585,-0.05893856516508387,0.13150345992186654,0.661451181551527
RAW,MOTOR_ST_RAW_SymbolCoding,BASIC_Q_PSQI_SleepEfficiency,Q,423,-0.04421246153314863,0.36437034064575935,-0.13897428747229224,0.05135169416838413,0.5969471538239036
RAW,MOTOR_ST_RAW_SymbolCoding,BASIC_Q_PSQI_SleepLatency,Q,423,0.02328461998856757,0.6329765143160906,-0.07222340546327267,0.1183695035494771,0.7949598231274555
RAW,MOTOR_ST_RAW_SymbolCoding,BASIC_Q_PSQI_SleepMedication,Q,423,0.049733408191366395,0.30750559713808995,-0.045831603450041,0.1443963654473054,0.5381347949916574
RAW,MOTOR_ST_RAW_SymbolCoding,BASIC_Q_PSQI_SleepQuality,Q,423,0.02325741657182022,0.6333738535422639,-0.07225048159061724,0.11834266666937071,0.7949598231274555
RAW,MOTOR_ST_RAW_SymbolCoding,BASIC_Q_PSQI_Sum,Q,423,0.061337985258306235,0.20803436844361073,-0.03420976811072689,0.1557746273200763,0.4107345223117443
RAW,MOTOR_ST_RAW_SymbolCoding,BASIC_Q_SF36_EmotionalLimit,Q,423,-0.0010741409867252325,0.9824268541841501,-0.09641194655713047,0.0942831949795465,0.9874981553781894
RAW,MOTOR_ST_RAW_SymbolCoding,BASIC_Q_SF36_EmotionalWell,Q,423,0.036398258178272073,0.45528457950949264,-0.05915471742372296,0.13129029636619566,0.661451181551527
RAW,MOTOR_ST_RAW_SymbolCoding,BASIC_Q_SF36_Energy,Q,423,-0.02780626853853021,0.5684684649075856,-0.12282829817144407,0.0677209573210561,0.7679310841734052
RAW,MOTOR_ST_RAW_SymbolCoding,BASIC_Q_SF36_GeneralHealth,Q,423,-0.07685606253958227,0.1144843821957703,-0.17095100527554405,0.018628125018904693,0.267130225123464
RAW,MOTOR_ST_RAW_SymbolCoding,BASIC_Q_SF36_Mental,Q,423,0.003688864907700841,0.9397019284262572,-0.0916910648838567,0.09900172333363016,0.977797952551646
RAW,MOTOR_ST_RAW_SymbolCoding,BASIC_Q_SF36_Pain,Q,423,0.014030585336535697,0.7735558701515687,-0.08142602485533049,0.10923213613733943,0.8938256912196002
RAW,MOTOR_ST_RAW_SymbolCoding,BASIC_Q_SF36_Physical,Q,423,-0.02524114747717941,0.6046814988711406,-0.12029930474172071,0.07027566367604993,0.7949598231274555
RAW,MOTOR_ST_RAW_SymbolCoding,BASIC_Q_SF36_PhysicalFunct,Q,423,-0.0060731989748144975,0.9008886832735,-0.10136218341673388,0.08932620652182675,0.9502524467405411
RAW,MOTOR_ST_RAW_SymbolCoding,BASIC_Q_SF36_PhysicalLimit,Q,423,-0.010173323601645471,0.8347444045733043,-0.10541874690022382,0.08525705575960561,0.9182188450306348
RAW,MOTOR_ST_RAW_SymbolCoding,BASIC_Q_SF36_SocialFunc,Q,423,0.013764012253104564,0.7777444326196521,-0.08169087590499015,0.10896868516503155,0.8938256912196002
RAW,MOTOR_ST_RAW_SymbolCoding,LANGUAGE_ST_RAW_SUM,ST,423,-0.15355055539500712,0.0015374078569190843,-0.2453067749265426,-0.05906766696967327,0.010198241424199176
RAW,MOTOR_ST_RAW_SymbolCoding,LANGUAGE_ST_SCALED_SIMILARITY,ST,423,-0.17680197951253293,0.0002578363112853063,-0.2676379107821128,-0.08285097314811711,0.004963348992242146
RAW,MOTOR_ST_RAW_SymbolCoding,LANGUAGE_ST_SCALED_VOCABULARY,ST,423,-0.12638806395857985,0.009263608202308898,-0.21909546619767575,-0.03141900864133848,0.04755318877185234
RAW,MOTOR_ST_RAW_SymbolCoding,LANGUAGE_ST_SCALED_INFORMATION,ST,423,-0.10484801278799727,0.031086028601311648,-0.19821414285681033,-0.00959626703270083,0.12598022117373667
RAW,MOTOR_ST_RAW_SymbolCoding,LANGUAGE_ST_SCALED_SUM,ST,423,-0.15196567918337409,0.001721781019669991,-0.24378107481507427,-0.05745043173967212,0.010198241424199176
RAW,MOTOR_ST_RAW_SymbolCoding,LANGUAGE_ST_NORM_SIMILARITY,ST,423,-0.159389882257326,0.0010035868163820892,-0.25092415339232366,-0.06503050061518141,0.009742056739801093
RAW,MOTOR_ST_RAW_SymbolCoding,LANGUAGE_ST_NORM_VOCABULARY,ST,423,-0.12062435501332242,0.013042503498214418,-0.21351632959871877,-0.025570771127131207,0.059074868786030015
RAW,MOTOR_ST_RAW_SymbolCoding,LANGUAGE_ST_NORM_INFORMATION,ST,423,-0.0787289840268041,0.10589224502157608,-0.17277967143847875,0.016744389621337577,0.25480321458316746
RAW,MOTOR_ST_RAW_SymbolCoding,LANGUAGE_ST_NORM_VCI,ST,423,-0.12403383638583473,0.010670220147250326,-0.2168173606614262,-0.029029468933956987,0.051350434458642194
RAW,MOTOR_ST_RAW_SymbolCoding,LANGUAGE_ST_NORM_PR,ST,423,-0.15494776485064155,0.0013900837921695395,-0.24665143850831547,-0.060493815246144396,0.010198241424199176
RAW,MOTOR_ST_RAW_SymbolCoding,MEMORY_ST_NORM_AudImm,ST,423,-0.0802180140120644,0.09943169625893725,-0.17423305458559224,0.015246278474893215,0.24883499694215083
RAW,MOTOR_ST_RAW_SymbolCoding,MEMORY_ST_NORM_VisImm,ST,423,-0.013002640408033315,0.7897426830030365,-0.10821615686910105,0.08244725513523311,0.8942674498710854
RAW,MOTOR_ST_RAW_SymbolCoding,MEMORY_ST_NORM_ImmMem,ST,423,-0.055061616402468073,0.2584945120892123,-0.14962377177270317,0.04049868134639612,0.4739066054968892
RAW,MOTOR_ST_RAW_SymbolCoding,MEMORY_ST_NORM_WorMem,ST,423,-0.07044046867522491,0.14810525514480702,-0.1646820883385158,0.02507562742352759,0.3082190444905443
RAW,MOTOR_ST_RAW_SymbolCoding,MEMORY_ST_SCALED_AudImm,ST,423,-0.08004160579031441,0.10018032344424255,-0.17406089089941168,0.015423784943053156,0.24883499694215083
RAW,MOTOR_ST_RAW_SymbolCoding,MEMORY_ST_SCALED_VisImm,ST,423,-0.044837882905753856,0.3576182221384699,-0.13958879433151658,0.050726662898239044,0.5969471538239036
RAW,MOTOR_ST_RAW_SymbolCoding,MEMORY_ST_SCALED_ImmMem,ST,423,-0.0736407650061568,0.13049852922668126,-0.16781016969196497,0.021860407097743572,0.2955407867780723
RAW,MOTOR_ST_RAW_SymbolCoding,MEMORY_ST_SCALED_WorMem,ST,423,-0.08143922280111537,0.09437047265781325,-0.1754247224284447,0.014017301900322339,0.24883499694215083
RAW,MOTOR_ST_RAW_SymbolCoding,MEMORY_ST_RAW_AudImm,ST,423,-0.09894831263332367,0.041947727849248,-0.1924800409994032,-0.003634926540435322,0.15380833544724268
RAW,MOTOR_ST_RAW_SymbolCoding,MEMORY_ST_RAW_VisImm,ST,423,-0.04292875835857486,0.37847608200942706,-0.13771275812743097,0.0526343621542661,0.6071387148901226
RAW,MOTOR_ST_RAW_SymbolCoding,MEMORY_ST_RAW_ImmMem,ST,423,-0.08061616477638381,0.0977584016962685,-0.1746216043708493,0.014845626866923903,0.24883499694215083
RAW,MOTOR_ST_RAW_SymbolCoding,MEMORY_ST_RAW_WorMem,ST,423,-0.08501951436919372,0.08070978229798569,-0.17891682043137455,0.010412574039203683,0.2485861294777959
RAW,MOTOR_ST_RAW_SymbolCoding,MEMORY_ST_SCALED_LogMemI,ST,423,-0.11920774402809238,0.014157586370860729,-0.21214415477447812,-0.024134380000567442,0.06056300836423756
RAW,MOTOR_ST_RAW_SymbolCoding,MEMORY_ST_SCALED_FacI,ST,423,-0.006638448818123115,0.8917183367531051,-0.101921616219732,0.08876541597936774,0.9502524467405411
RAW,MOTOR_ST_RAW_SymbolCoding,MEMORY_ST_SCALED_VerPairI,ST,423,-0.04213287778723236,0.3873873885583787,-0.13693047060100721,0.05342944260231233,0.6087516105917379
RAW,MOTOR_ST_RAW_SymbolCoding,MEMORY_ST_SCALED_FamPicI,ST,423,-0.04767698635882092,0.3279627501706239,-0.14237743397981512,0.047888388768500274,0.561180705847512
RAW,MOTOR_ST_RAW_SymbolCoding,MEMORY_ST_SCALED_LetNumSeq,ST,423,-0.06254573796117352,0.19920261362935102,-0.1569573880734739,0.032998732762719085,0.40364740130157967
RAW,MOTOR_ST_RAW_SymbolCoding,MEMORY_ST_SCALED_SpaForward,ST,423,-0.1034362231503013,0.03343823709240062,-0.1968425620801717,-0.008169110438450493,0.12873721280574238
RAW,MOTOR_ST_RAW_SymbolCoding,MEMORY_ST_SCALED_SpaBackward,ST,423,-0.08167312359338391,0.09342498121765634,-0.1756529337566235,0.013781880412653626,0.24883499694215083
RAW,MOTOR_ST_RAW_SymbolCoding,MEMORY_ST_SCALED_SpaTotal,ST,423,-0.08407762764402874,0.08413824250599676,-0.177998364537594,0.011361129844148905,0.24883499694215083
RAW,MOTOR_ST_RAW_SymbolCoding,MOTOR_ST_RAW_HEIGHT,ST,423,0.03140089114659638,0.5195308346394939,-0.06413882039559961,0.12637021822446576,0.7143548976293042
RAW,MOTOR_ST_RAW_SymbolCoding,MOTOR_ST_RAW_WEIGHT,ST,423,0.05328068875913126,0.2742374801350044,-0.042281790550883845,0.1478771246402402,0.49107641791617057
RAW,MOTOR_ST_RAW_SymbolCoding,MOTOR_ST_RAW_PegboardSum,ST,423,-0.16938376217317858,0.0004675066884290026,-0.2605238902749163,-0.07525141905386794,0.00719960300180664
RAW,MOTOR_ST_RAW_SymbolCoding,MOTOR_ST_NORM_BMI,ST,422,-0.008953564461980422,0.8544936261636641,-0.10432509673545023,0.08658113795402832,0.9267043551352414
RAW,MOTOR_ST_RAW_SymbolCoding,MOTOR_ST_NORM_WHR,ST,422,-0.08995466403681289,0.06486762070440419,-0.18383673349198595,0.005553726912807516,0.22703667246541465
RAW,MOTOR_ST_RAW_SymbolCoding,MOTOR_ST_NORM_AerobicRating,ST,411,0.01425037787021626,0.7733202697095368,-0.08259452808793909,0.11082865885107196,0.8938256912196002
RAW,MOTOR_ST_RAW_SymbolCoding,MOTOR_ST_NORM_FunctionalReaching,ST,422,0.060379265303726205,0.2157902431813403,-0.03528481129390983,0.15494687557279488,0.4153962181240801
RAW,MOTOR_ST_RAW_SymbolCoding,MOTOR_ST_NORM_BestLegEyeClose,ST,413,0.023074115225785174,0.6400975199208083,-0.07358603528161013,0.11930478142732794,0.7949598231274555
RAW,MOTOR_ST_RAW_SymbolCoding,MOTOR_ST_NORM_PegboardDominant,ST,422,-0.15334449663924432,0.0015806016209955333,-0.2452156389853188,-0.05874370861428966,0.010198241424199176
RAW,MOTOR_ST_RAW_SymbolCoding,MOTOR_ST_NORM_PegboardNondominant,ST,422,-0.1480012330123871,0.002302773097334629,-0.2400701499332985,-0.053293478998353114,0.012665252035340458
RAW,MOTOR_ST_RAW_SymbolCoding,MOTOR_ST_NORM_PegboardSum,ST,422,-0.15311457769241144,0.0016068021050206099,-0.24499433673390222,-0.05850907078115198,0.010198241424199176
RAW,MOTOR_ST_RAW_SymbolCoding,MOTOR_ST_NORM_PegboardBoth,ST,422,-0.1859612393343163,0.0001218517666091408,-0.27651327868206904,-0.0921361388169001,0.0031275286763012802
RAW,MOTOR_ST_RAW_SymbolCoding,MOTOR_ST_NORM_PegboardAssemble,ST,422,-0.15946261190778693,0.0010121617392001136,-0.2511009499855275,-0.064991234956842,0.009742056739801093
RAW,MOTOR_ST_RAW_SymbolCoding,MOTOR_ST_NORM_WaisSpeed,ST,422,-0.6446194086287708,6.291183655393754e-51,-0.6971786489805852,-0.5851674684084223,4.84421141465319e-49
RAW,MOTOR_ST_RAW_SymbolCoding,MOTOR_ST_SCALED_FineMotor,ST,423,-0.16000022624216256,0.0009590223780349731,-0.25151094301810484,-0.06565414311428215,0.009742056739801093
RAW,MOTOR_ST_RAW_SymbolCoding,MOTOR_ST_SCALED_Balance,ST,413,0.001206772155718504,0.9804935170213679,-0.09530063179052364,0.09769170232692514,0.9874981553781894
RAW,MOTOR_ST_RAW_SymbolCoding,MOTOR_ST_SCALED_ProcessingSpeed,ST,423,-0.5259554287877108,1.825758966731696e-31,-0.5916334992346408,-0.4533422412387271,7.02917202191703e-30
RAW,MOTOR_ST_RAW_GripMvcL,BASIC_Q_BFI_Agreeableness,Q,423,-0.03143677262303571,0.5190534875801048,-0.12640556142262585,0.06410305113627604,0.7015351447815288
RAW,MOTOR_ST_RAW_GripMvcL,BASIC_Q_BFI_Conscientiousness,Q,423,-0.014908518109837447,0.7598082390266175,-0.11009969198958806,0.08055366811250467,0.9000805293084546
RAW,MOTOR_ST_RAW_GripMvcL,BASIC_Q_BFI_EmotionalStability,Q,423,-0.06693671622140755,0.16939424720207372,-0.16125522314516832,0.02859345443413394,0.44310994357641775
RAW,MOTOR_ST_RAW_GripMvcL,BASIC_Q_BFI_Extraversion,Q,423,-0.058584826467574146,0.22921653797998784,-0.15307742687214537,0.03696936147534456,0.46446509011734377
RAW,MOTOR_ST_RAW_GripMvcL,BASIC_Q_BFI_Intellect,Q,423,-0.011294254617492425,0.8168420689010366,-0.10652721726251288,0.08414403827463847,0.9336332278979521
RAW,MOTOR_ST_RAW_GripMvcL,BASIC_Q_Beck_Anxiety,Q,423,0.022443125048957888,0.6453159481058094,-0.07306089773718746,0.11753928252833803,0.7931562231857301
RAW,MOTOR_ST_RAW_GripMvcL,BASIC_Q_Beck_Depression,Q,423,-0.029191860221916114,0.5493469911665944,-0.12419386176861852,0.0663404700378967,0.7221523654323847
RAW,MOTOR_ST_RAW_GripMvcL,BASIC_Q_CogFailure_Sum,Q,423,0.019022053350784766,0.6964600135195335,-0.0764643104088987,0.11416267529726122,0.8379284537656887
RAW,MOTOR_ST_RAW_GripMvcL,BASIC_Q_EHI_Sum,Q,423,0.02740209472817108,0.5741052906219716,-0.06812357329178616,0.12242989870821318,0.7367684562981969
RAW,MOTOR_ST_RAW_GripMvcL,BASIC_Q_IPAQ_MET,Q,423,-0.10903514249886127,0.024924178809925864,-0.2022798706070025,-0.013831255884783063,0.23989522104553646
RAW,MOTOR_ST_RAW_GripMvcL,BASIC_Q_MOCA_SUM,Q,423,0.010751961753340325,0.8254917254777524,-0.0846825324068307,0.10599098226818272,0.9336332278979521
RAW,MOTOR_ST_RAW_GripMvcL,BASIC_Q_MSPSS_Sum,Q,423,0.001892093394012686,0.9690502447028654,-0.09347244944189304,0.09722223362856948,0.9690502447028654
RAW,MOTOR_ST_RAW_GripMvcL,BASIC_Q_PSQI_DaytimeDysfunc,Q,423,0.04807502924888694,0.3239358900611364,-0.04749033876234875,0.14276828171071831,0.5331834695699186
RAW,MOTOR_ST_RAW_GripMvcL,BASIC_Q_PSQI_SleepDisturbance,Q,423,-0.032939067423948344,0.49927222582007413,-0.12788510310722237,0.06260523433837663,0.7015351447815288
RAW,MOTOR_ST_RAW_GripMvcL,BASIC_Q_PSQI_SleepDuration,Q,423,-0.06074578226037094,0.21246680985963395,-0.15519457978238005,0.03480347819854415,0.4544428988664393
RAW,MOTOR_ST_RAW_GripMvcL,BASIC_Q_PSQI_SleepEfficiency,Q,423,0.10131299905091545,0.03726062050855289,0.006023506096846903,0.19477912043566822,0.2994473043144234
RAW,MOTOR_ST_RAW_GripMvcL,BASIC_Q_PSQI_SleepLatency,Q,423,0.022196845536544784,0.6489460007883245,-0.07330598031755874,0.11729627739489494,0.7931562231857301
RAW,MOTOR_ST_RAW_GripMvcL,BASIC_Q_PSQI_SleepMedication,Q,423,-0.04298793524316184,0.3778185524910005,-0.1377709195922874,0.052575239922483204,0.5818405708361408
RAW,MOTOR_ST_RAW_GripMvcL,BASIC_Q_PSQI_SleepQuality,Q,423,-0.010956245461777401,0.8222308293379585,-0.10619299045826196,0.08447968623909106,0.9336332278979521
RAW,MOTOR_ST_RAW_GripMvcL,BASIC_Q_PSQI_Sum,Q,423,-0.010055432807312852,0.8366323730514116,-0.10530215286325648,0.08537410043031315,0.9336332278979521
RAW,MOTOR_ST_RAW_GripMvcL,BASIC_Q_SF36_EmotionalLimit,Q,423,-0.031416870675897365,0.5193182240590538,-0.12638595806560773,0.06412289087161477,0.7015351447815288
RAW,MOTOR_ST_RAW_GripMvcL,BASIC_Q_SF36_EmotionalWell,Q,423,0.0036898799212869513,0.9396853685675611,-0.09169005838995144,0.09900272841230136,0.9690502447028654
RAW,MOTOR_ST_RAW_GripMvcL,BASIC_Q_SF36_Energy,Q,423,0.0028282117681146016,0.953752037438806,-0.09254442385700601,0.09814942423607631,0.9690502447028654
RAW,MOTOR_ST_RAW_GripMvcL,BASIC_Q_SF36_GeneralHealth,Q,423,0.03252828156773546,0.50464126061923,-0.06301483849114657,0.1274805808123573,0.7015351447815288
RAW,MOTOR_ST_RAW_GripMvcL,BASIC_Q_SF36_Mental,Q,423,-0.0020769430985588234,0.9660283217295256,-0.09740533353259148,0.09328921090133366,0.9690502447028654
RAW,MOTOR_ST_RAW_GripMvcL,BASIC_Q_SF36_Pain,Q,423,0.09136524898209511,0.06045319136141729,-0.004017428481872199,0.18510043290970155,0.35806890267916397
RAW,MOTOR_ST_RAW_GripMvcL,BASIC_Q_SF36_Physical,Q,423,0.06466518847395071,0.184369547223089,-0.03087284324326726,0.15903232650390256,0.44363922300555786
RAW,MOTOR_ST_RAW_GripMvcL,BASIC_Q_SF36_PhysicalFunct,Q,423,-0.023355948171345585,0.6319351800363519,-0.118439870002466,0.07215241036870053,0.7931562231857301
RAW,MOTOR_ST_RAW_GripMvcL,BASIC_Q_SF36_PhysicalLimit,Q,423,0.05754797949057408,0.23757736340603125,-0.03800825409874164,0.15206128889201925,0.46906299954524117
RAW,MOTOR_ST_RAW_GripMvcL,BASIC_Q_SF36_SocialFunc,Q,423,0.04724454636914632,0.3323741109007285,-0.04832080209104239,0.14195277745018822,0.5331834695699186
RAW,MOTOR_ST_RAW_GripMvcL,LANGUAGE_ST_RAW_SUM,ST,423,0.07353969459030335,0.13102865477100062,-0.021961979054813195,0.1677114089287258,0.44310994357641775
RAW,MOTOR_ST_RAW_GripMvcL,LANGUAGE_ST_SCALED_SIMILARITY,ST,423,-0.0019508164000952763,0.9680901909419884,-0.09728040145785778,0.09341423897013816,0.9690502447028654
RAW,MOTOR_ST_RAW_GripMvcL,LANGUAGE_ST_SCALED_VOCABULARY,ST,423,0.09918881414193974,0.0414493544576964,0.003877808439427857,0.19271391683521835,0.2994473043144234
RAW,MOTOR_ST_RAW_GripMvcL,LANGUAGE_ST_SCALED_INFORMATION,ST,423,0.0656024847380391,0.1780760910133189,-0.029932423688691392,0.15994967216605066,0.44310994357641775
RAW,MOTOR_ST_RAW_GripMvcL,LANGUAGE_ST_SCALED_SUM,ST,423,0.06658716686705797,0.17163757644953115,-0.028944278161188827,0.1609132195783273,0.44310994357641775
RAW,MOTOR_ST_RAW_GripMvcL,LANGUAGE_ST_NORM_SIMILARITY,ST,423,-0.0021843762986243297,0.9642722243507764,-0.09751174679725845,0.09318271112863039,0.9690502447028654
RAW,MOTOR_ST_RAW_GripMvcL,LANGUAGE_ST_NORM_VOCABULARY,ST,423,0.1280297634740384,0.008382819573449869,0.03308597547700356,0.22068348472559432,0.10757951785927332
RAW,MOTOR_ST_RAW_GripMvcL,LANGUAGE_ST_NORM_INFORMATION,ST,423,0.053291506579707756,0.2741399243929425,-0.04227096131629356,0.14788773601361274,0.48746499519063724
RAW,MOTOR_ST_RAW_GripMvcL,LANGUAGE_ST_NORM_VCI,ST,423,0.06555441733813892,0.1783949123489474,-0.029980655375153747,0.1599026318575424,0.44310994357641775
RAW,MOTOR_ST_RAW_GripMvcL,LANGUAGE_ST_NORM_PR,ST,423,0.08418510471112334,0.08374118657348727,-0.011252900460877378,0.1781031762246583,0.40300446038490745
RAW,MOTOR_ST_RAW_GripMvcL,MEMORY_ST_NORM_AudImm,ST,423,0.07542329204368386,0.12141906098213262,-0.02006871058035735,0.16955165198545144,0.44310994357641775
RAW,MOTOR_ST_RAW_GripMvcL,MEMORY_ST_NORM_VisImm,ST,423,0.04727334989718802,0.3320791016178615,-0.048292001452695604,0.14198106362903876,0.5331834695699186
RAW,MOTOR_ST_RAW_GripMvcL,MEMORY_ST_NORM_ImmMem,ST,423,0.0666751440845601,0.17107088274479873,-0.028855982416220838,0.16099929974837546,0.44310994357641775
RAW,MOTOR_ST_RAW_GripMvcL,MEMORY_ST_NORM_WorMem,ST,423,0.09855285600757438,0.042778186330631914,0.003235580285250084,0.19209545586564872,0.2994473043144234
RAW,MOTOR_ST_RAW_GripMvcL,MEMORY_ST_SCALED_AudImm,ST,423,0.0545273793115449,0.26315006296145477,-0.04103363676953453,0.14909988000170704,0.4824417820960004
RAW,MOTOR_ST_RAW_GripMvcL,MEMORY_ST_SCALED_VisImm,ST,423,0.0528049145283734,0.2785514258232213,-0.04275804456795224,0.14741040853718865,0.48746499519063724
RAW,MOTOR_ST_RAW_GripMvcL,MEMORY_ST_SCALED_ImmMem,ST,423,0.0594863531387783,0.2221182955221532,-0.03606588823713923,0.153960784934962,0.4622461825731296
RAW,MOTOR_ST_RAW_GripMvcL,MEMORY_ST_SCALED_WorMem,ST,423,0.06290292581966053,0.1966437354242165,-0.032640520310976064,0.15730713278326008,0.4517944060137271
RAW,MOTOR_ST_RAW_GripMvcL,MEMORY_ST_RAW_AudImm,ST,423,0.0672795365600863,0.16721545642377422,-0.028249361394385733,0.16159062095498167,0.44310994357641775
RAW,MOTOR_ST_RAW_GripMvcL,MEMORY_ST_RAW_VisImm,ST,423,0.04411528746606157,0.36542652418597504,-0.05144880090462109,0.13887880268344624,0.5742416808636751
RAW,MOTOR_ST_RAW_GripMvcL,MEMORY_ST_RAW_ImmMem,ST,423,0.06250532725688399,0.19949363382424315,-0.03303925783952116,0.1569178179639822,0.4517944060137271
RAW,MOTOR_ST_RAW_GripMvcL,MEMORY_ST_RAW_WorMem,ST,423,0.07092187883288477,0.14534685493219182,-0.024592098534057024,0.16515275659726872,0.44310994357641775
RAW,MOTOR_ST_RAW_GripMvcL,MEMORY_ST_SCALED_LogMemI,ST,423,0.0808713323827895,0.0966978593577345,-0.01458884039603111,0.17487060349082356,0.4379844217967975
RAW,MOTOR_ST_RAW_GripMvcL,MEMORY_ST_SCALED_FacI,ST,423,-0.05460561454700537,0.262464709922177,-0.14917660355680878,0.04095529976338095,0.4824417820960004
RAW,MOTOR_ST_RAW_GripMvcL,MEMORY_ST_SCALED_VerPairI,ST,423,0.028900786120166725,0.5533375267598792,-0.06663050219589957,0.12390702486329674,0.7221523654323847
RAW,MOTOR_ST_RAW_GripMvcL,MEMORY_ST_SCALED_FamPicI,ST,423,0.06945607409761892,0.1538694843134491,-0.026064215308347738,0.16371952532869385,0.44310994357641775
RAW,MOTOR_ST_RAW_GripMvcL,MEMORY_ST_SCALED_LetNumSeq,ST,423,0.03217748254930261,0.5092501542643363,-0.06336460289137173,0.1271351056825202,0.7015351447815288
RAW,MOTOR_ST_RAW_GripMvcL,MEMORY_ST_SCALED_SpaForward,ST,423,0.12000081952169062,0.01352340985566851,0.024938480846323215,0.21291239828250508,0.1487575084123536
RAW,MOTOR_ST_RAW_GripMvcL,MEMORY_ST_SCALED_SpaBackward,ST,423,0.06991020819231389,0.15118948425370624,-0.025608169914145145,0.16416361009479274,0.44310994357641775
RAW,MOTOR_ST_RAW_GripMvcL,MEMORY_ST_SCALED_SpaTotal,ST,423,0.09279346887785457,0.056527231768972695,-0.002577011374458284,0.18649114180553197,0.35806890267916397
RAW,MOTOR_ST_RAW_GripMvcL,MOTOR_ST_RAW_HEIGHT,ST,423,-0.1330871999598748,0.006119580091299063,-0.2255724653690452,-0.038224573031037615,0.10757951785927332
RAW,MOTOR_ST_RAW_GripMvcL,MOTOR_ST_RAW_WEIGHT,ST,423,-0.2153036059205658,7.912408803640692e-06,-0.3044023023756136,-0.12247007753377408,0.0003046277389401666
RAW,MOTOR_ST_RAW_GripMvcL,MOTOR_ST_RAW_PegboardSum,ST,423,-0.08961753155806139,0.06556104716346019,-0.18339810684622193,0.005779533313534733,0.36014963913697895
RAW,MOTOR_ST_RAW_GripMvcL,MOTOR_ST_NORM_BMI,ST,422,-0.05676013351993342,0.2446337694279704,-0.15140049118256257,0.038911402896280256,0.47092000614884305
RAW,MOTOR_ST_RAW_GripMvcL,MOTOR_ST_NORM_WHR,ST,422,0.08824209636699264,0.0701590206110998,-0.007279927557257393,0.1821682745045843,0.36014963913697895
RAW,MOTOR_ST_RAW_GripMvcL,MOTOR_ST_NORM_AerobicRating,ST,411,-0.050271531630232937,0.3092959181375521,-0.14629119732890475,0.04668654976929013,0.529239682146478
RAW,MOTOR_ST_RAW_GripMvcL,MOTOR_ST_NORM_FunctionalReaching,ST,422,-0.21857069544064675,5.853638241641628e-06,-0.307613076126848,-0.1257334116214649,0.0003046277389401666
RAW,MOTOR_ST_RAW_GripMvcL,MOTOR_ST_NORM_BestLegEyeClose,ST,413,-0.006263260046475466,0.8990195874571529,-0.102697497860484,0.0902876143913842,0.9690502447028654
RAW,MOTOR_ST_RAW_GripMvcL,MOTOR_ST_NORM_PegboardDominant,ST,422,-0.004896275768821382,0.9201183165659653,-0.10031009098590242,0.09060677435653117,0.9690502447028654
RAW,MOTOR_ST_RAW_GripMvcL,MOTOR_ST_NORM_PegboardNondominant,ST,422,-0.13208195168889125,0.0065841242818067865,-0.22470937342652625,-0.037088891663501884,0.10757951785927332
RAW,MOTOR_ST_RAW_GripMvcL,MOTOR_ST_NORM_PegboardSum,ST,422,-0.041565099489437846,0.3943849054481746,-0.13648425304260978,0.05411030152363115,0.5954438768531264
RAW,MOTOR_ST_RAW_GripMvcL,MOTOR_ST_NORM_PegboardBoth,ST,422,-0.07453371605398712,0.12633767728706652,-0.16879344416871495,0.021076947632563327,0.44310994357641775
RAW,MOTOR_ST_RAW_GripMvcL,MOTOR_ST_NORM_PegboardAssemble,ST,422,-0.06132131110098581,0.20869988945297285,-0.15586958591394665,0.03434041029029327,0.4544428988664393
RAW,MOTOR_ST_RAW_GripMvcL,MOTOR_ST_NORM_WaisSpeed,ST,422,0.12829306341569302,0.008325583425056621,0.03323944474441674,0.22104661783917293,0.10757951785927332
RAW,MOTOR_ST_RAW_GripMvcL,MOTOR_ST_SCALED_FineMotor,ST,423,-0.06892391252311754,0.15705555954462502,-0.16319909109962383,0.026598565986009872,0.44310994357641775
RAW,MOTOR_ST_RAW_GripMvcL,MOTOR_ST_SCALED_Balance,ST,413,-0.04079443970647784,0.4083093157421418,-0.1367524183459695,0.05592200425385758,0.6046118713874022
RAW,MOTOR_ST_RAW_GripMvcL,MOTOR_ST_SCALED_ProcessingSpeed,ST,423,0.06928108354352275,0.1549117128343404,-0.02623993172835893,0.16354839686439304,0.44310994357641775
RAW,MOTOR_ST_RAW_GripMvcR,BASIC_Q_BFI_Agreeableness,Q,423,-0.024070531276875994,0.6215432480208057,-0.11914476556055034,0.07144111080223069,0.8637571002164304
RAW,MOTOR_ST_RAW_GripMvcR,BASIC_Q_BFI_Conscientiousness,Q,423,-0.008841177737641015,0.8561308086101348,-0.10410110176712911,0.08657948731769069,0.9155843369858386
RAW,MOTOR_ST_RAW_GripMvcR,BASIC_Q_BFI_EmotionalStability,Q,423,-0.09006305005305812,0.06422645007968955,-0.18383210784661824,0.005330403514623223,0.4383799427190064
RAW,MOTOR_ST_RAW_GripMvcR,BASIC_Q_BFI_Extraversion,Q,423,-0.036648291656855556,0.4521916419777448,-0.1315363401114663,0.058905222382328606,0.8290180102925321
RAW,MOTOR_ST_RAW_GripMvcR,BASIC_Q_BFI_Intellect,Q,423,0.00017326234131874847,0.9971651735032769,-0.09517598975982809,0.09551936412428147,0.9971651735032768
RAW,MOTOR_ST_RAW_GripMvcR,BASIC_Q_Beck_Anxiety,Q,423,0.02806655459775729,0.5648523878437463,-0.06746165803246025,0.12308484936653334,0.8364160358455474
RAW,MOTOR_ST_RAW_GripMvcR,BASIC_Q_Beck_Depression,Q,423,0.007216633921739136,0.8823530496950439,-0.08819172964215283,0.10249378882066468,0.9307011620071011
RAW,MOTOR_ST_RAW_GripMvcR,BASIC_Q_CogFailure_Sum,Q,423,0.00932460413952505,0.8483567927604104,-0.08609962503917862,0.1045793046156637,0.9155843369858386
RAW,MOTOR_ST_RAW_GripMvcR,BASIC_Q_EHI_Sum,Q,423,-0.023439106033864374,0.6307220599218738,-0.11852190542795435,0.0720696396146859,0.8637571002164304
RAW,MOTOR_ST_RAW_GripMvcR,BASIC_Q_IPAQ_MET,Q,423,-0.018458677893283423,0.7050236757333562,-0.11360641128425751,0.07702456451080197,0.8713615475005045
RAW,MOTOR_ST_RAW_GripMvcR,BASIC_Q_MOCA_SUM,Q,423,-0.014087758587751275,0.7726583788650191,-0.10928863803205831,0.0813692191814299,0.895253058752695
RAW,MOTOR_ST_RAW_GripMvcR,BASIC_Q_MSPSS_Sum,Q,423,-0.039028488033714843,0.4233474354162732,-0.13387797096135318,0.056529553804024,0.8290180102925321
RAW,MOTOR_ST_RAW_GripMvcR,BASIC_Q_PSQI_DaytimeDysfunc,Q,423,0.019895769405838298,0.6832552433372904,-0.07559531585465955,0.1150252445181732,0.8637571002164304
RAW,MOTOR_ST_RAW_GripMvcR,BASIC_Q_PSQI_SleepDisturbance,Q,423,0.034502146495459664,0.4791220545366585,-0.06104635746157737,0.12942405999339002,0.833433726332752
RAW,MOTOR_ST_RAW_GripMvcR,BASIC_Q_PSQI_SleepDuration,Q,423,-0.06539769115210876,0.1794373850376899,-0.15974925157851352,0.03013791413576434,0.6682479082840306
RAW,MOTOR_ST_RAW_GripMvcR,BASIC_Q_PSQI_SleepEfficiency,Q,423,0.08695715979331592,0.07401219812139069,-0.008460668772528705,0.18080574955368695,0.4383799427190064
RAW,MOTOR_ST_RAW_GripMvcR,BASIC_Q_PSQI_SleepLatency,Q,423,0.12443984324484933,0.010414901133216142,0.029441488205709215,0.2172103117431802,0.20048684681441073
RAW,MOTOR_ST_RAW_GripMvcR,BASIC_Q_PSQI_SleepMedication,Q,423,0.004037892011288239,0.9340091611407454,-0.09134495590708154,0.09934732270932499,0.9589160721044986
RAW,MOTOR_ST_RAW_GripMvcR,BASIC_Q_PSQI_SleepQuality,Q,423,0.04048526892784815,0.40623598043435794,-0.055075010107920416,0.13531062581398992,0.8290180102925321
RAW,MOTOR_ST_RAW_GripMvcR,BASIC_Q_PSQI_Sum,Q,423,0.054615183169882224,0.2623809716537507,-0.040945718612726716,0.1491859872142609,0.8290180102925321
RAW,MOTOR_ST_RAW_GripMvcR,BASIC_Q_SF36_EmotionalLimit,Q,423,-0.04127504384726573,0.397133799335309,-0.1360871553930957,0.05428627847604343,0.8290180102925321
RAW,MOTOR_ST_RAW_GripMvcR,BASIC_Q_SF36_EmotionalWell,Q,423,-0.017940577216715096,0.7129321752276855,-0.11309479789201597,0.07753974145496217,0.8713615475005045
RAW,MOTOR_ST_RAW_GripMvcR,BASIC_Q_SF36_Energy,Q,423,0.0009104699656396619,0.9851042045867718,-0.09444540873186193,0.09624979418398376,0.9971651735032768
RAW,MOTOR_ST_RAW_GripMvcR,BASIC_Q_SF36_GeneralHealth,Q,423,-0.049495454293961204,0.30982872312772125,-0.14416278997276957,0.04606964086834208,0.8290180102925321
RAW,MOTOR_ST_RAW_GripMvcR,BASIC_Q_SF36_Mental,Q,423,-0.02106086890684395,0.6657964489374569,-0.11617525657341173,0.07443628674995252,0.8637571002164304
RAW,MOTOR_ST_RAW_GripMvcR,BASIC_Q_SF36_Pain,Q,423,0.03707128545166919,0.44698621015186424,-0.05848311230608345,0.13195255766344666,0.8290180102925321
RAW,MOTOR_ST_RAW_GripMvcR,BASIC_Q_SF36_Physical,Q,423,-0.012819619561696617,0.7926343972384892,-0.10803524559269238,0.08262905944965139,0.895253058752695
RAW,MOTOR_ST_RAW_GripMvcR,BASIC_Q_SF36_PhysicalFunct,Q,423,-0.06497826191519139,0.18224942953200834,-0.1593387542177764,0.0305587453802684,0.6682479082840306
RAW,MOTOR_ST_RAW_GripMvcR,BASIC_Q_SF36_PhysicalLimit,Q,423,0.013132642464861132,0.7876904099130734,-0.08231811333756102,0.1083446566408027,0.895253058752695
RAW,MOTOR_ST_RAW_GripMvcR,BASIC_Q_SF36_SocialFunc,Q,423,0.01221295665790869,0.8022397539472202,-0.08323164446280087,0.10743553022367973,0.895253058752695
RAW,MOTOR_ST_RAW_GripMvcR,LANGUAGE_ST_RAW_SUM,ST,423,0.04646012179375424,0.3404730892165894,-0.04910508688122578,0.14118238270244182,0.8290180102925321
RAW,MOTOR_ST_RAW_GripMvcR,LANGUAGE_ST_SCALED_SIMILARITY,ST,423,-0.03388134328266003,0.4870716582464135,-0.12881289205104063,0.06166554750754578,0.833433726332752
RAW,MOTOR_ST_RAW_GripMvcR,LANGUAGE_ST_SCALED_VOCABULARY,ST,423,0.08819707375962023,0.06996903705629028,-0.007211248190809657,0.1820141264283692,0.4383799427190064
RAW,MOTOR_ST_RAW_GripMvcR,LANGUAGE_ST_SCALED_INFORMATION,ST,423,0.028749505146668967,0.5554171171632107,-0.06678123526099154,0.12375793983231582,0.8364160358455474
RAW,MOTOR_ST_RAW_GripMvcR,LANGUAGE_ST_SCALED_SUM,ST,423,0.034970387323991596,0.4731730746364013,-0.060579284707137006,0.12988498571169915,0.833433726332752
RAW,MOTOR_ST_RAW_GripMvcR,LANGUAGE_ST_NORM_SIMILARITY,ST,423,-0.019828064772035962,0.684275105366263,-0.11495840878446957,0.07566265980220317,0.8637571002164304
RAW,MOTOR_ST_RAW_GripMvcR,LANGUAGE_ST_NORM_VOCABULARY,ST,423,0.11880346339480535,0.014490817277587349,0.023724526381991906,0.2117524883626659,0.22315858607484515
RAW,MOTOR_ST_RAW_GripMvcR,LANGUAGE_ST_NORM_INFORMATION,ST,423,0.016515593293620876,0.7348405817350439,-0.07895642101644053,0.11168739630428233,0.8841050748999746
RAW,MOTOR_ST_RAW_GripMvcR,LANGUAGE_ST_NORM_VCI,ST,423,0.04022970447028686,0.4092077388182623,-0.05533021142990354,0.13505932248669414,0.8290180102925321
RAW,MOTOR_ST_RAW_GripMvcR,LANGUAGE_ST_NORM_PR,ST,423,0.062405137752483034,0.20021648936883607,-0.03313972955056164,0.1568197112231512,0.7007577127909262
RAW,MOTOR_ST_RAW_GripMvcR,MEMORY_ST_NORM_AudImm,ST,423,0.03139464609592151,0.5196139383512636,-0.06414504589018079,0.12636406683468648,0.8364160358455474
RAW,MOTOR_ST_RAW_GripMvcR,MEMORY_ST_NORM_VisImm,ST,423,0.03250429734269704,0.5049556725865879,-0.06303875272654014,0.12745696131679804,0.8364160358455474
RAW,MOTOR_ST_RAW_GripMvcR,MEMORY_ST_NORM_ImmMem,ST,423,0.03720715431559522,0.44532142071727915,-0.05834752004882644,0.1320862428472202,0.8290180102925321
RAW,MOTOR_ST_RAW_GripMvcR,MEMORY_ST_NORM_WorMem,ST,423,0.05298618240406065,0.2769024371446284,-0.04257659901690218,0.14758823027440376,0.8290180102925321
RAW,MOTOR_ST_RAW_GripMvcR,MEMORY_ST_SCALED_AudImm,ST,423,0.02014090085717766,0.6795675573951686,-0.07535148301740752,0.11526722282496352,0.8637571002164304
RAW,MOTOR_ST_RAW_GripMvcR,MEMORY_ST_SCALED_VisImm,ST,423,0.02278119449543743,0.6403466483461973,-0.0727244525416577,0.1178728386687972,0.8637571002164304
RAW,MOTOR_ST_RAW_GripMvcR,MEMORY_ST_SCALED_ImmMem,ST,423,0.023344394002577436,0.6321038123362406,-0.07216391064752392,0.11842847168530178,0.8637571002164304
RAW,MOTOR_ST_RAW_GripMvcR,MEMORY_ST_SCALED_WorMem,ST,423,0.02933194839981242,0.547431479657552,-0.06620087757226045,0.12433190500871319,0.8364160358455474
RAW,MOTOR_ST_RAW_GripMvcR,MEMORY_ST_RAW_AudImm,ST,423,0.03875171537918405,0.4266453022930588,-0.05680585556808213,0.1336057371698649,0.8290180102925321
RAW,MOTOR_ST_RAW_GripMvcR,MEMORY_ST_RAW_VisImm,ST,423,0.01570431596107473,0.7474116366979531,-0.07976279824561956,0.11088595842195473,0.8853953234729598
RAW,MOTOR_ST_RAW_GripMvcR,MEMORY_ST_RAW_ImmMem,ST,423,0.031001222273721443,0.5248630236977733,-0.06453722273372053,0.12597652870936227,0.8364160358455474
RAW,MOTOR_ST_RAW_GripMvcR,MEMORY_ST_RAW_WorMem,ST,423,0.03944973763602787,0.418356701459248,-0.05610899280561123,0.13429228491444042,0.8290180102925321
RAW,MOTOR_ST_RAW_GripMvcR,MEMORY_ST_SCALED_LogMemI,ST,423,0.06657890157400369,0.17169088811163444,-0.028952573302688214,0.16090513243554755,0.6682479082840306
RAW,MOTOR_ST_RAW_GripMvcR,MEMORY_ST_SCALED_FacI,ST,423,-0.05581015388024328,0.2520676497333543,-0.15035772477112172,0.03974904522244022,0.8290180102925321
RAW,MOTOR_ST_RAW_GripMvcR,MEMORY_ST_SCALED_VerPairI,ST,423,-0.010888831571984385,0.8233065940134445,-0.10612632836155418,0.0845466266130651,0.905637253414789
RAW,MOTOR_ST_RAW_GripMvcR,MEMORY_ST_SCALED_FamPicI,ST,423,0.03684043421636038,0.4498228831807899,-0.05871348548234454,0.13172540874761568,0.8290180102925321
RAW,MOTOR_ST_RAW_GripMvcR,MEMORY_ST_SCALED_LetNumSeq,ST,423,-0.004582161168116757,0.925138734000054,-0.09988620082157963,0.090805191256256,0.9589160721044986
RAW,MOTOR_ST_RAW_GripMvcR,MEMORY_ST_SCALED_SpaForward,ST,423,0.10135166821715,0.03718782483594601,0.006062575020100246,0.19481670821331717,0.348630914075944
RAW,MOTOR_ST_RAW_GripMvcR,MEMORY_ST_SCALED_SpaBackward,ST,423,0.042198561809778705,0.38664714791997634,-0.05336382920088782,0.13699503726654436,0.8290180102925321
RAW,MOTOR_ST_RAW_GripMvcR,MEMORY_ST_SCALED_SpaTotal,ST,423,0.07708679559935339,0.11339724967606335,-0.018396096353693093,0.17117632135302557,0.5457242640660549
RAW,MOTOR_ST_RAW_GripMvcR,MOTOR_ST_RAW_HEIGHT,ST,423,-0.1488007178470951,0.0021519223719992857,-0.24073292624506987,-0.05422233387052706,0.055232674214648336
RAW,MOTOR_ST_RAW_GripMvcR,MOTOR_ST_RAW_WEIGHT,ST,423,-0.19878793845468148,3.829529557246079e-05,-0.28866428442142705,-0.105438741278237,0.0014743688795397405
RAW,MOTOR_ST_RAW_GripMvcR,MOTOR_ST_RAW_PegboardSum,ST,423,-0.08071294509414802,0.09735507273004824,-0.1747160465120055,0.014748234026271664,0.5354529000152654
RAW,MOTOR_ST_RAW_GripMvcR,MOTOR_ST_NORM_BMI,ST,422,-0.04949458780493994,0.31041319538892026,-0.14427362585220646,0.04618432367966983,0.8290180102925321
RAW,MOTOR_ST_RAW_GripMvcR,MOTOR_ST_NORM_WHR,ST,422,0.07883277576359651,0.1058464840119798,-0.01675400571246093,0.17299163929378905,0.5433452845948297
RAW,MOTOR_ST_RAW_GripMvcR,MOTOR_ST_NORM_AerobicRating,ST,411,-0.04924634362790993,0.3192785831060293,-0.14528530836476797,0.04771199283504257,0.8290180102925321
RAW,MOTOR_ST_RAW_GripMvcR,MOTOR_ST_NORM_FunctionalReaching,ST,422,-0.21511430539867235,8.264797110892204e-06,-0.30432568920542824,-0.12216220124371059,0.0006363893775386997
RAW,MOTOR_ST_RAW_GripMvcR,MOTOR_ST_NORM_BestLegEyeClose,ST,413,-0.027576249195211507,0.576282285061243,-0.12374327385539526,0.06910394310270007,0.8372403009380323
RAW,MOTOR_ST_RAW_GripMvcR,MOTOR_ST_NORM_PegboardDominant,ST,422,-0.04382020021412783,0.36921547807424593,-0.13870070068753668,0.051857425290294475,0.8290180102925321
RAW,MOTOR_ST_RAW_GripMvcR,MOTOR_ST_NORM_PegboardNondominant,ST,422,-0.09964887983805826,0.04074906787900644,-0.19327107902181156,-0.004228402389465474,0.348630914075944
RAW,MOTOR_ST_RAW_GripMvcR,MOTOR_ST_NORM_PegboardSum,ST,422,-0.02827397799004415,0.5624440262405656,-0.12340161075654878,0.0673685537024165,0.8364160358455474
RAW,MOTOR_ST_RAW_GripMvcR,MOTOR_ST_NORM_PegboardBoth,ST,422,-0.07093608129116896,0.14574539016427843,-0.1652775866090937,0.024691822396500543,0.6234663912583022
RAW,MOTOR_ST_RAW_GripMvcR,MOTOR_ST_NORM_PegboardAssemble,ST,422,-0.10737352063830008,0.02741392841705812,-0.2007762739181628,-0.012036190662985074,0.315732681834349
RAW,MOTOR_ST_RAW_GripMvcR,MOTOR_ST_NORM_WaisSpeed,ST,422,0.10650075748013442,0.028702971075849907,0.011153450212992843,0.19992885376439926,0.315732681834349
RAW,MOTOR_ST_RAW_GripMvcR,MOTOR_ST_SCALED_FineMotor,ST,423,-0.09637804505001035,0.04759668199343052,-0.1899799189955613,-0.0010399215506473602,0.366494451349415
RAW,MOTOR_ST_RAW_GripMvcR,MOTOR_ST_SCALED_Balance,ST,413,-0.07623048975700662,0.12192532875874518,-0.17146550253878226,0.020415995783042547,0.5522500184954929
RAW,MOTOR_ST_RAW_GripMvcR,MOTOR_ST_SCALED_ProcessingSpeed,ST,423,0.038395881007472085,0.43090707568951203,-0.057161063031428296,0.13325571717970405,0.8290180102925321
